id,name,email,city,total_spent
6,Elif Şahin,customer00006@example.com,Ağrı,0
7,Fatma Arslan,customer00007@example.com,Isparta,0
8,Can Çelik,customer00008@example.com,Bolu,0
9,Zeynep Aksoy,customer00009@example.com,Bingöl,0
10,Hakan Kurt,customer00010@example.com,Amasya,0
11,Ahmet Demir,customer00011@example.com,Giresun,0
12,Can Erdoğan,customer00012@example.com,Karabük,0
13,Ahmet Aksoy,customer00013@example.com,Eskişehir,0
14,Ayşe Aksoy,customer00014@example.com,Sakarya,0
15,Can Özdemir,customer00015@example.com,Iğdır,0
16,Eren Yılmaz,customer00016@example.com,Diyarbakır,0
17,Ayşe Kurt,customer00017@example.com,Malatya,0
18,Eren Çelik,customer00018@example.com,Giresun,0
19,Seda Kılıç,customer00019@example.com,Bolu,0
20,Mustafa Koç,customer00020@example.com,Bitlis,0
21,Kerem Aslan,customer00021@example.com,Karabük,0
22,Eren Kaya,customer00022@example.com,Tekirdağ,0
23,Onur Şahin,customer00023@example.com,Muş,0
24,Mustafa Aksoy,customer00024@example.com,Kayseri,0
25,Ceren Tekin,customer00025@example.com,Mardin,0
26,Hakan Aydın,customer00026@example.com,Aydın,0
27,Mehmet Öztürk,customer00027@example.com,Kayseri,0
28,Mustafa Öztürk,customer00028@example.com,Bitlis,0
29,Berk Arslan,customer00029@example.com,Tekirdağ,0
30,Elif Aslan,customer00030@example.com,Diyarbakır,0
31,Kerem Aslan,customer00031@example.com,Gaziantep,0
32,Zeynep Arslan,customer00032@example.com,Balıkesir,0
33,Barış Yıldız,customer00033@example.com,Bayburt,0
34,Fatma Öztürk,customer00034@example.com,Diyarbakır,0
35,Kaan Koç,customer00035@example.com,İzmir,0
36,Derya Aksoy,customer00036@example.com,Gümüşhane,0
37,Zeynep Kılıç,customer00037@example.com,Artvin,0
38,Can Kaya,customer00038@example.com,Kocaeli,0
39,Berk Arslan,customer00039@example.com,Aydın,0
40,Burak Güneş,customer00040@example.com,Kocaeli,0
41,Burak Polat,customer00041@example.com,Niğde,0
42,Melis Özdemir,customer00042@example.com,Çorum,0
43,Eren Çelik,customer00043@example.com,Isparta,0
44,Fatma Aksoy,customer00044@example.com,Bayburt,0
45,Eren Güneş,customer00045@example.com,Samsun,0
46,Melis Güneş,customer00046@example.com,Ordu,0
47,Kerem Öztürk,customer00047@example.com,Çankırı,0
48,Serkan Polat,customer00048@example.com,Bingöl,0
49,Seda Kaya,customer00049@example.com,Burdur,0
50,Emre Yıldız,customer00050@example.com,Samsun,0
51,Barış Demir,customer00051@example.com,Nevşehir,0
52,Berk Tekin,customer00052@example.com,Tokat,0
53,Serkan Arslan,customer00053@example.com,Kırıkkale,0
54,Buse Yılmaz,customer00054@example.com,Burdur,0
55,Zeynep Aksoy,customer00055@example.com,İzmir,0
56,Seda Kılıç,customer00056@example.com,Burdur,0
57,Mert Kurt,customer00057@example.com,Diyarbakır,0
58,Kaan Yılmaz,customer00058@example.com,İstanbul,0
59,Serkan Yıldız,customer00059@example.com,Van,0
60,Derya Şahin,customer00060@example.com,Düzce,0
61,Mert Erdoğan,customer00061@example.com,Karabük,0
62,Burak Çelik,customer00062@example.com,Muğla,0
63,Seda Yıldız,customer00063@example.com,Karaman,0
64,Seda Erdoğan,customer00064@example.com,Adana,0
65,Barış Kılıç,customer00065@example.com,Şanlıurfa,0
66,Ahmet Şahin,customer00066@example.com,Mardin,0
67,Melis Doğan,customer00067@example.com,Hatay,0
68,Mehmet Öztürk,customer00068@example.com,Şırnak,0
69,Mustafa Demir,customer00069@example.com,Şanlıurfa,0
70,Ceren Demir,customer00070@example.com,Bayburt,0
71,Seda Çelik,customer00071@example.com,Çanakkale,0
72,Zeynep Polat,customer00072@example.com,Kırıkkale,0
73,Yusuf Arslan,customer00073@example.com,Aksaray,0
74,Buse Tekin,customer00074@example.com,Samsun,0
75,Burak Aksoy,customer00075@example.com,Eskişehir,0
76,Ayşe Doğan,customer00076@example.com,Ordu,0
77,Zeynep Aslan,customer00077@example.com,Sinop,0
78,Melis Erdoğan,customer00078@example.com,Sivas,0
79,Ali Öztürk,customer00079@example.com,Gümüşhane,0
80,Mustafa Kılıç,customer00080@example.com,Afyonkarahisar,0
81,Hakan Aksoy,customer00081@example.com,Hakkari,0
82,Hakan Öztürk,customer00082@example.com,Adana,0
83,Mustafa Kaya,customer00083@example.com,Hakkari,0
84,Mustafa Kaya,customer00084@example.com,Kütahya,0
85,Mustafa Erdoğan,customer00085@example.com,Hatay,0
86,Eren Polat,customer00086@example.com,Giresun,0
87,Onur Çelik,customer00087@example.com,Bartın,0
88,Hakan Polat,customer00088@example.com,Isparta,0
89,Ece Polat,customer00089@example.com,Rize,0
90,Burak Şahin,customer00090@example.com,Bitlis,0
91,Zeynep Kurt,customer00091@example.com,Kahramanmaraş,0
92,Furkan Kurt,customer00092@example.com,Tokat,0
93,Buse Kaya,customer00093@example.com,Bitlis,0
94,Mehmet Koç,customer00094@example.com,Malatya,0
95,Ece Şahin,customer00095@example.com,Isparta,0
96,Burak Aydın,customer00096@example.com,Bayburt,0
97,Kaan Çelik,customer00097@example.com,Samsun,0
98,Yusuf Arslan,customer00098@example.com,Tokat,0
99,Can Demir,customer00099@example.com,Sinop,0
100,Ece Aksoy,customer00100@example.com,Bitlis,0
101,Mehmet Aksoy,customer00101@example.com,Adıyaman,0
102,Mustafa Öztürk,customer00102@example.com,Edirne,0
103,Furkan Polat,customer00103@example.com,Tunceli,0
104,Burak Koç,customer00104@example.com,Artvin,0
105,Yusuf Koç,customer00105@example.com,Adana,0
106,Berk Arslan,customer00106@example.com,Tekirdağ,0
107,Mert Kurt,customer00107@example.com,Batman,0
108,Zeynep Polat,customer00108@example.com,Denizli,0
109,Burak Doğan,customer00109@example.com,Giresun,0
110,Mehmet Güneş,customer00110@example.com,Karaman,0
111,Mehmet Kılıç,customer00111@example.com,Artvin,0
112,Mehmet Güneş,customer00112@example.com,Tunceli,0
113,Serkan Erdoğan,customer00113@example.com,Diyarbakır,0
114,Mehmet Erdoğan,customer00114@example.com,Bilecik,0
115,Buse Yıldız,customer00115@example.com,Aydın,0
116,Barış Demir,customer00116@example.com,Hatay,0
117,Berk Şahin,customer00117@example.com,Şırnak,0
118,Can Güneş,customer00118@example.com,Yalova,0
119,Mehmet Tekin,customer00119@example.com,Bilecik,0
120,Furkan Güneş,customer00120@example.com,Şırnak,0
121,Serkan Kılıç,customer00121@example.com,İstanbul,0
122,Burak Kılıç,customer00122@example.com,Hatay,0
123,Eren Koç,customer00123@example.com,Çanakkale,0
124,Zeynep Doğan,customer00124@example.com,Tekirdağ,0
125,Ömer Demir,customer00125@example.com,Adıyaman,0
126,Kaan Tekin,customer00126@example.com,Şırnak,0
127,Ali Demir,customer00127@example.com,Bayburt,0
128,Burak Erdoğan,customer00128@example.com,İstanbul,0
129,Emre Aslan,customer00129@example.com,Aydın,0
130,Melis Öztürk,customer00130@example.com,Muğla,0
131,Mert Yıldız,customer00131@example.com,Sinop,0
132,Ceren Aksoy,customer00132@example.com,Kırklareli,0
133,Barış Erdoğan,customer00133@example.com,Adıyaman,0
134,Zeynep Aksoy,customer00134@example.com,Kırklareli,0
135,Derya Şahin,customer00135@example.com,Çankırı,0
136,Eren Şahin,customer00136@example.com,Bolu,0
137,Fatma Aksoy,customer00137@example.com,Denizli,0
138,Eren Doğan,customer00138@example.com,Karabük,0
139,Burak Kılıç,customer00139@example.com,Gaziantep,0
140,Zeynep Arslan,customer00140@example.com,Van,0
141,Arda Arslan,customer00141@example.com,Antalya,0
142,Mustafa Kurt,customer00142@example.com,Kars,0
143,Mehmet Yılmaz,customer00143@example.com,Kütahya,0
144,Seda Çelik,customer00144@example.com,İstanbul,0
145,Yusuf Özdemir,customer00145@example.com,Kırıkkale,0
146,Ayşe Kurt,customer00146@example.com,Batman,0
147,Ahmet Şahin,customer00147@example.com,Balıkesir,0
148,Melis Çelik,customer00148@example.com,Karaman,0
149,Mehmet Aslan,customer00149@example.com,Ardahan,0
150,Onur Çelik,customer00150@example.com,Siirt,0
151,Emre Kaya,customer00151@example.com,Kırşehir,0
152,Kerem Kaya,customer00152@example.com,Kahramanmaraş,0
153,Burak Öztürk,customer00153@example.com,Bolu,0
154,Kerem Aksoy,customer00154@example.com,Rize,0
155,Barış Çelik,customer00155@example.com,Hatay,0
156,Buse Yıldız,customer00156@example.com,Elazığ,0
157,Melis Kurt,customer00157@example.com,Ağrı,0
158,Yusuf Kılıç,customer00158@example.com,Rize,0
159,Ece Öztürk,customer00159@example.com,İzmir,0
160,Yusuf Şahin,customer00160@example.com,Muş,0
161,Buse Kaya,customer00161@example.com,Trabzon,0
162,Can Aydın,customer00162@example.com,Tekirdağ,0
163,Kerem Doğan,customer00163@example.com,Hakkari,0
164,Can Yılmaz,customer00164@example.com,Erzurum,0
165,Berk Kılıç,customer00165@example.com,Kars,0
166,Buse Demir,customer00166@example.com,Kars,0
167,Kerem Erdoğan,customer00167@example.com,Ordu,0
168,Zeynep Aksoy,customer00168@example.com,Kütahya,0
169,Ahmet Şahin,customer00169@example.com,İstanbul,0
170,Yusuf Güneş,customer00170@example.com,İstanbul,0
171,Mehmet Şahin,customer00171@example.com,Yalova,0
172,Furkan Aslan,customer00172@example.com,Kocaeli,0
173,Furkan Tekin,customer00173@example.com,Yozgat,0
174,Ali Koç,customer00174@example.com,Bartın,0
175,Burak Arslan,customer00175@example.com,Ankara,0
176,Ayşe Kurt,customer00176@example.com,Adana,0
177,Serkan Aksoy,customer00177@example.com,Eskişehir,0
178,Kerem Kurt,customer00178@example.com,Aydın,0
179,Zeynep Kılıç,customer00179@example.com,Osmaniye,0
180,Ömer Şahin,customer00180@example.com,Kırklareli,0
181,Serkan Doğan,customer00181@example.com,Rize,0
182,Ömer Koç,customer00182@example.com,Kayseri,0
183,Onur Çelik,customer00183@example.com,Erzurum,0
184,Furkan Koç,customer00184@example.com,Elazığ,0
185,Barış Güneş,customer00185@example.com,Kırklareli,0
186,Berk Aksoy,customer00186@example.com,Adana,0
187,Mert Doğan,customer00187@example.com,Gaziantep,0
188,Furkan Güneş,customer00188@example.com,Karabük,0
189,Elif Kılıç,customer00189@example.com,Tokat,0
190,Kaan Özdemir,customer00190@example.com,Giresun,0
191,Serkan Polat,customer00191@example.com,Edirne,0
192,Zeynep Demir,customer00192@example.com,Kastamonu,0
193,Serkan Tekin,customer00193@example.com,Kütahya,0
194,Mustafa Öztürk,customer00194@example.com,Kırşehir,0
195,Can Aydın,customer00195@example.com,Çorum,0
196,Ahmet Kaya,customer00196@example.com,Isparta,0
197,Arda Tekin,customer00197@example.com,Balıkesir,0
198,Kaan Kurt,customer00198@example.com,Düzce,0
199,Hakan Aydın,customer00199@example.com,Nevşehir,0
200,Arda Koç,customer00200@example.com,Isparta,0
201,Emre Yılmaz,customer00201@example.com,Bolu,0
202,Seda Kurt,customer00202@example.com,Gümüşhane,0
203,Yusuf Erdoğan,customer00203@example.com,Tokat,0
204,Mehmet Aksoy,customer00204@example.com,Isparta,0
205,Derya Şahin,customer00205@example.com,Tekirdağ,0
206,Emre Özdemir,customer00206@example.com,Aksaray,0
207,Onur Tekin,customer00207@example.com,Kocaeli,0
208,Seda Özdemir,customer00208@example.com,Kilis,0
209,Ceren Erdoğan,customer00209@example.com,Samsun,0
210,Ceren Aksoy,customer00210@example.com,Sivas,0
211,Melis Yıldız,customer00211@example.com,Trabzon,0
212,Kaan Arslan,customer00212@example.com,Isparta,0
213,Ceren Arslan,customer00213@example.com,Zonguldak,0
214,Arda Öztürk,customer00214@example.com,Kars,0
215,Kaan Demir,customer00215@example.com,Kastamonu,0
216,Can Arslan,customer00216@example.com,Kütahya,0
217,Ömer Aksoy,customer00217@example.com,Bilecik,0
218,Emre Çelik,customer00218@example.com,Hakkari,0
219,Berk Çelik,customer00219@example.com,Giresun,0
220,Mustafa Kurt,customer00220@example.com,Rize,0
221,Ömer Aksoy,customer00221@example.com,Tokat,0
222,Furkan Kaya,customer00222@example.com,Gaziantep,0
223,Ceren Kurt,customer00223@example.com,Nevşehir,0
224,Melis Güneş,customer00224@example.com,Afyonkarahisar,0
225,Buse Güneş,customer00225@example.com,Muş,0
226,Arda Yılmaz,customer00226@example.com,Kahramanmaraş,0
227,Mert Koç,customer00227@example.com,Sakarya,0
228,Onur Aksoy,customer00228@example.com,Karabük,0
229,Melis Öztürk,customer00229@example.com,Şanlıurfa,0
230,Can Arslan,customer00230@example.com,Siirt,0
231,Arda Yılmaz,customer00231@example.com,Nevşehir,0
232,Ömer Koç,customer00232@example.com,Edirne,0
233,Ceren Özdemir,customer00233@example.com,Çanakkale,0
234,Barış Aksoy,customer00234@example.com,Ağrı,0
235,Derya Koç,customer00235@example.com,Iğdır,0
236,Hakan Yılmaz,customer00236@example.com,Bilecik,0
237,Elif Kurt,customer00237@example.com,Çankırı,0
238,Buse Özdemir,customer00238@example.com,Erzincan,0
239,Mehmet Arslan,customer00239@example.com,Muş,0
240,Ömer Aydın,customer00240@example.com,Tekirdağ,0
241,Ömer Kılıç,customer00241@example.com,Muş,0
242,Eren Kurt,customer00242@example.com,Mersin,0
243,Ceren Demir,customer00243@example.com,Trabzon,0
244,Ahmet Aksoy,customer00244@example.com,Antalya,0
245,Kerem Öztürk,customer00245@example.com,Aydın,0
246,Seda Kaya,customer00246@example.com,Ağrı,0
247,Can Aydın,customer00247@example.com,Afyonkarahisar,0
248,Barış Çelik,customer00248@example.com,Hatay,0
249,Emre Polat,customer00249@example.com,Burdur,0
250,Hakan Aydın,customer00250@example.com,Tokat,0
251,Ayşe Arslan,customer00251@example.com,Muğla,0
252,Yusuf Tekin,customer00252@example.com,Karabük,0
253,Fatma Şahin,customer00253@example.com,Diyarbakır,0
254,Mert Şahin,customer00254@example.com,Ardahan,0
255,Ahmet Doğan,customer00255@example.com,Bartın,0
256,Zeynep Koç,customer00256@example.com,Niğde,0
257,Ayşe Aydın,customer00257@example.com,Balıkesir,0
258,Hakan Öztürk,customer00258@example.com,Bolu,0
259,Ayşe Doğan,customer00259@example.com,Yalova,0
260,Ece Şahin,customer00260@example.com,Şırnak,0
261,Ece Kaya,customer00261@example.com,Manisa,0
262,Onur Kurt,customer00262@example.com,Muğla,0
263,Mustafa Erdoğan,customer00263@example.com,Malatya,0
264,Ahmet Kurt,customer00264@example.com,Şanlıurfa,0
265,Ali Kurt,customer00265@example.com,Mardin,0
266,Elif Özdemir,customer00266@example.com,Denizli,0
267,Furkan Yıldız,customer00267@example.com,Zonguldak,0
268,Elif Arslan,customer00268@example.com,Kilis,0
269,Ece Aksoy,customer00269@example.com,Tunceli,0
270,Kaan Kurt,customer00270@example.com,Iğdır,0
271,Eren Kılıç,customer00271@example.com,Isparta,0
272,Ceren Demir,customer00272@example.com,Kars,0
273,Melis Özdemir,customer00273@example.com,Isparta,0
274,Seda Özdemir,customer00274@example.com,Şırnak,0
275,Barış Koç,customer00275@example.com,Malatya,0
276,Ahmet Polat,customer00276@example.com,Konya,0
277,Yusuf Polat,customer00277@example.com,Giresun,0
278,Kerem Arslan,customer00278@example.com,Malatya,0
279,Eren Tekin,customer00279@example.com,Kars,0
280,Onur Yılmaz,customer00280@example.com,Zonguldak,0
281,Burak Demir,customer00281@example.com,Hatay,0
282,Fatma Kurt,customer00282@example.com,Şanlıurfa,0
283,Onur Öztürk,customer00283@example.com,Trabzon,0
284,Elif Polat,customer00284@example.com,Sivas,0
285,Ece Yılmaz,customer00285@example.com,Bingöl,0
286,Mert Öztürk,customer00286@example.com,Ordu,0
287,Ayşe Öztürk,customer00287@example.com,Kırşehir,0
288,Zeynep Güneş,customer00288@example.com,Muğla,0
289,Arda Aksoy,customer00289@example.com,Aksaray,0
290,Kerem Kurt,customer00290@example.com,Kırıkkale,0
291,Ömer Aslan,customer00291@example.com,Tekirdağ,0
292,Eren Doğan,customer00292@example.com,Mersin,0
293,Can Şahin,customer00293@example.com,Erzurum,0
294,Ömer Şahin,customer00294@example.com,Bayburt,0
295,Seda Yıldız,customer00295@example.com,Erzurum,0
296,Burak Polat,customer00296@example.com,Kars,0
297,Fatma Güneş,customer00297@example.com,Aksaray,0
298,Barış Doğan,customer00298@example.com,Bitlis,0
299,Ceren Aydın,customer00299@example.com,Kayseri,0
300,Can Aslan,customer00300@example.com,Elazığ,0
301,Mert Yılmaz,customer00301@example.com,Bayburt,0
302,Emre Arslan,customer00302@example.com,Ankara,0
303,Mehmet Aksoy,customer00303@example.com,Kayseri,0
304,Ayşe Çelik,customer00304@example.com,Şanlıurfa,0
305,Ali Yılmaz,customer00305@example.com,Bartın,0
306,Mert Polat,customer00306@example.com,Tunceli,0
307,Kaan Kılıç,customer00307@example.com,Erzincan,0
308,Mehmet Arslan,customer00308@example.com,Tunceli,0
309,Ali Demir,customer00309@example.com,Ordu,0
310,Arda Demir,customer00310@example.com,Bartın,0
311,Elif Kaya,customer00311@example.com,Denizli,0
312,Emre Güneş,customer00312@example.com,Kırklareli,0
313,Mustafa Öztürk,customer00313@example.com,Bursa,0
314,Onur Kurt,customer00314@example.com,Karabük,0
315,Barış Tekin,customer00315@example.com,Gümüşhane,0
316,Seda Erdoğan,customer00316@example.com,Muş,0
317,Kaan Özdemir,customer00317@example.com,Kırklareli,0
318,Buse Güneş,customer00318@example.com,Samsun,0
319,Mert Güneş,customer00319@example.com,Osmaniye,0
320,Mehmet Tekin,customer00320@example.com,Bitlis,0
321,Seda Aydın,customer00321@example.com,Düzce,0
322,Burak Arslan,customer00322@example.com,Bilecik,0
323,Yusuf Öztürk,customer00323@example.com,Elazığ,0
324,Onur Demir,customer00324@example.com,Diyarbakır,0
325,Ahmet Kurt,customer00325@example.com,Sivas,0
326,Ayşe Tekin,customer00326@example.com,Trabzon,0
327,Mert Kaya,customer00327@example.com,Hakkari,0
328,Mert Doğan,customer00328@example.com,Tekirdağ,0
329,Mustafa Öztürk,customer00329@example.com,İstanbul,0
330,Ece Güneş,customer00330@example.com,Eskişehir,0
331,Furkan Şahin,customer00331@example.com,Karaman,0
332,Can Çelik,customer00332@example.com,İzmir,0
333,Ceren Çelik,customer00333@example.com,Balıkesir,0
334,Mehmet Yıldız,customer00334@example.com,Kırşehir,0
335,Barış Güneş,customer00335@example.com,Kastamonu,0
336,Kaan Şahin,customer00336@example.com,Tokat,0
337,Ayşe Doğan,customer00337@example.com,Ordu,0
338,Eren Erdoğan,customer00338@example.com,Karaman,0
339,Arda Özdemir,customer00339@example.com,Bilecik,0
340,Barış Kaya,customer00340@example.com,Siirt,0
341,Fatma Kılıç,customer00341@example.com,Karabük,0
342,Eren Yılmaz,customer00342@example.com,Bingöl,0
343,Can Güneş,customer00343@example.com,Iğdır,0
344,Ahmet Arslan,customer00344@example.com,Bartın,0
345,Mehmet Yıldız,customer00345@example.com,Trabzon,0
346,Serkan Özdemir,customer00346@example.com,Kars,0
347,Yusuf Güneş,customer00347@example.com,Siirt,0
348,Elif Polat,customer00348@example.com,Bingöl,0
349,Arda Aslan,customer00349@example.com,Rize,0
350,Ömer Kılıç,customer00350@example.com,Bolu,0
351,Buse Yıldız,customer00351@example.com,Kütahya,0
352,Furkan Polat,customer00352@example.com,Kastamonu,0
353,Zeynep Koç,customer00353@example.com,Kırıkkale,0
354,Mehmet Özdemir,customer00354@example.com,Bingöl,0
355,Ömer Arslan,customer00355@example.com,Konya,0
356,Ali Koç,customer00356@example.com,Yozgat,0
357,Ceren Yılmaz,customer00357@example.com,Karaman,0
358,Kaan Kurt,customer00358@example.com,Antalya,0
359,Burak Erdoğan,customer00359@example.com,Mardin,0
360,Barış Polat,customer00360@example.com,Düzce,0
361,Kaan Kaya,customer00361@example.com,Gaziantep,0
362,Eren Aksoy,customer00362@example.com,Çanakkale,0
363,Derya Doğan,customer00363@example.com,Sinop,0
364,Melis Polat,customer00364@example.com,Bursa,0
365,Ahmet Tekin,customer00365@example.com,Hatay,0
366,Ayşe Yıldız,customer00366@example.com,Kırşehir,0
367,Onur Yılmaz,customer00367@example.com,Kırıkkale,0
368,Furkan Demir,customer00368@example.com,Gümüşhane,0
369,Ceren Şahin,customer00369@example.com,Tokat,0
370,Ali Çelik,customer00370@example.com,Uşak,0
371,Derya Doğan,customer00371@example.com,Yozgat,0
372,Ayşe Arslan,customer00372@example.com,Sakarya,0
373,Ceren Polat,customer00373@example.com,Trabzon,0
374,Can Özdemir,customer00374@example.com,Kırıkkale,0
375,Emre Koç,customer00375@example.com,Erzurum,0
376,Derya Tekin,customer00376@example.com,Yozgat,0
377,Fatma Çelik,customer00377@example.com,Aydın,0
378,Eren Kurt,customer00378@example.com,Malatya,0
379,Derya Erdoğan,customer00379@example.com,İzmir,0
380,Ceren Yılmaz,customer00380@example.com,Kastamonu,0
381,Fatma Doğan,customer00381@example.com,Iğdır,0
382,Hakan Polat,customer00382@example.com,Denizli,0
383,Kaan Aksoy,customer00383@example.com,Tunceli,0
384,Kerem Kılıç,customer00384@example.com,Kırıkkale,0
385,Seda Aksoy,customer00385@example.com,Muş,0
386,Kaan Kılıç,customer00386@example.com,Erzurum,0
387,Ayşe Öztürk,customer00387@example.com,Bartın,0
388,Berk Öztürk,customer00388@example.com,Rize,0
389,Mehmet Kılıç,customer00389@example.com,Trabzon,0
390,Ayşe Koç,customer00390@example.com,Nevşehir,0
391,Zeynep Çelik,customer00391@example.com,Uşak,0
392,Mehmet Çelik,customer00392@example.com,Van,0
393,Hakan Kılıç,customer00393@example.com,Bitlis,0
394,Buse Özdemir,customer00394@example.com,Bitlis,0
395,Serkan Özdemir,customer00395@example.com,Adıyaman,0
396,Fatma Çelik,customer00396@example.com,Rize,0
397,Buse Çelik,customer00397@example.com,Balıkesir,0
398,Arda Arslan,customer00398@example.com,Malatya,0
399,Barış Koç,customer00399@example.com,Bilecik,0
400,Buse Kılıç,customer00400@example.com,Bayburt,0
401,Berk Kılıç,customer00401@example.com,Düzce,0
402,Ayşe Polat,customer00402@example.com,Karaman,0
403,Mehmet Tekin,customer00403@example.com,Aydın,0
404,Can Doğan,customer00404@example.com,Hakkari,0
405,Fatma Demir,customer00405@example.com,Siirt,0
406,Ali Şahin,customer00406@example.com,Sinop,0
407,Yusuf Doğan,customer00407@example.com,Ağrı,0
408,Mehmet Kılıç,customer00408@example.com,Artvin,0
409,Mert Aslan,customer00409@example.com,Muğla,0
410,Furkan Çelik,customer00410@example.com,Isparta,0
411,Serkan Kurt,customer00411@example.com,Şırnak,0
412,Zeynep Yıldız,customer00412@example.com,Edirne,0
413,Yusuf Demir,customer00413@example.com,Kilis,0
414,Buse Koç,customer00414@example.com,Osmaniye,0
415,Zeynep Öztürk,customer00415@example.com,Uşak,0
416,Derya Güneş,customer00416@example.com,Çorum,0
417,Can Özdemir,customer00417@example.com,Mersin,0
418,Kaan Arslan,customer00418@example.com,Adıyaman,0
419,Melis Özdemir,customer00419@example.com,Kastamonu,0
420,Zeynep Aksoy,customer00420@example.com,Diyarbakır,0
421,Mustafa Özdemir,customer00421@example.com,Manisa,0
422,Hakan Doğan,customer00422@example.com,Samsun,0
423,Ayşe Arslan,customer00423@example.com,Tekirdağ,0
424,Buse Doğan,customer00424@example.com,Eskişehir,0
425,Berk Polat,customer00425@example.com,Bolu,0
426,Can Koç,customer00426@example.com,Bartın,0
427,Kerem Güneş,customer00427@example.com,Kayseri,0
428,Ayşe Doğan,customer00428@example.com,Afyonkarahisar,0
429,Ceren Koç,customer00429@example.com,Kars,0
430,Ahmet Güneş,customer00430@example.com,Antalya,0
431,Derya Tekin,customer00431@example.com,Uşak,0
432,Ceren Doğan,customer00432@example.com,Hakkari,0
433,Barış Aslan,customer00433@example.com,Gümüşhane,0
434,Elif Aydın,customer00434@example.com,Osmaniye,0
435,Eren Çelik,customer00435@example.com,Düzce,0
436,Ali Kaya,customer00436@example.com,Kırşehir,0
437,Ece Özdemir,customer00437@example.com,Amasya,0
438,Hakan Aslan,customer00438@example.com,Çanakkale,0
439,Mustafa Doğan,customer00439@example.com,Konya,0
440,Fatma Kurt,customer00440@example.com,Elazığ,0
441,Burak Çelik,customer00441@example.com,Karaman,0
442,Melis Aslan,customer00442@example.com,Aksaray,0
443,Serkan Arslan,customer00443@example.com,Edirne,0
444,Eren Polat,customer00444@example.com,Kayseri,0
445,Fatma Kılıç,customer00445@example.com,Burdur,0
446,Kaan Demir,customer00446@example.com,Çorum,0
447,Seda Öztürk,customer00447@example.com,Niğde,0
448,Buse Aksoy,customer00448@example.com,Mardin,0
449,Mustafa Koç,customer00449@example.com,Adıyaman,0
450,Eren Aksoy,customer00450@example.com,Bursa,0
451,Kaan Aslan,customer00451@example.com,İstanbul,0
452,Hakan Koç,customer00452@example.com,Muğla,0
453,Ali Öztürk,customer00453@example.com,Trabzon,0
454,Ahmet Tekin,customer00454@example.com,Batman,0
455,Ömer Tekin,customer00455@example.com,Gümüşhane,0
456,Elif Demir,customer00456@example.com,Tokat,0
457,Derya Doğan,customer00457@example.com,Rize,0
458,Ali Çelik,customer00458@example.com,Ankara,0
459,Mehmet Doğan,customer00459@example.com,Uşak,0
460,Ali Şahin,customer00460@example.com,Hatay,0
461,Melis Aksoy,customer00461@example.com,Çankırı,0
462,Berk Özdemir,customer00462@example.com,Muğla,0
463,Zeynep Aksoy,customer00463@example.com,Sakarya,0
464,Hakan Çelik,customer00464@example.com,Sakarya,0
465,Elif Şahin,customer00465@example.com,Şanlıurfa,0
466,Barış Kurt,customer00466@example.com,Kars,0
467,Mehmet Aslan,customer00467@example.com,Giresun,0
468,Kaan Özdemir,customer00468@example.com,Hatay,0
469,Buse Aslan,customer00469@example.com,Bitlis,0
470,Zeynep Aslan,customer00470@example.com,Karaman,0
471,Melis Aslan,customer00471@example.com,Artvin,0
472,Berk Arslan,customer00472@example.com,Erzurum,0
473,Ali Özdemir,customer00473@example.com,Bingöl,0
474,Zeynep Aydın,customer00474@example.com,Yalova,0
475,Ahmet Kaya,customer00475@example.com,Kütahya,0
476,Can Çelik,customer00476@example.com,Şırnak,0
477,Burak Demir,customer00477@example.com,Kırıkkale,0
478,Burak Güneş,customer00478@example.com,Giresun,0
479,Ceren Öztürk,customer00479@example.com,Kütahya,0
480,Seda Çelik,customer00480@example.com,Yalova,0
481,Ahmet Arslan,customer00481@example.com,Çorum,0
482,Emre Aksoy,customer00482@example.com,Mersin,0
483,Ece Yıldız,customer00483@example.com,Burdur,0
484,Zeynep Yılmaz,customer00484@example.com,Çanakkale,0
485,Ahmet Aslan,customer00485@example.com,Hatay,0
486,Hakan Kılıç,customer00486@example.com,Afyonkarahisar,0
487,Yusuf Arslan,customer00487@example.com,Antalya,0
488,Emre Kurt,customer00488@example.com,Aksaray,0
489,Ali Demir,customer00489@example.com,Trabzon,0
490,Kaan Aslan,customer00490@example.com,Yozgat,0
491,Hakan Şahin,customer00491@example.com,Sivas,0
492,Serkan Öztürk,customer00492@example.com,Kilis,0
493,Mehmet Erdoğan,customer00493@example.com,Kırklareli,0
494,Kaan Yılmaz,customer00494@example.com,Artvin,0
495,Arda Koç,customer00495@example.com,Samsun,0
496,Zeynep Şahin,customer00496@example.com,Şanlıurfa,0
497,Ayşe Özdemir,customer00497@example.com,Balıkesir,0
498,Melis Demir,customer00498@example.com,Konya,0
499,Barış Çelik,customer00499@example.com,Aydın,0
500,Emre Arslan,customer00500@example.com,Osmaniye,0
501,Elif Güneş,customer00501@example.com,Kırıkkale,0
502,Ayşe Kılıç,customer00502@example.com,Muş,0
503,Barış Erdoğan,customer00503@example.com,Kayseri,0
504,Kaan Erdoğan,customer00504@example.com,Karabük,0
505,Furkan Şahin,customer00505@example.com,Burdur,0
506,Buse Aksoy,customer00506@example.com,Giresun,0
507,Furkan Özdemir,customer00507@example.com,Hakkari,0
508,Furkan Kılıç,customer00508@example.com,Tekirdağ,0
509,Berk Kurt,customer00509@example.com,Bitlis,0
510,Ömer Kurt,customer00510@example.com,Kocaeli,0
511,Zeynep Arslan,customer00511@example.com,Muğla,0
512,Emre Polat,customer00512@example.com,Aydın,0
513,Mustafa Demir,customer00513@example.com,Bingöl,0
514,Furkan Şahin,customer00514@example.com,Muğla,0
515,Ece Çelik,customer00515@example.com,Batman,0
516,Mehmet Güneş,customer00516@example.com,Batman,0
517,Onur Kılıç,customer00517@example.com,Bursa,0
518,Furkan Aslan,customer00518@example.com,Samsun,0
519,Buse Kaya,customer00519@example.com,Kastamonu,0
520,Barış Doğan,customer00520@example.com,Kahramanmaraş,0
521,Ali Güneş,customer00521@example.com,Van,0
522,Burak Çelik,customer00522@example.com,Tunceli,0
523,Can Şahin,customer00523@example.com,Manisa,0
524,Buse Aksoy,customer00524@example.com,Muğla,0
525,Ali Arslan,customer00525@example.com,Bartın,0
526,Can Kurt,customer00526@example.com,Batman,0
527,Seda Tekin,customer00527@example.com,Kilis,0
528,Zeynep Aksoy,customer00528@example.com,Ağrı,0
529,Barış Arslan,customer00529@example.com,Ağrı,0
530,Yusuf Arslan,customer00530@example.com,Kırşehir,0
531,Derya Kılıç,customer00531@example.com,Manisa,0
532,Ahmet Yıldız,customer00532@example.com,Çorum,0
533,Hakan Koç,customer00533@example.com,Aydın,0
534,Emre Yılmaz,customer00534@example.com,Bingöl,0
535,Fatma Erdoğan,customer00535@example.com,Giresun,0
536,Berk Kurt,customer00536@example.com,Tekirdağ,0
537,Ömer Yıldız,customer00537@example.com,Muğla,0
538,Mert Kılıç,customer00538@example.com,Şırnak,0
539,Barış Demir,customer00539@example.com,Antalya,0
540,Emre Yıldız,customer00540@example.com,Osmaniye,0
541,Mehmet Demir,customer00541@example.com,İzmir,0
542,Kaan Kurt,customer00542@example.com,Şanlıurfa,0
543,Barış Özdemir,customer00543@example.com,Sakarya,0
544,Eren Aydın,customer00544@example.com,Yozgat,0
545,Ali Aslan,customer00545@example.com,Siirt,0
546,Ali Doğan,customer00546@example.com,Iğdır,0
547,Arda Erdoğan,customer00547@example.com,Kırşehir,0
548,Mehmet Öztürk,customer00548@example.com,Niğde,0
549,Barış Kaya,customer00549@example.com,Adana,0
550,Burak Doğan,customer00550@example.com,Giresun,0
551,Seda Çelik,customer00551@example.com,Mersin,0
552,Mert Kılıç,customer00552@example.com,Bursa,0
553,Ahmet Polat,customer00553@example.com,Siirt,0
554,Yusuf Çelik,customer00554@example.com,Muş,0
555,Onur Öztürk,customer00555@example.com,Van,0
556,Onur Aslan,customer00556@example.com,Balıkesir,0
557,Berk Kaya,customer00557@example.com,Siirt,0
558,Ahmet Özdemir,customer00558@example.com,Balıkesir,0
559,Buse Kılıç,customer00559@example.com,Bartın,0
560,Furkan Güneş,customer00560@example.com,Ordu,0
561,Ayşe Kurt,customer00561@example.com,Kayseri,0
562,Ali Koç,customer00562@example.com,Afyonkarahisar,0
563,Ömer Yıldız,customer00563@example.com,Osmaniye,0
564,Kaan Aslan,customer00564@example.com,Bingöl,0
565,Furkan Şahin,customer00565@example.com,Isparta,0
566,Furkan Güneş,customer00566@example.com,Ordu,0
567,Serkan Demir,customer00567@example.com,Niğde,0
568,Buse Doğan,customer00568@example.com,Malatya,0
569,Can Kılıç,customer00569@example.com,Edirne,0
570,Mustafa Erdoğan,customer00570@example.com,Burdur,0
571,Serkan Erdoğan,customer00571@example.com,Erzurum,0
572,Melis Aslan,customer00572@example.com,Manisa,0
573,Fatma Çelik,customer00573@example.com,Hatay,0
574,Ali Çelik,customer00574@example.com,Mersin,0
575,Burak Yıldız,customer00575@example.com,Karabük,0
576,Emre Demir,customer00576@example.com,Elazığ,0
577,Seda Polat,customer00577@example.com,Tokat,0
578,Seda Güneş,customer00578@example.com,Ardahan,0
579,Kaan Güneş,customer00579@example.com,Osmaniye,0
580,Ömer Kılıç,customer00580@example.com,Denizli,0
581,Kaan Demir,customer00581@example.com,Trabzon,0
582,Kaan Doğan,customer00582@example.com,Kars,0
583,Hakan Kaya,customer00583@example.com,Kahramanmaraş,0
584,Serkan Demir,customer00584@example.com,Kırşehir,0
585,Kaan Özdemir,customer00585@example.com,Amasya,0
586,Mehmet Aslan,customer00586@example.com,Kastamonu,0
587,Mustafa Demir,customer00587@example.com,Kilis,0
588,Barış Erdoğan,customer00588@example.com,Nevşehir,0
589,Kaan Güneş,customer00589@example.com,Kırıkkale,0
590,Ece Kaya,customer00590@example.com,Sivas,0
591,Derya Güneş,customer00591@example.com,Erzurum,0
592,Ömer Tekin,customer00592@example.com,Trabzon,0
593,Serkan Çelik,customer00593@example.com,Artvin,0
594,Kaan Şahin,customer00594@example.com,Malatya,0
595,Ayşe Demir,customer00595@example.com,Van,0
596,Elif Yıldız,customer00596@example.com,Ankara,0
597,Can Özdemir,customer00597@example.com,Sinop,0
598,Serkan Erdoğan,customer00598@example.com,Kilis,0
599,Yusuf Aslan,customer00599@example.com,Muğla,0
600,Derya Doğan,customer00600@example.com,Nevşehir,0
601,Furkan Kılıç,customer00601@example.com,Yalova,0
602,Mehmet Kılıç,customer00602@example.com,Aydın,0
603,Ömer Şahin,customer00603@example.com,Batman,0
604,Zeynep Koç,customer00604@example.com,Kastamonu,0
605,Eren Tekin,customer00605@example.com,Denizli,0
606,Ömer Demir,customer00606@example.com,Ardahan,0
607,Zeynep Çelik,customer00607@example.com,Manisa,0
608,Mert Koç,customer00608@example.com,Çanakkale,0
609,Barış Demir,customer00609@example.com,Kırşehir,0
610,Onur Koç,customer00610@example.com,Kütahya,0
611,Ceren Çelik,customer00611@example.com,Aksaray,0
612,Mustafa Kurt,customer00612@example.com,Yozgat,0
613,Kerem Yılmaz,customer00613@example.com,Mardin,0
614,Mert Yıldız,customer00614@example.com,Giresun,0
615,Ömer Polat,customer00615@example.com,Erzurum,0
616,Can Çelik,customer00616@example.com,Denizli,0
617,Mustafa Doğan,customer00617@example.com,Bitlis,0
618,Serkan Aksoy,customer00618@example.com,Aksaray,0
619,Mehmet Kılıç,customer00619@example.com,Osmaniye,0
620,Emre Tekin,customer00620@example.com,Muş,0
621,Emre Yıldız,customer00621@example.com,Erzincan,0
622,Ceren Tekin,customer00622@example.com,Edirne,0
623,Fatma Özdemir,customer00623@example.com,Ankara,0
624,Furkan Aslan,customer00624@example.com,Hatay,0
625,Kaan Tekin,customer00625@example.com,Kastamonu,0
626,Seda Özdemir,customer00626@example.com,Hakkari,0
627,Onur Öztürk,customer00627@example.com,Kırşehir,0
628,Ece Polat,customer00628@example.com,Erzurum,0
629,Kerem Güneş,customer00629@example.com,Sinop,0
630,Kaan Doğan,customer00630@example.com,Muş,0
631,Serkan Erdoğan,customer00631@example.com,Sakarya,0
632,Yusuf Aydın,customer00632@example.com,Karabük,0
633,Emre Arslan,customer00633@example.com,Antalya,0
634,Elif Polat,customer00634@example.com,Muğla,0
635,Onur Şahin,customer00635@example.com,Zonguldak,0
636,Buse Şahin,customer00636@example.com,Kastamonu,0
637,Mustafa Yıldız,customer00637@example.com,İzmir,0
638,Kaan Erdoğan,customer00638@example.com,Çorum,0
639,Ceren Kurt,customer00639@example.com,Bingöl,0
640,Derya Öztürk,customer00640@example.com,Sivas,0
641,Melis Aslan,customer00641@example.com,Ağrı,0
642,Furkan Kaya,customer00642@example.com,Niğde,0
643,Serkan Aslan,customer00643@example.com,Hatay,0
644,Berk Demir,customer00644@example.com,Muğla,0
645,Can Yılmaz,customer00645@example.com,Kocaeli,0
646,Derya Şahin,customer00646@example.com,Kütahya,0
647,Ece Çelik,customer00647@example.com,Çankırı,0
648,Mehmet Doğan,customer00648@example.com,Trabzon,0
649,Ayşe Çelik,customer00649@example.com,Trabzon,0
650,Kaan Tekin,customer00650@example.com,Adana,0
651,Melis Demir,customer00651@example.com,Afyonkarahisar,0
652,Eren Aydın,customer00652@example.com,Denizli,0
653,Onur Tekin,customer00653@example.com,Aksaray,0
654,Furkan Şahin,customer00654@example.com,Kastamonu,0
655,Can Doğan,customer00655@example.com,Bursa,0
656,Mehmet Öztürk,customer00656@example.com,Sakarya,0
657,Elif Tekin,customer00657@example.com,Tekirdağ,0
658,Mustafa Şahin,customer00658@example.com,Uşak,0
659,Barış Aksoy,customer00659@example.com,Afyonkarahisar,0
660,Elif Erdoğan,customer00660@example.com,Bartın,0
661,Can Çelik,customer00661@example.com,Kayseri,0
662,Furkan Yılmaz,customer00662@example.com,Kilis,0
663,Kerem Öztürk,customer00663@example.com,Bartın,0
664,Furkan Yıldız,customer00664@example.com,Bilecik,0
665,Serkan Aslan,customer00665@example.com,Aydın,0
666,Serkan Aksoy,customer00666@example.com,Van,0
667,Ece Erdoğan,customer00667@example.com,Kırıkkale,0
668,Ahmet Koç,customer00668@example.com,Trabzon,0
669,Mehmet Koç,customer00669@example.com,Muğla,0
670,Eren Yılmaz,customer00670@example.com,Kahramanmaraş,0
671,Ece Demir,customer00671@example.com,Manisa,0
672,Can Şahin,customer00672@example.com,Ardahan,0
673,Fatma Kılıç,customer00673@example.com,Çankırı,0
674,Mehmet Aslan,customer00674@example.com,Karaman,0
675,Ömer Yıldız,customer00675@example.com,Tokat,0
676,Ayşe Polat,customer00676@example.com,Düzce,0
677,Yusuf Çelik,customer00677@example.com,Aydın,0
678,Ayşe Özdemir,customer00678@example.com,Amasya,0
679,Mert Aydın,customer00679@example.com,Ankara,0
680,Ece Aydın,customer00680@example.com,Ankara,0
681,Ömer Doğan,customer00681@example.com,Yozgat,0
682,Berk Aksoy,customer00682@example.com,Trabzon,0
683,Eren Kaya,customer00683@example.com,Erzurum,0
684,Mert Aslan,customer00684@example.com,Antalya,0
685,Buse Kılıç,customer00685@example.com,İzmir,0
686,Ali Aslan,customer00686@example.com,Siirt,0
687,Melis Koç,customer00687@example.com,Sinop,0
688,Melis Koç,customer00688@example.com,Malatya,0
689,Yusuf Polat,customer00689@example.com,Uşak,0
690,Kerem Erdoğan,customer00690@example.com,İzmir,0
691,Ece Demir,customer00691@example.com,Samsun,0
692,Mustafa Kurt,customer00692@example.com,Karabük,0
693,Ceren Yıldız,customer00693@example.com,Karaman,0
694,Mert Kılıç,customer00694@example.com,Bolu,0
695,Mustafa Kılıç,customer00695@example.com,Kayseri,0
696,Mert Özdemir,customer00696@example.com,Karabük,0
697,Ayşe Kurt,customer00697@example.com,Edirne,0
698,Ayşe Özdemir,customer00698@example.com,Manisa,0
699,Kaan Kaya,customer00699@example.com,Kahramanmaraş,0
700,Barış Kurt,customer00700@example.com,Kars,0
701,Elif Kaya,customer00701@example.com,Balıkesir,0
702,Zeynep Koç,customer00702@example.com,Mardin,0
703,Serkan Yıldız,customer00703@example.com,Ağrı,0
704,Emre Tekin,customer00704@example.com,Sinop,0
705,Mehmet Çelik,customer00705@example.com,Aydın,0
706,Can Aslan,customer00706@example.com,Mardin,0
707,Berk Güneş,customer00707@example.com,Amasya,0
708,Barış Çelik,customer00708@example.com,Sivas,0
709,Kerem Aslan,customer00709@example.com,Sinop,0
710,Seda Demir,customer00710@example.com,Bartın,0
711,Emre Erdoğan,customer00711@example.com,Mardin,0
712,Berk Kılıç,customer00712@example.com,Kars,0
713,Can Şahin,customer00713@example.com,Ağrı,0
714,Fatma Yıldız,customer00714@example.com,Uşak,0
715,Serkan Koç,customer00715@example.com,Batman,0
716,Ali Arslan,customer00716@example.com,İstanbul,0
717,Ayşe Özdemir,customer00717@example.com,Giresun,0
718,Barış Doğan,customer00718@example.com,Şanlıurfa,0
719,Burak Şahin,customer00719@example.com,Çankırı,0
720,Buse Demir,customer00720@example.com,Sivas,0
721,Yusuf Özdemir,customer00721@example.com,Bingöl,0
722,Ece Kılıç,customer00722@example.com,Manisa,0
723,Ayşe Demir,customer00723@example.com,Kırıkkale,0
724,Onur Doğan,customer00724@example.com,Kırklareli,0
725,Buse Yıldız,customer00725@example.com,Elazığ,0
726,Ece Aslan,customer00726@example.com,Yozgat,0
727,Can Şahin,customer00727@example.com,Eskişehir,0
728,Ece Çelik,customer00728@example.com,Hatay,0
729,Ece Polat,customer00729@example.com,Ağrı,0
730,Kerem Aksoy,customer00730@example.com,Bartın,0
731,Kerem Özdemir,customer00731@example.com,Kırıkkale,0
732,Emre Tekin,customer00732@example.com,Bingöl,0
733,Mustafa Doğan,customer00733@example.com,Niğde,0
734,Ayşe Polat,customer00734@example.com,Aksaray,0
735,Furkan Kurt,customer00735@example.com,Bartın,0
736,Mustafa Çelik,customer00736@example.com,Kocaeli,0
737,Elif Demir,customer00737@example.com,Sivas,0
738,Kaan Erdoğan,customer00738@example.com,Manisa,0
739,Emre Aksoy,customer00739@example.com,Iğdır,0
740,Yusuf Çelik,customer00740@example.com,Siirt,0
741,Serkan Kaya,customer00741@example.com,Bursa,0
742,Serkan Çelik,customer00742@example.com,Kırklareli,0
743,Yusuf Yıldız,customer00743@example.com,Konya,0
744,Derya Öztürk,customer00744@example.com,Manisa,0
745,Serkan Doğan,customer00745@example.com,Bilecik,0
746,Eren Aydın,customer00746@example.com,Kırıkkale,0
747,Eren Çelik,customer00747@example.com,Düzce,0
748,Mert Tekin,customer00748@example.com,Bayburt,0
749,Mustafa Erdoğan,customer00749@example.com,Edirne,0
750,Hakan Güneş,customer00750@example.com,Denizli,0
751,Yusuf Tekin,customer00751@example.com,Karabük,0
752,Ömer Güneş,customer00752@example.com,Ankara,0
753,Ceren Yılmaz,customer00753@example.com,Bilecik,0
754,Mehmet Güneş,customer00754@example.com,İstanbul,0
755,Elif Aydın,customer00755@example.com,Bartın,0
756,Furkan Tekin,customer00756@example.com,Ağrı,0
757,Arda Aksoy,customer00757@example.com,Kayseri,0
758,Elif Doğan,customer00758@example.com,Tunceli,0
759,Can Koç,customer00759@example.com,Kırklareli,0
760,Kaan Demir,customer00760@example.com,Artvin,0
761,Yusuf Özdemir,customer00761@example.com,Sakarya,0
762,Arda Özdemir,customer00762@example.com,Gaziantep,0
763,Ömer Tekin,customer00763@example.com,Çorum,0
764,Ömer Kılıç,customer00764@example.com,Manisa,0
765,Berk Çelik,customer00765@example.com,Muğla,0
766,Serkan Aksoy,customer00766@example.com,Bolu,0
767,Ömer Öztürk,customer00767@example.com,Tokat,0
768,Ali Arslan,customer00768@example.com,Sivas,0
769,Can Çelik,customer00769@example.com,Bitlis,0
770,Mehmet Doğan,customer00770@example.com,Nevşehir,0
771,Buse Tekin,customer00771@example.com,Sakarya,0
772,Can Yıldız,customer00772@example.com,Konya,0
773,Derya Güneş,customer00773@example.com,Kocaeli,0
774,Burak Yıldız,customer00774@example.com,Uşak,0
775,Serkan Özdemir,customer00775@example.com,Uşak,0
776,Melis Doğan,customer00776@example.com,Uşak,0
777,Ahmet Demir,customer00777@example.com,Niğde,0
778,Serkan Özdemir,customer00778@example.com,Hatay,0
779,Burak Güneş,customer00779@example.com,Kahramanmaraş,0
780,Mehmet Kaya,customer00780@example.com,Kastamonu,0
781,Arda Tekin,customer00781@example.com,Trabzon,0
782,Mert Aksoy,customer00782@example.com,Adıyaman,0
783,Buse Şahin,customer00783@example.com,Siirt,0
784,Emre Arslan,customer00784@example.com,Mardin,0
785,Seda Koç,customer00785@example.com,Mardin,0
786,Mehmet Koç,customer00786@example.com,Antalya,0
787,Hakan Aksoy,customer00787@example.com,Erzurum,0
788,Kerem Aksoy,customer00788@example.com,Kastamonu,0
789,Mustafa Koç,customer00789@example.com,Van,0
790,Kaan Aksoy,customer00790@example.com,Kars,0
791,Ceren Tekin,customer00791@example.com,Kilis,0
792,Ali Çelik,customer00792@example.com,Bitlis,0
793,Berk Aslan,customer00793@example.com,Malatya,0
794,Onur Aslan,customer00794@example.com,Çorum,0
795,Burak Tekin,customer00795@example.com,Yozgat,0
796,Berk Erdoğan,customer00796@example.com,Ankara,0
797,Mehmet Kaya,customer00797@example.com,Çankırı,0
798,Ayşe Kılıç,customer00798@example.com,Trabzon,0
799,Serkan Özdemir,customer00799@example.com,Denizli,0
800,Barış Erdoğan,customer00800@example.com,Çankırı,0
801,Ömer Tekin,customer00801@example.com,Kocaeli,0
802,Yusuf Koç,customer00802@example.com,Kilis,0
803,Fatma Doğan,customer00803@example.com,Iğdır,0
804,Ömer Erdoğan,customer00804@example.com,Yozgat,0
805,Onur Polat,customer00805@example.com,Şırnak,0
806,Mert Polat,customer00806@example.com,Afyonkarahisar,0
807,Kerem Kılıç,customer00807@example.com,Burdur,0
808,Furkan Güneş,customer00808@example.com,Kırşehir,0
809,Ece Yılmaz,customer00809@example.com,Yalova,0
810,Arda Arslan,customer00810@example.com,Ardahan,0
811,Hakan Öztürk,customer00811@example.com,Antalya,0
812,Hakan Polat,customer00812@example.com,Edirne,0
813,Serkan Tekin,customer00813@example.com,Muş,0
814,Emre Öztürk,customer00814@example.com,Amasya,0
815,Hakan Şahin,customer00815@example.com,Erzurum,0
816,Ahmet Özdemir,customer00816@example.com,Kocaeli,0
817,Furkan Çelik,customer00817@example.com,Rize,0
818,Ayşe Aydın,customer00818@example.com,Rize,0
819,Serkan Tekin,customer00819@example.com,Trabzon,0
820,Buse Kaya,customer00820@example.com,Çankırı,0
821,Serkan Aydın,customer00821@example.com,Batman,0
822,Ömer Polat,customer00822@example.com,Aksaray,0
823,Berk Kılıç,customer00823@example.com,Elazığ,0
824,Kaan Aksoy,customer00824@example.com,Malatya,0
825,Onur Aslan,customer00825@example.com,İstanbul,0
826,Barış Polat,customer00826@example.com,Erzurum,0
827,Can Arslan,customer00827@example.com,Batman,0
828,Mert Öztürk,customer00828@example.com,Kırklareli,0
829,Seda Doğan,customer00829@example.com,Gaziantep,0
830,Ayşe Polat,customer00830@example.com,Kocaeli,0
831,Arda Aslan,customer00831@example.com,Batman,0
832,Derya Arslan,customer00832@example.com,Kastamonu,0
833,Ali Güneş,customer00833@example.com,Karaman,0
834,Berk Koç,customer00834@example.com,Manisa,0
835,Seda Çelik,customer00835@example.com,Kayseri,0
836,Mehmet Doğan,customer00836@example.com,Bilecik,0
837,Kerem Özdemir,customer00837@example.com,Mersin,0
838,Fatma Polat,customer00838@example.com,Giresun,0
839,Burak Aksoy,customer00839@example.com,İzmir,0
840,Derya Aksoy,customer00840@example.com,İzmir,0
841,Emre Şahin,customer00841@example.com,Kilis,0
842,Fatma Güneş,customer00842@example.com,Hatay,0
843,Can Kaya,customer00843@example.com,Aksaray,0
844,Can Öztürk,customer00844@example.com,Antalya,0
845,Ali Kurt,customer00845@example.com,Kütahya,0
846,Ayşe Polat,customer00846@example.com,Bitlis,0
847,Zeynep Çelik,customer00847@example.com,Adana,0
848,Onur Yıldız,customer00848@example.com,Rize,0
849,Elif Polat,customer00849@example.com,Tunceli,0
850,Elif Aydın,customer00850@example.com,Kastamonu,0
851,Ömer Doğan,customer00851@example.com,Artvin,0
852,Derya Demir,customer00852@example.com,Bartın,0
853,Can Aksoy,customer00853@example.com,Amasya,0
854,Derya Yıldız,customer00854@example.com,Sakarya,0
855,Melis Yıldız,customer00855@example.com,Amasya,0
856,Ceren Koç,customer00856@example.com,Uşak,0
857,Yusuf Doğan,customer00857@example.com,Amasya,0
858,Ahmet Doğan,customer00858@example.com,Şırnak,0
859,Barış Şahin,customer00859@example.com,Kütahya,0
860,Mert Özdemir,customer00860@example.com,Karaman,0
861,Serkan Polat,customer00861@example.com,Çankırı,0
862,Buse Erdoğan,customer00862@example.com,Tokat,0
863,Eren Aydın,customer00863@example.com,Burdur,0
864,Ömer Yıldız,customer00864@example.com,Tekirdağ,0
865,Elif Arslan,customer00865@example.com,Erzincan,0
866,Ahmet Kılıç,customer00866@example.com,Kayseri,0
867,Hakan Aydın,customer00867@example.com,Elazığ,0
868,Barış Koç,customer00868@example.com,Samsun,0
869,Serkan Kılıç,customer00869@example.com,Bingöl,0
870,Berk Şahin,customer00870@example.com,Erzincan,0
871,Emre Polat,customer00871@example.com,Konya,0
872,Derya Öztürk,customer00872@example.com,Adana,0
873,Eren Koç,customer00873@example.com,Hatay,0
874,Kaan Arslan,customer00874@example.com,Kütahya,0
875,Mert Güneş,customer00875@example.com,Bartın,0
876,Ahmet Arslan,customer00876@example.com,Mardin,0
877,Ayşe Öztürk,customer00877@example.com,Artvin,0
878,Zeynep Şahin,customer00878@example.com,Tokat,0
879,Mert Yıldız,customer00879@example.com,Ordu,0
880,Zeynep Erdoğan,customer00880@example.com,Kırşehir,0
881,Ayşe Şahin,customer00881@example.com,Kayseri,0
882,Kerem Tekin,customer00882@example.com,Gümüşhane,0
883,Can Çelik,customer00883@example.com,Tunceli,0
884,Emre Özdemir,customer00884@example.com,Karabük,0
885,Kerem Kurt,customer00885@example.com,Kırıkkale,0
886,Derya Polat,customer00886@example.com,Bayburt,0
887,Ece Aydın,customer00887@example.com,Isparta,0
888,Zeynep Tekin,customer00888@example.com,Bilecik,0
889,Serkan Özdemir,customer00889@example.com,Aksaray,0
890,Ayşe Aslan,customer00890@example.com,Balıkesir,0
891,Derya Güneş,customer00891@example.com,Burdur,0
892,Mehmet Aksoy,customer00892@example.com,Van,0
893,Burak Güneş,customer00893@example.com,Bayburt,0
894,Emre Yıldız,customer00894@example.com,Konya,0
895,Buse Erdoğan,customer00895@example.com,Sinop,0
896,Ali Aydın,customer00896@example.com,Ardahan,0
897,Arda Demir,customer00897@example.com,Yozgat,0
898,Kaan Kaya,customer00898@example.com,Tekirdağ,0
899,Emre Erdoğan,customer00899@example.com,Sakarya,0
900,Kaan Güneş,customer00900@example.com,Artvin,0
901,Onur Özdemir,customer00901@example.com,Kırşehir,0
902,Fatma Yılmaz,customer00902@example.com,Niğde,0
903,Eren Yılmaz,customer00903@example.com,Giresun,0
904,Hakan Demir,customer00904@example.com,Ankara,0
905,Furkan Aslan,customer00905@example.com,Aydın,0
906,Onur Kaya,customer00906@example.com,Aydın,0
907,Derya Polat,customer00907@example.com,Amasya,0
908,Mert Kurt,customer00908@example.com,Erzincan,0
909,Seda Çelik,customer00909@example.com,Sakarya,0
910,Kerem Koç,customer00910@example.com,Sivas,0
911,Buse Koç,customer00911@example.com,Muş,0
912,Mustafa Aksoy,customer00912@example.com,Çankırı,0
913,Elif Aslan,customer00913@example.com,Bursa,0
914,Yusuf Aksoy,customer00914@example.com,Niğde,0
915,Serkan Çelik,customer00915@example.com,Gümüşhane,0
916,Ceren Yılmaz,customer00916@example.com,Afyonkarahisar,0
917,Mert Özdemir,customer00917@example.com,Karaman,0
918,Furkan Aksoy,customer00918@example.com,Muş,0
919,Ceren Öztürk,customer00919@example.com,Isparta,0
920,Kaan Aslan,customer00920@example.com,Denizli,0
921,Eren Aydın,customer00921@example.com,Burdur,0
922,Mehmet Kurt,customer00922@example.com,Kilis,0
923,Seda Yılmaz,customer00923@example.com,Hatay,0
924,Burak Demir,customer00924@example.com,Bitlis,0
925,Barış Kaya,customer00925@example.com,Sivas,0
926,Barış Kaya,customer00926@example.com,Isparta,0
927,Fatma Kaya,customer00927@example.com,Ordu,0
928,Kaan Öztürk,customer00928@example.com,Karaman,0
929,Burak Kaya,customer00929@example.com,Çankırı,0
930,Serkan Doğan,customer00930@example.com,Hakkari,0
931,Ceren Güneş,customer00931@example.com,Kocaeli,0
932,Hakan Tekin,customer00932@example.com,Konya,0
933,Can Doğan,customer00933@example.com,Çorum,0
934,Zeynep Erdoğan,customer00934@example.com,Gümüşhane,0
935,Furkan Doğan,customer00935@example.com,Kars,0
936,Mehmet Aksoy,customer00936@example.com,Iğdır,0
937,Melis Yıldız,customer00937@example.com,Düzce,0
938,Zeynep Kurt,customer00938@example.com,Batman,0
939,Arda Kaya,customer00939@example.com,Manisa,0
940,Elif Koç,customer00940@example.com,Aksaray,0
941,Ömer Kurt,customer00941@example.com,Rize,0
942,Emre Doğan,customer00942@example.com,Muş,0
943,Yusuf Aksoy,customer00943@example.com,Trabzon,0
944,Can Öztürk,customer00944@example.com,Kırklareli,0
945,Buse Çelik,customer00945@example.com,Tokat,0
946,Derya Kaya,customer00946@example.com,Batman,0
947,Furkan Kurt,customer00947@example.com,Batman,0
948,Serkan Çelik,customer00948@example.com,Nevşehir,0
949,Can Arslan,customer00949@example.com,Gaziantep,0
950,Ömer Demir,customer00950@example.com,Sivas,0
951,Buse Aslan,customer00951@example.com,Bingöl,0
952,Onur Aydın,customer00952@example.com,Antalya,0
953,Eren Koç,customer00953@example.com,Karabük,0
954,Barış Kaya,customer00954@example.com,Balıkesir,0
955,Burak Güneş,customer00955@example.com,Batman,0
956,Burak Polat,customer00956@example.com,Gaziantep,0
957,Buse Kılıç,customer00957@example.com,Kırklareli,0
958,Derya Yılmaz,customer00958@example.com,Giresun,0
959,Derya Aydın,customer00959@example.com,Bursa,0
960,Fatma Polat,customer00960@example.com,Isparta,0
961,Ayşe Tekin,customer00961@example.com,Gaziantep,0
962,Berk Öztürk,customer00962@example.com,Kırıkkale,0
963,Ömer Doğan,customer00963@example.com,Muş,0
964,Kaan Aksoy,customer00964@example.com,Kahramanmaraş,0
965,Mert Arslan,customer00965@example.com,Mardin,0
966,Serkan Polat,customer00966@example.com,Tokat,0
967,Ali Polat,customer00967@example.com,Kocaeli,0
968,Derya Aydın,customer00968@example.com,Muğla,0
969,Ömer Kurt,customer00969@example.com,Ankara,0
970,Hakan Öztürk,customer00970@example.com,Çorum,0
971,Ahmet Arslan,customer00971@example.com,Kırıkkale,0
972,Derya Güneş,customer00972@example.com,Ardahan,0
973,Fatma Kurt,customer00973@example.com,Kayseri,0
974,Emre Aydın,customer00974@example.com,Kütahya,0
975,Can Koç,customer00975@example.com,Şırnak,0
976,Ceren Öztürk,customer00976@example.com,Uşak,0
977,Onur Kılıç,customer00977@example.com,Mersin,0
978,Seda Polat,customer00978@example.com,Şanlıurfa,0
979,Kaan Yıldız,customer00979@example.com,Kahramanmaraş,0
980,Yusuf Çelik,customer00980@example.com,Karaman,0
981,Arda Yıldız,customer00981@example.com,Karaman,0
982,Elif Kaya,customer00982@example.com,Aksaray,0
983,Mehmet Demir,customer00983@example.com,Antalya,0
984,Seda Yılmaz,customer00984@example.com,Rize,0
985,Emre Öztürk,customer00985@example.com,Aydın,0
986,Ayşe Çelik,customer00986@example.com,Adıyaman,0
987,Burak Erdoğan,customer00987@example.com,Tekirdağ,0
988,Kerem Kaya,customer00988@example.com,Osmaniye,0
989,Elif Tekin,customer00989@example.com,Tunceli,0
990,Zeynep Polat,customer00990@example.com,Afyonkarahisar,0
991,Ahmet Aksoy,customer00991@example.com,Kırıkkale,0
992,Furkan Yılmaz,customer00992@example.com,Afyonkarahisar,0
993,Serkan Arslan,customer00993@example.com,Bayburt,0
994,Mert Yılmaz,customer00994@example.com,Van,0
995,Ceren Kurt,customer00995@example.com,Elazığ,0
996,Ali Şahin,customer00996@example.com,Aksaray,0
997,Emre Öztürk,customer00997@example.com,Erzurum,0
998,Barış Erdoğan,customer00998@example.com,Mersin,0
999,Ceren Aslan,customer00999@example.com,İzmir,0
1000,Ece Koç,customer01000@example.com,Bilecik,0
1001,Kerem Koç,customer01001@example.com,Tekirdağ,0
1002,Hakan Öztürk,customer01002@example.com,Gümüşhane,0
1003,Mert Demir,customer01003@example.com,Amasya,0
1004,Mustafa Koç,customer01004@example.com,Muş,0
1005,Berk Aksoy,customer01005@example.com,Trabzon,0
1006,Mehmet Yılmaz,customer01006@example.com,Edirne,0
1007,Mustafa Polat,customer01007@example.com,Siirt,0
1008,Elif Kılıç,customer01008@example.com,Şırnak,0
1009,Buse Şahin,customer01009@example.com,Aksaray,0
1010,Derya Kaya,customer01010@example.com,Hakkari,0
1011,Burak Güneş,customer01011@example.com,Trabzon,0
1012,Eren Kaya,customer01012@example.com,Balıkesir,0
1013,Zeynep Arslan,customer01013@example.com,Karaman,0
1014,Hakan Kaya,customer01014@example.com,Elazığ,0
1015,Derya Kılıç,customer01015@example.com,Afyonkarahisar,0
1016,Burak Güneş,customer01016@example.com,Çorum,0
1017,Seda Koç,customer01017@example.com,Balıkesir,0
1018,Mert Yıldız,customer01018@example.com,Şırnak,0
1019,Can Güneş,customer01019@example.com,Nevşehir,0
1020,Zeynep Aksoy,customer01020@example.com,Kütahya,0
1021,Berk Çelik,customer01021@example.com,Bilecik,0
1022,Serkan Aslan,customer01022@example.com,Antalya,0
1023,Ali Kurt,customer01023@example.com,Hakkari,0
1024,Ceren Demir,customer01024@example.com,Malatya,0
1025,Barış Tekin,customer01025@example.com,Yalova,0
1026,Berk Kılıç,customer01026@example.com,Ağrı,0
1027,Elif Arslan,customer01027@example.com,Sivas,0
1028,Arda Öztürk,customer01028@example.com,Kahramanmaraş,0
1029,Onur Koç,customer01029@example.com,Siirt,0
1030,Yusuf Güneş,customer01030@example.com,Muş,0
1031,Mustafa Tekin,customer01031@example.com,Kayseri,0
1032,Ece Öztürk,customer01032@example.com,Balıkesir,0
1033,Mustafa Arslan,customer01033@example.com,Denizli,0
1034,Berk Çelik,customer01034@example.com,Nevşehir,0
1035,Ömer Aslan,customer01035@example.com,Bolu,0
1036,Mustafa Yılmaz,customer01036@example.com,Kırşehir,0
1037,Kaan Aslan,customer01037@example.com,İzmir,0
1038,Ali Çelik,customer01038@example.com,Bingöl,0
1039,Yusuf Kurt,customer01039@example.com,Sivas,0
1040,Onur Aksoy,customer01040@example.com,Yozgat,0
1041,Furkan Şahin,customer01041@example.com,Ağrı,0
1042,Mustafa Aslan,customer01042@example.com,Kırıkkale,0
1043,Mustafa Tekin,customer01043@example.com,Yalova,0
1044,Ece Kılıç,customer01044@example.com,Nevşehir,0
1045,Ahmet Doğan,customer01045@example.com,Rize,0
1046,Berk Demir,customer01046@example.com,Batman,0
1047,Melis Öztürk,customer01047@example.com,Bartın,0
1048,Serkan Yıldız,customer01048@example.com,Muş,0
1049,Yusuf Çelik,customer01049@example.com,İzmir,0
1050,Mert Arslan,customer01050@example.com,Uşak,0
1051,Emre Demir,customer01051@example.com,Edirne,0
1052,Furkan Arslan,customer01052@example.com,Sakarya,0
1053,Mert Polat,customer01053@example.com,Balıkesir,0
1054,Kerem Arslan,customer01054@example.com,Isparta,0
1055,Fatma Polat,customer01055@example.com,Yalova,0
1056,Barış Aydın,customer01056@example.com,Tekirdağ,0
1057,Ali Çelik,customer01057@example.com,Kırklareli,0
1058,Ahmet Koç,customer01058@example.com,Kütahya,0
1059,Ceren Tekin,customer01059@example.com,Muş,0
1060,Ece Kılıç,customer01060@example.com,Sinop,0
1061,Ömer Kurt,customer01061@example.com,Yalova,0
1062,Emre Doğan,customer01062@example.com,Konya,0
1063,Barış Aydın,customer01063@example.com,Tunceli,0
1064,Ömer Yıldız,customer01064@example.com,Niğde,0
1065,Ömer Doğan,customer01065@example.com,Şanlıurfa,0
1066,Hakan Öztürk,customer01066@example.com,Konya,0
1067,Berk Arslan,customer01067@example.com,Niğde,0
1068,Kerem Şahin,customer01068@example.com,Şırnak,0
1069,Burak Güneş,customer01069@example.com,Karaman,0
1070,Yusuf Aksoy,customer01070@example.com,Ağrı,0
1071,Fatma Özdemir,customer01071@example.com,Gaziantep,0
1072,Kaan Doğan,customer01072@example.com,Aydın,0
1073,Ceren Kurt,customer01073@example.com,Uşak,0
1074,Emre Doğan,customer01074@example.com,Hatay,0
1075,Eren Çelik,customer01075@example.com,Samsun,0
1076,Ece Koç,customer01076@example.com,Balıkesir,0
1077,Kaan Tekin,customer01077@example.com,Tunceli,0
1078,Hakan Koç,customer01078@example.com,Bayburt,0
1079,Serkan Kurt,customer01079@example.com,Karaman,0
1080,Mehmet Aslan,customer01080@example.com,Bayburt,0
1081,Barış Demir,customer01081@example.com,Bolu,0
1082,Seda Öztürk,customer01082@example.com,Kahramanmaraş,0
1083,Yusuf Tekin,customer01083@example.com,Ankara,0
1084,Hakan Koç,customer01084@example.com,Kütahya,0
1085,Ece Kurt,customer01085@example.com,Bolu,0
1086,Ahmet Şahin,customer01086@example.com,İstanbul,0
1087,Can Erdoğan,customer01087@example.com,Zonguldak,0
1088,Onur Güneş,customer01088@example.com,Bartın,0
1089,Can Özdemir,customer01089@example.com,Muğla,0
1090,Berk Özdemir,customer01090@example.com,Iğdır,0
1091,Ayşe Erdoğan,customer01091@example.com,Denizli,0
1092,Kerem Yılmaz,customer01092@example.com,Tunceli,0
1093,Ali Doğan,customer01093@example.com,Sakarya,0
1094,Derya Demir,customer01094@example.com,Burdur,0
1095,Ceren Çelik,customer01095@example.com,Manisa,0
1096,Mert Kılıç,customer01096@example.com,Tekirdağ,0
1097,Ece Aydın,customer01097@example.com,Zonguldak,0
1098,Arda Aslan,customer01098@example.com,Trabzon,0
1099,Ali Özdemir,customer01099@example.com,Sivas,0
1100,Ömer Demir,customer01100@example.com,Kırklareli,0
1101,Mehmet Şahin,customer01101@example.com,Afyonkarahisar,0
1102,Buse Kılıç,customer01102@example.com,Bolu,0
1103,Zeynep Yıldız,customer01103@example.com,Isparta,0
1104,Serkan Yıldız,customer01104@example.com,Kırıkkale,0
1105,Yusuf Kılıç,customer01105@example.com,Batman,0
1106,Furkan Özdemir,customer01106@example.com,Hakkari,0
1107,Ece Koç,customer01107@example.com,Düzce,0
1108,Yusuf Yıldız,customer01108@example.com,Siirt,0
1109,Berk Yılmaz,customer01109@example.com,Kilis,0
1110,Melis Aydın,customer01110@example.com,Sivas,0
1111,Hakan Kurt,customer01111@example.com,Nevşehir,0
1112,Ahmet Aydın,customer01112@example.com,Gaziantep,0
1113,Eren Demir,customer01113@example.com,Bartın,0
1114,Ali Aksoy,customer01114@example.com,Erzincan,0
1115,Kerem Kılıç,customer01115@example.com,Eskişehir,0
1116,Kaan Şahin,customer01116@example.com,İstanbul,0
1117,Zeynep Polat,customer01117@example.com,Aksaray,0
1118,Elif Kılıç,customer01118@example.com,Yalova,0
1119,Berk Tekin,customer01119@example.com,Niğde,0
1120,Hakan Şahin,customer01120@example.com,Manisa,0
1121,Kerem Özdemir,customer01121@example.com,Osmaniye,0
1122,Yusuf Doğan,customer01122@example.com,Kilis,0
1123,Hakan Demir,customer01123@example.com,Çankırı,0
1124,Ömer Şahin,customer01124@example.com,Hatay,0
1125,Mert Şahin,customer01125@example.com,Erzincan,0
1126,Kerem Çelik,customer01126@example.com,Yozgat,0
1127,Berk Kurt,customer01127@example.com,Yalova,0
1128,Emre Güneş,customer01128@example.com,Nevşehir,0
1129,Furkan Yıldız,customer01129@example.com,Şanlıurfa,0
1130,Elif Aksoy,customer01130@example.com,Elazığ,0
1131,Onur Yıldız,customer01131@example.com,Şanlıurfa,0
1132,Mert Çelik,customer01132@example.com,Erzincan,0
1133,Ömer Özdemir,customer01133@example.com,Osmaniye,0
1134,Mehmet Aslan,customer01134@example.com,Adıyaman,0
1135,Arda Çelik,customer01135@example.com,Erzurum,0
1136,Ceren Koç,customer01136@example.com,Batman,0
1137,Serkan Polat,customer01137@example.com,Rize,0
1138,Zeynep Polat,customer01138@example.com,Sakarya,0
1139,Ayşe Özdemir,customer01139@example.com,Şanlıurfa,0
1140,Yusuf Demir,customer01140@example.com,Şırnak,0
1141,Ahmet Öztürk,customer01141@example.com,Kayseri,0
1142,Mehmet Arslan,customer01142@example.com,Gümüşhane,0
1143,Onur Doğan,customer01143@example.com,Edirne,0
1144,Seda Özdemir,customer01144@example.com,Şırnak,0
1145,Fatma Polat,customer01145@example.com,Kırıkkale,0
1146,Serkan Şahin,customer01146@example.com,Bartın,0
1147,Ali Arslan,customer01147@example.com,Karaman,0
1148,Ceren Aslan,customer01148@example.com,Karaman,0
1149,Ceren Kaya,customer01149@example.com,Sinop,0
1150,Onur Aydın,customer01150@example.com,Samsun,0
1151,Ali Öztürk,customer01151@example.com,Kırklareli,0
1152,Buse Kaya,customer01152@example.com,Sivas,0
1153,Eren Aslan,customer01153@example.com,Bingöl,0
1154,Kaan Şahin,customer01154@example.com,Hatay,0
1155,Burak Güneş,customer01155@example.com,Manisa,0
1156,Buse Tekin,customer01156@example.com,Düzce,0
1157,Furkan Yıldız,customer01157@example.com,Kilis,0
1158,Emre Aydın,customer01158@example.com,Gaziantep,0
1159,Ece Kaya,customer01159@example.com,Şırnak,0
1160,Kerem Aksoy,customer01160@example.com,Kars,0
1161,Barış Aksoy,customer01161@example.com,Edirne,0
1162,Ömer Doğan,customer01162@example.com,Kayseri,0
1163,Hakan Arslan,customer01163@example.com,Yozgat,0
1164,Melis Şahin,customer01164@example.com,Çankırı,0
1165,Seda Kurt,customer01165@example.com,Artvin,0
1166,Eren Çelik,customer01166@example.com,Çanakkale,0
1167,Can Çelik,customer01167@example.com,Konya,0
1168,Ceren Öztürk,customer01168@example.com,Niğde,0
1169,Arda Çelik,customer01169@example.com,Bartın,0
1170,Elif Arslan,customer01170@example.com,Düzce,0
1171,Furkan Koç,customer01171@example.com,Sivas,0
1172,Mustafa Demir,customer01172@example.com,Ordu,0
1173,Serkan Arslan,customer01173@example.com,Muğla,0
1174,Kaan Polat,customer01174@example.com,Konya,0
1175,Hakan Yılmaz,customer01175@example.com,Bingöl,0
1176,Fatma Özdemir,customer01176@example.com,Kahramanmaraş,0
1177,Buse Demir,customer01177@example.com,Bayburt,0
1178,Berk Aydın,customer01178@example.com,Samsun,0
1179,Ceren Aydın,customer01179@example.com,Uşak,0
1180,Eren Kılıç,customer01180@example.com,Kastamonu,0
1181,Ömer Aksoy,customer01181@example.com,Bartın,0
1182,Emre Güneş,customer01182@example.com,Şanlıurfa,0
1183,Ece Kılıç,customer01183@example.com,Antalya,0
1184,Mehmet Şahin,customer01184@example.com,Düzce,0
1185,Ece Özdemir,customer01185@example.com,Afyonkarahisar,0
1186,Ali Yıldız,customer01186@example.com,Sinop,0
1187,Kaan Yılmaz,customer01187@example.com,Samsun,0
1188,Burak Çelik,customer01188@example.com,Kırklareli,0
1189,Yusuf Arslan,customer01189@example.com,Bingöl,0
1190,Elif Aslan,customer01190@example.com,Mersin,0
1191,Mustafa Aslan,customer01191@example.com,Edirne,0
1192,Mehmet Koç,customer01192@example.com,Düzce,0
1193,Mert Öztürk,customer01193@example.com,Samsun,0
1194,Elif Demir,customer01194@example.com,Bitlis,0
1195,Ahmet Aydın,customer01195@example.com,Tunceli,0
1196,Mustafa Çelik,customer01196@example.com,Iğdır,0
1197,Can Erdoğan,customer01197@example.com,Sinop,0
1198,Ahmet Yılmaz,customer01198@example.com,Malatya,0
1199,Ceren Şahin,customer01199@example.com,Samsun,0
1200,Ayşe Çelik,customer01200@example.com,Tunceli,0
1201,Mustafa Öztürk,customer01201@example.com,Nevşehir,0
1202,Mustafa Şahin,customer01202@example.com,Bolu,0
1203,Ömer Aslan,customer01203@example.com,Kırklareli,0
1204,Emre Koç,customer01204@example.com,Çankırı,0
1205,Elif Çelik,customer01205@example.com,Aydın,0
1206,Serkan Güneş,customer01206@example.com,Adıyaman,0
1207,Barış Yıldız,customer01207@example.com,Sinop,0
1208,Kerem Aydın,customer01208@example.com,Düzce,0
1209,Fatma Çelik,customer01209@example.com,Rize,0
1210,Barış Özdemir,customer01210@example.com,Giresun,0
1211,Mustafa Şahin,customer01211@example.com,Çankırı,0
1212,Seda Şahin,customer01212@example.com,Iğdır,0
1213,Fatma Koç,customer01213@example.com,Manisa,0
1214,Furkan Kılıç,customer01214@example.com,Çankırı,0
1215,Can Arslan,customer01215@example.com,Bilecik,0
1216,Can Aksoy,customer01216@example.com,Yalova,0
1217,Barış Tekin,customer01217@example.com,Kastamonu,0
1218,Seda Yılmaz,customer01218@example.com,Kırklareli,0
1219,Burak Erdoğan,customer01219@example.com,Karabük,0
1220,Serkan Aydın,customer01220@example.com,Niğde,0
1221,Mert Kaya,customer01221@example.com,Hatay,0
1222,Arda Koç,customer01222@example.com,Burdur,0
1223,Can Polat,customer01223@example.com,Yalova,0
1224,Mustafa Erdoğan,customer01224@example.com,Adıyaman,0
1225,Kerem Kılıç,customer01225@example.com,Çanakkale,0
1226,Berk Güneş,customer01226@example.com,Sakarya,0
1227,Kerem Aksoy,customer01227@example.com,Elazığ,0
1228,Seda Polat,customer01228@example.com,Balıkesir,0
1229,Ahmet Güneş,customer01229@example.com,Aydın,0
1230,Ahmet Arslan,customer01230@example.com,Giresun,0
1231,Mehmet Kaya,customer01231@example.com,Niğde,0
1232,Serkan Doğan,customer01232@example.com,Düzce,0
1233,Ayşe Erdoğan,customer01233@example.com,Sakarya,0
1234,Furkan Koç,customer01234@example.com,Bilecik,0
1235,Elif Aksoy,customer01235@example.com,Bayburt,0
1236,Barış Çelik,customer01236@example.com,Kars,0
1237,Mustafa Doğan,customer01237@example.com,Bilecik,0
1238,Serkan Aydın,customer01238@example.com,Denizli,0
1239,Onur Kılıç,customer01239@example.com,Niğde,0
1240,Hakan Demir,customer01240@example.com,Kırşehir,0
1241,Ayşe Kurt,customer01241@example.com,Hatay,0
1242,Mehmet Öztürk,customer01242@example.com,Bingöl,0
1243,Derya Kurt,customer01243@example.com,Burdur,0
1244,Kaan Tekin,customer01244@example.com,Karabük,0
1245,Mehmet Doğan,customer01245@example.com,Elazığ,0
1246,Ali Yılmaz,customer01246@example.com,Çankırı,0
1247,Ayşe Yılmaz,customer01247@example.com,Diyarbakır,0
1248,Arda Aslan,customer01248@example.com,Zonguldak,0
1249,Serkan Arslan,customer01249@example.com,Edirne,0
1250,Kerem Çelik,customer01250@example.com,İzmir,0
1251,Fatma Şahin,customer01251@example.com,Ağrı,0
1252,Ömer Kurt,customer01252@example.com,İzmir,0
1253,Serkan Demir,customer01253@example.com,İstanbul,0
1254,Ayşe Güneş,customer01254@example.com,Düzce,0
1255,Mustafa Polat,customer01255@example.com,Tekirdağ,0
1256,Serkan Aslan,customer01256@example.com,Artvin,0
1257,Arda Güneş,customer01257@example.com,Edirne,0
1258,Kerem Yıldız,customer01258@example.com,Mersin,0
1259,Seda Şahin,customer01259@example.com,Bartın,0
1260,Zeynep Şahin,customer01260@example.com,Hakkari,0
1261,Fatma Erdoğan,customer01261@example.com,Adana,0
1262,Mehmet Yılmaz,customer01262@example.com,Isparta,0
1263,Mehmet Polat,customer01263@example.com,Mardin,0
1264,Berk Çelik,customer01264@example.com,Elazığ,0
1265,Derya Kaya,customer01265@example.com,Kırıkkale,0
1266,Ece Kurt,customer01266@example.com,Gümüşhane,0
1267,Ömer Öztürk,customer01267@example.com,Sakarya,0
1268,Derya Kılıç,customer01268@example.com,İzmir,0
1269,Ceren Demir,customer01269@example.com,Bartın,0
1270,Kerem Şahin,customer01270@example.com,Van,0
1271,Zeynep Kaya,customer01271@example.com,Elazığ,0
1272,Can Erdoğan,customer01272@example.com,Ankara,0
1273,Berk Demir,customer01273@example.com,Tokat,0
1274,Buse Doğan,customer01274@example.com,Kırşehir,0
1275,Ömer Demir,customer01275@example.com,Kırıkkale,0
1276,Kaan Yılmaz,customer01276@example.com,Muğla,0
1277,Burak Doğan,customer01277@example.com,Şırnak,0
1278,Ece Doğan,customer01278@example.com,Osmaniye,0
1279,Can Özdemir,customer01279@example.com,Muğla,0
1280,Hakan Polat,customer01280@example.com,Eskişehir,0
1281,Fatma Aksoy,customer01281@example.com,Isparta,0
1282,Emre Yılmaz,customer01282@example.com,Rize,0
1283,Ahmet Öztürk,customer01283@example.com,Karaman,0
1284,Kerem Yılmaz,customer01284@example.com,Kütahya,0
1285,Ahmet Koç,customer01285@example.com,Kırşehir,0
1286,Ali Aydın,customer01286@example.com,Aksaray,0
1287,Can Kurt,customer01287@example.com,Şanlıurfa,0
1288,Mehmet Çelik,customer01288@example.com,Kars,0
1289,Mustafa Kaya,customer01289@example.com,Hakkari,0
1290,Melis Erdoğan,customer01290@example.com,Rize,0
1291,Ayşe Aslan,customer01291@example.com,Tekirdağ,0
1292,Fatma Demir,customer01292@example.com,Ardahan,0
1293,Ali Erdoğan,customer01293@example.com,Çankırı,0
1294,Elif Koç,customer01294@example.com,Balıkesir,0
1295,Hakan Güneş,customer01295@example.com,Artvin,0
1296,Furkan Çelik,customer01296@example.com,Hatay,0
1297,Mert Arslan,customer01297@example.com,Kocaeli,0
1298,Derya Koç,customer01298@example.com,Konya,0
1299,Ömer Özdemir,customer01299@example.com,İzmir,0
1300,Can Demir,customer01300@example.com,Eskişehir,0
1301,Emre Güneş,customer01301@example.com,Bolu,0
1302,Emre Şahin,customer01302@example.com,Edirne,0
1303,Kaan Özdemir,customer01303@example.com,Kocaeli,0
1304,Furkan Şahin,customer01304@example.com,Bayburt,0
1305,Kerem Aydın,customer01305@example.com,Sivas,0
1306,Mert Özdemir,customer01306@example.com,İstanbul,0
1307,Buse Şahin,customer01307@example.com,Bingöl,0
1308,Yusuf Doğan,customer01308@example.com,Karabük,0
1309,Mehmet Aydın,customer01309@example.com,Konya,0
1310,Emre Demir,customer01310@example.com,Isparta,0
1311,Kerem Koç,customer01311@example.com,Yozgat,0
1312,Mehmet Doğan,customer01312@example.com,İstanbul,0
1313,Ceren Yıldız,customer01313@example.com,Ağrı,0
1314,Berk Özdemir,customer01314@example.com,Batman,0
1315,Fatma Aksoy,customer01315@example.com,Isparta,0
1316,Ali Özdemir,customer01316@example.com,Bolu,0
1317,Ece Çelik,customer01317@example.com,Bursa,0
1318,Ahmet Kaya,customer01318@example.com,Gümüşhane,0
1319,Emre Aydın,customer01319@example.com,Ordu,0
1320,Kerem Demir,customer01320@example.com,Ardahan,0
1321,Hakan Arslan,customer01321@example.com,Balıkesir,0
1322,Ahmet Demir,customer01322@example.com,Eskişehir,0
1323,Melis Özdemir,customer01323@example.com,Çanakkale,0
1324,Mustafa Kılıç,customer01324@example.com,Bursa,0
1325,Mehmet Özdemir,customer01325@example.com,Antalya,0
1326,Yusuf Güneş,customer01326@example.com,Siirt,0
1327,Ceren Koç,customer01327@example.com,Uşak,0
1328,Ahmet Koç,customer01328@example.com,Samsun,0
1329,Yusuf Aslan,customer01329@example.com,Giresun,0
1330,Derya Yıldız,customer01330@example.com,Kars,0
1331,Eren Özdemir,customer01331@example.com,Denizli,0
1332,Mehmet Tekin,customer01332@example.com,Osmaniye,0
1333,Barış Öztürk,customer01333@example.com,Kayseri,0
1334,Arda Kurt,customer01334@example.com,Kırıkkale,0
1335,Arda Kaya,customer01335@example.com,Bingöl,0
1336,Eren Koç,customer01336@example.com,Çankırı,0
1337,Furkan Aydın,customer01337@example.com,Aksaray,0
1338,Can Aksoy,customer01338@example.com,Afyonkarahisar,0
1339,Berk Aslan,customer01339@example.com,Tunceli,0
1340,Onur Polat,customer01340@example.com,Manisa,0
1341,Derya Güneş,customer01341@example.com,Van,0
1342,Ömer Koç,customer01342@example.com,İzmir,0
1343,Yusuf Yılmaz,customer01343@example.com,Kocaeli,0
1344,Barış Öztürk,customer01344@example.com,Ağrı,0
1345,Melis Arslan,customer01345@example.com,Artvin,0
1346,Ece Polat,customer01346@example.com,Aksaray,0
1347,Kerem Güneş,customer01347@example.com,Hakkari,0
1348,Yusuf Şahin,customer01348@example.com,Isparta,0
1349,Zeynep Öztürk,customer01349@example.com,İzmir,0
1350,Onur Kaya,customer01350@example.com,Gümüşhane,0
1351,Hakan Koç,customer01351@example.com,Kahramanmaraş,0
1352,Derya Yıldız,customer01352@example.com,Elazığ,0
1353,Can Güneş,customer01353@example.com,Kocaeli,0
1354,Ece Aslan,customer01354@example.com,Iğdır,0
1355,Ahmet Aslan,customer01355@example.com,Şırnak,0
1356,Hakan Çelik,customer01356@example.com,Şırnak,0
1357,Burak Polat,customer01357@example.com,Karaman,0
1358,Mert Yıldız,customer01358@example.com,Şanlıurfa,0
1359,Mehmet Demir,customer01359@example.com,Artvin,0
1360,Can Tekin,customer01360@example.com,Gümüşhane,0
1361,Ahmet Erdoğan,customer01361@example.com,Tunceli,0
1362,Ahmet Kılıç,customer01362@example.com,Kilis,0
1363,Burak Çelik,customer01363@example.com,Malatya,0
1364,Ayşe Yıldız,customer01364@example.com,Konya,0
1365,Mehmet Yılmaz,customer01365@example.com,Çorum,0
1366,Hakan Çelik,customer01366@example.com,Burdur,0
1367,Buse Erdoğan,customer01367@example.com,Mardin,0
1368,Mustafa Aslan,customer01368@example.com,Niğde,0
1369,Hakan Şahin,customer01369@example.com,Malatya,0
1370,Mert Kılıç,customer01370@example.com,Çankırı,0
1371,Yusuf Kurt,customer01371@example.com,Şanlıurfa,0
1372,Elif Kılıç,customer01372@example.com,Elazığ,0
1373,Ayşe Aksoy,customer01373@example.com,Kilis,0
1374,Ece Aslan,customer01374@example.com,Gümüşhane,0
1375,Zeynep Güneş,customer01375@example.com,Elazığ,0
1376,Berk Doğan,customer01376@example.com,Kayseri,0
1377,Emre Yıldız,customer01377@example.com,Adana,0
1378,Ayşe Güneş,customer01378@example.com,Niğde,0
1379,Buse Güneş,customer01379@example.com,Amasya,0
1380,Yusuf Tekin,customer01380@example.com,Kocaeli,0
1381,Derya Tekin,customer01381@example.com,Gümüşhane,0
1382,Elif Güneş,customer01382@example.com,Bolu,0
1383,Derya Polat,customer01383@example.com,Çorum,0
1384,Ömer Demir,customer01384@example.com,Hatay,0
1385,Kerem Kılıç,customer01385@example.com,Edirne,0
1386,Elif Demir,customer01386@example.com,Kütahya,0
1387,Kaan Yılmaz,customer01387@example.com,İstanbul,0
1388,Burak Öztürk,customer01388@example.com,Aydın,0
1389,Kerem Arslan,customer01389@example.com,Bolu,0
1390,Fatma Yılmaz,customer01390@example.com,Antalya,0
1391,Berk Özdemir,customer01391@example.com,Sakarya,0
1392,Yusuf Kurt,customer01392@example.com,Uşak,0
1393,Melis Koç,customer01393@example.com,Manisa,0
1394,Onur Koç,customer01394@example.com,Bitlis,0
1395,Ceren Polat,customer01395@example.com,Bartın,0
1396,Elif Öztürk,customer01396@example.com,Diyarbakır,0
1397,Kaan Demir,customer01397@example.com,Amasya,0
1398,Mert Yılmaz,customer01398@example.com,Kocaeli,0
1399,Eren Şahin,customer01399@example.com,Balıkesir,0
1400,Ömer Yıldız,customer01400@example.com,Muş,0
1401,Yusuf Demir,customer01401@example.com,Kırıkkale,0
1402,Melis Demir,customer01402@example.com,Malatya,0
1403,Barış Tekin,customer01403@example.com,Tunceli,0
1404,Ayşe Yılmaz,customer01404@example.com,Siirt,0
1405,Elif Yıldız,customer01405@example.com,Karabük,0
1406,Melis Kurt,customer01406@example.com,Diyarbakır,0
1407,Mehmet Şahin,customer01407@example.com,Kütahya,0
1408,Burak Aydın,customer01408@example.com,Rize,0
1409,Ayşe Aksoy,customer01409@example.com,Karaman,0
1410,Eren Doğan,customer01410@example.com,Kırklareli,0
1411,Can Şahin,customer01411@example.com,Antalya,0
1412,Berk Güneş,customer01412@example.com,Kırıkkale,0
1413,Ceren Polat,customer01413@example.com,Denizli,0
1414,Mehmet Aslan,customer01414@example.com,Adana,0
1415,Furkan Demir,customer01415@example.com,Kayseri,0
1416,Ceren Tekin,customer01416@example.com,Tunceli,0
1417,Burak Şahin,customer01417@example.com,Ağrı,0
1418,Burak Yıldız,customer01418@example.com,Kayseri,0
1419,Mustafa Polat,customer01419@example.com,Burdur,0
1420,Mert Koç,customer01420@example.com,Trabzon,0
1421,Arda Arslan,customer01421@example.com,Bingöl,0
1422,Elif Aksoy,customer01422@example.com,Nevşehir,0
1423,Yusuf Aslan,customer01423@example.com,Muş,0
1424,Kerem Yıldız,customer01424@example.com,Sivas,0
1425,Mehmet Arslan,customer01425@example.com,Sinop,0
1426,Kaan Arslan,customer01426@example.com,Gümüşhane,0
1427,Ceren Arslan,customer01427@example.com,Şırnak,0
1428,Mehmet Çelik,customer01428@example.com,Bitlis,0
1429,Mustafa Aslan,customer01429@example.com,Karaman,0
1430,Furkan Güneş,customer01430@example.com,Hakkari,0
1431,Onur Kaya,customer01431@example.com,Nevşehir,0
1432,Ceren Erdoğan,customer01432@example.com,Sakarya,0
1433,Onur Polat,customer01433@example.com,Bartın,0
1434,Melis Öztürk,customer01434@example.com,Trabzon,0
1435,Mert Demir,customer01435@example.com,Niğde,0
1436,Melis Kaya,customer01436@example.com,Van,0
1437,Hakan Erdoğan,customer01437@example.com,Bartın,0
1438,Zeynep Tekin,customer01438@example.com,Çorum,0
1439,Ali Özdemir,customer01439@example.com,Elazığ,0
1440,Yusuf Aydın,customer01440@example.com,Erzurum,0
1441,Emre Kaya,customer01441@example.com,Samsun,0
1442,Mustafa Kurt,customer01442@example.com,Eskişehir,0
1443,Ceren Çelik,customer01443@example.com,Yalova,0
1444,Eren Kılıç,customer01444@example.com,Aydın,0
1445,Mustafa Koç,customer01445@example.com,Batman,0
1446,Berk Aksoy,customer01446@example.com,Konya,0
1447,Buse Arslan,customer01447@example.com,Zonguldak,0
1448,Kaan Yılmaz,customer01448@example.com,Osmaniye,0
1449,Hakan Erdoğan,customer01449@example.com,Sakarya,0
1450,Ali Kurt,customer01450@example.com,Denizli,0
1451,Emre Güneş,customer01451@example.com,Iğdır,0
1452,Hakan Şahin,customer01452@example.com,Bolu,0
1453,Hakan Şahin,customer01453@example.com,Kastamonu,0
1454,Buse Aksoy,customer01454@example.com,Manisa,0
1455,Melis Kurt,customer01455@example.com,İstanbul,0
1456,Berk Polat,customer01456@example.com,Bartın,0
1457,Barış Polat,customer01457@example.com,Amasya,0
1458,Yusuf Arslan,customer01458@example.com,Ordu,0
1459,Emre Tekin,customer01459@example.com,Karabük,0
1460,Zeynep Koç,customer01460@example.com,Amasya,0
1461,Berk Kılıç,customer01461@example.com,Hatay,0
1462,Mehmet Polat,customer01462@example.com,İzmir,0
1463,Melis Aslan,customer01463@example.com,Afyonkarahisar,0
1464,Ömer Doğan,customer01464@example.com,Kırşehir,0
1465,Eren Polat,customer01465@example.com,Bitlis,0
1466,Buse Öztürk,customer01466@example.com,Çankırı,0
1467,Mert Özdemir,customer01467@example.com,Konya,0
1468,Eren Kurt,customer01468@example.com,Karabük,0
1469,Elif Demir,customer01469@example.com,Erzurum,0
1470,Kaan Aydın,customer01470@example.com,Rize,0
1471,Fatma Polat,customer01471@example.com,Zonguldak,0
1472,Buse Aslan,customer01472@example.com,Artvin,0
1473,Serkan Yıldız,customer01473@example.com,Aydın,0
1474,Mert Erdoğan,customer01474@example.com,Ordu,0
1475,Emre Erdoğan,customer01475@example.com,Şırnak,0
1476,Ahmet Yıldız,customer01476@example.com,Erzurum,0
1477,Melis Aydın,customer01477@example.com,Artvin,0
1478,Can Kaya,customer01478@example.com,Tekirdağ,0
1479,Mehmet Aslan,customer01479@example.com,Eskişehir,0
1480,Eren Aslan,customer01480@example.com,Tokat,0
1481,Serkan Koç,customer01481@example.com,Bursa,0
1482,Zeynep Yılmaz,customer01482@example.com,Hatay,0
1483,Kerem Polat,customer01483@example.com,Yalova,0
1484,Kaan Yıldız,customer01484@example.com,Trabzon,0
1485,Hakan Aksoy,customer01485@example.com,Manisa,0
1486,Kerem Yıldız,customer01486@example.com,İstanbul,0
1487,Fatma Demir,customer01487@example.com,Kastamonu,0
1488,Ahmet Koç,customer01488@example.com,Antalya,0
1489,Yusuf Güneş,customer01489@example.com,Giresun,0
1490,Buse Öztürk,customer01490@example.com,Gümüşhane,0
1491,Zeynep Aydın,customer01491@example.com,İzmir,0
1492,Elif Kurt,customer01492@example.com,Yozgat,0
1493,Ahmet Yılmaz,customer01493@example.com,Trabzon,0
1494,Derya Çelik,customer01494@example.com,Elazığ,0
1495,Barış Yılmaz,customer01495@example.com,Gümüşhane,0
1496,Eren Tekin,customer01496@example.com,Kırşehir,0
1497,Ayşe Arslan,customer01497@example.com,Samsun,0
1498,Melis Koç,customer01498@example.com,Manisa,0
1499,Kaan Arslan,customer01499@example.com,Giresun,0
1500,Kaan Doğan,customer01500@example.com,Zonguldak,0
1501,Ceren Tekin,customer01501@example.com,Niğde,0
1502,Hakan Şahin,customer01502@example.com,Adana,0
1503,Serkan Aslan,customer01503@example.com,Batman,0
1504,Elif Tekin,customer01504@example.com,Karabük,0
1505,Mert Doğan,customer01505@example.com,Bolu,0
1506,Arda Demir,customer01506@example.com,Malatya,0
1507,Eren Kılıç,customer01507@example.com,Kars,0
1508,Eren Doğan,customer01508@example.com,Erzurum,0
1509,Emre Erdoğan,customer01509@example.com,Hatay,0
1510,Melis Kaya,customer01510@example.com,Yalova,0
1511,Berk Kılıç,customer01511@example.com,Çankırı,0
1512,Fatma Yılmaz,customer01512@example.com,Uşak,0
1513,Mert Arslan,customer01513@example.com,Sakarya,0
1514,Berk Koç,customer01514@example.com,Amasya,0
1515,Hakan Güneş,customer01515@example.com,Erzurum,0
1516,Ömer Öztürk,customer01516@example.com,Bayburt,0
1517,Elif Polat,customer01517@example.com,Kahramanmaraş,0
1518,Serkan Doğan,customer01518@example.com,Edirne,0
1519,Ceren Aksoy,customer01519@example.com,Erzincan,0
1520,Mert Şahin,customer01520@example.com,Trabzon,0
1521,Emre Arslan,customer01521@example.com,Batman,0
1522,Seda Yıldız,customer01522@example.com,Kütahya,0
1523,Elif Demir,customer01523@example.com,Gümüşhane,0
1524,Kerem Öztürk,customer01524@example.com,Kırşehir,0
1525,Furkan Kılıç,customer01525@example.com,Muğla,0
1526,Eren Güneş,customer01526@example.com,Kayseri,0
1527,Kaan Şahin,customer01527@example.com,Trabzon,0
1528,Mehmet Güneş,customer01528@example.com,Ardahan,0
1529,Barış Demir,customer01529@example.com,Trabzon,0
1530,Melis Aydın,customer01530@example.com,Van,0
1531,Ali Koç,customer01531@example.com,Aksaray,0
1532,Mert Kurt,customer01532@example.com,Antalya,0
1533,Buse Çelik,customer01533@example.com,Çankırı,0
1534,Burak Kılıç,customer01534@example.com,Rize,0
1535,Hakan Özdemir,customer01535@example.com,Çorum,0
1536,Ömer Yıldız,customer01536@example.com,Bilecik,0
1537,Arda Kılıç,customer01537@example.com,Düzce,0
1538,Yusuf Kılıç,customer01538@example.com,Artvin,0
1539,Ahmet Özdemir,customer01539@example.com,Kars,0
1540,Burak Yıldız,customer01540@example.com,Bartın,0
1541,Seda Yıldız,customer01541@example.com,Şanlıurfa,0
1542,Ece Demir,customer01542@example.com,Çanakkale,0
1543,Barış Kurt,customer01543@example.com,Samsun,0
1544,Berk Kurt,customer01544@example.com,Tunceli,0
1545,Berk Yılmaz,customer01545@example.com,Amasya,0
1546,Onur Aydın,customer01546@example.com,Muğla,0
1547,Ahmet Kılıç,customer01547@example.com,Aksaray,0
1548,Burak Yılmaz,customer01548@example.com,Adana,0
1549,Elif Öztürk,customer01549@example.com,Gümüşhane,0
1550,Ayşe Aslan,customer01550@example.com,Kırşehir,0
1551,Emre Şahin,customer01551@example.com,Nevşehir,0
1552,Serkan Güneş,customer01552@example.com,Kırşehir,0
1553,Yusuf Demir,customer01553@example.com,Ankara,0
1554,Mert Doğan,customer01554@example.com,Tekirdağ,0
1555,Fatma Erdoğan,customer01555@example.com,Yalova,0
1556,Serkan Kılıç,customer01556@example.com,Siirt,0
1557,Melis Çelik,customer01557@example.com,Malatya,0
1558,Melis Polat,customer01558@example.com,Kahramanmaraş,0
1559,Seda Aydın,customer01559@example.com,Edirne,0
1560,Derya Koç,customer01560@example.com,Afyonkarahisar,0
1561,Can Öztürk,customer01561@example.com,Çanakkale,0
1562,Burak Yılmaz,customer01562@example.com,Iğdır,0
1563,Serkan Yıldız,customer01563@example.com,Bursa,0
1564,Kerem Kaya,customer01564@example.com,Muş,0
1565,Melis Arslan,customer01565@example.com,Bayburt,0
1566,Barış Kaya,customer01566@example.com,Yalova,0
1567,Mehmet Şahin,customer01567@example.com,Afyonkarahisar,0
1568,Mehmet Şahin,customer01568@example.com,Sakarya,0
1569,Kaan Koç,customer01569@example.com,Bursa,0
1570,Onur Arslan,customer01570@example.com,Trabzon,0
1571,Ayşe Çelik,customer01571@example.com,Gaziantep,0
1572,Ayşe Yılmaz,customer01572@example.com,Kırklareli,0
1573,Furkan Şahin,customer01573@example.com,Zonguldak,0
1574,Eren Tekin,customer01574@example.com,Karabük,0
1575,Ayşe Çelik,customer01575@example.com,Sakarya,0
1576,Ceren Şahin,customer01576@example.com,Yozgat,0
1577,Fatma Tekin,customer01577@example.com,Bursa,0
1578,Mert Şahin,customer01578@example.com,Bolu,0
1579,Arda Aydın,customer01579@example.com,Karabük,0
1580,Burak Arslan,customer01580@example.com,Zonguldak,0
1581,Burak Aslan,customer01581@example.com,Rize,0
1582,Mert Yıldız,customer01582@example.com,Ankara,0
1583,Onur Polat,customer01583@example.com,Gaziantep,0
1584,Ayşe Polat,customer01584@example.com,Kütahya,0
1585,Can Yılmaz,customer01585@example.com,Adıyaman,0
1586,Zeynep Demir,customer01586@example.com,Burdur,0
1587,Ceren Güneş,customer01587@example.com,Uşak,0
1588,Emre Demir,customer01588@example.com,Yozgat,0
1589,Mustafa Şahin,customer01589@example.com,Mersin,0
1590,Elif Öztürk,customer01590@example.com,Tekirdağ,0
1591,Mert Arslan,customer01591@example.com,Tokat,0
1592,Mehmet Şahin,customer01592@example.com,Elazığ,0
1593,Buse Kaya,customer01593@example.com,Kayseri,0
1594,Kerem Kılıç,customer01594@example.com,Samsun,0
1595,Fatma Şahin,customer01595@example.com,Bitlis,0
1596,Buse Kaya,customer01596@example.com,Adıyaman,0
1597,Buse Çelik,customer01597@example.com,Edirne,0
1598,Ömer Aslan,customer01598@example.com,Sinop,0
1599,Barış Arslan,customer01599@example.com,Bingöl,0
1600,Kerem Kılıç,customer01600@example.com,Erzincan,0
1601,Ali Koç,customer01601@example.com,Ordu,0
1602,Kaan Arslan,customer01602@example.com,Nevşehir,0
1603,Ayşe Polat,customer01603@example.com,Sakarya,0
1604,Elif Yıldız,customer01604@example.com,Burdur,0
1605,Emre Kaya,customer01605@example.com,Diyarbakır,0
1606,Ali Kurt,customer01606@example.com,Iğdır,0
1607,Arda Güneş,customer01607@example.com,Sinop,0
1608,Yusuf Tekin,customer01608@example.com,Muş,0
1609,Seda Aslan,customer01609@example.com,Kilis,0
1610,Ahmet Çelik,customer01610@example.com,Tunceli,0
1611,Derya Polat,customer01611@example.com,Burdur,0
1612,Melis Kurt,customer01612@example.com,Sinop,0
1613,Mehmet Demir,customer01613@example.com,İstanbul,0
1614,Elif Kılıç,customer01614@example.com,Adıyaman,0
1615,Ayşe Erdoğan,customer01615@example.com,Bartın,0
1616,Fatma Güneş,customer01616@example.com,Gümüşhane,0
1617,Zeynep Kılıç,customer01617@example.com,Zonguldak,0
1618,Serkan Tekin,customer01618@example.com,Bitlis,0
1619,Furkan Öztürk,customer01619@example.com,Tunceli,0
1620,Kerem Koç,customer01620@example.com,Denizli,0
1621,Ceren Aksoy,customer01621@example.com,Kilis,0
1622,Mehmet Yılmaz,customer01622@example.com,Diyarbakır,0
1623,Serkan Polat,customer01623@example.com,Uşak,0
1624,Buse Yıldız,customer01624@example.com,Balıkesir,0
1625,Seda Polat,customer01625@example.com,Konya,0
1626,Can Kılıç,customer01626@example.com,Kars,0
1627,Mehmet Erdoğan,customer01627@example.com,Gümüşhane,0
1628,Onur Koç,customer01628@example.com,Ordu,0
1629,Ceren Öztürk,customer01629@example.com,Bilecik,0
1630,Kaan Özdemir,customer01630@example.com,Bartın,0
1631,Kaan Demir,customer01631@example.com,Uşak,0
1632,Kaan Kılıç,customer01632@example.com,Bursa,0
1633,Arda Yılmaz,customer01633@example.com,Bolu,0
1634,Berk Kurt,customer01634@example.com,Amasya,0
1635,Onur Aksoy,customer01635@example.com,Adana,0
1636,Ceren Demir,customer01636@example.com,Karabük,0
1637,Barış Doğan,customer01637@example.com,Yozgat,0
1638,Onur Aydın,customer01638@example.com,Tekirdağ,0
1639,Ömer Aslan,customer01639@example.com,Antalya,0
1640,Ceren Öztürk,customer01640@example.com,Tekirdağ,0
1641,Ömer Aksoy,customer01641@example.com,Osmaniye,0
1642,Barış Polat,customer01642@example.com,Mardin,0
1643,Ayşe Özdemir,customer01643@example.com,Burdur,0
1644,Ali Öztürk,customer01644@example.com,Adana,0
1645,Ömer Aslan,customer01645@example.com,Kayseri,0
1646,Onur Erdoğan,customer01646@example.com,Muğla,0
1647,Ayşe Şahin,customer01647@example.com,Ankara,0
1648,Melis Yıldız,customer01648@example.com,Uşak,0
1649,Emre Kurt,customer01649@example.com,Bolu,0
1650,Eren Tekin,customer01650@example.com,Eskişehir,0
1651,Burak Şahin,customer01651@example.com,Niğde,0
1652,Burak Özdemir,customer01652@example.com,Erzurum,0
1653,Ayşe Kılıç,customer01653@example.com,Bolu,0
1654,Seda Kurt,customer01654@example.com,Ankara,0
1655,Derya Güneş,customer01655@example.com,Bursa,0
1656,Seda Özdemir,customer01656@example.com,Tekirdağ,0
1657,Zeynep Güneş,customer01657@example.com,Van,0
1658,Emre Polat,customer01658@example.com,Adana,0
1659,Serkan Kaya,customer01659@example.com,Kırıkkale,0
1660,Derya Kurt,customer01660@example.com,Ardahan,0
1661,Arda Erdoğan,customer01661@example.com,Elazığ,0
1662,Ayşe Güneş,customer01662@example.com,Elazığ,0
1663,Fatma Çelik,customer01663@example.com,Bolu,0
1664,Berk Tekin,customer01664@example.com,Karabük,0
1665,Melis Kılıç,customer01665@example.com,Van,0
1666,Melis Koç,customer01666@example.com,Sakarya,0
1667,Barış Öztürk,customer01667@example.com,Kars,0
1668,Berk Kılıç,customer01668@example.com,Kayseri,0
1669,Kaan Çelik,customer01669@example.com,Çankırı,0
1670,Furkan Tekin,customer01670@example.com,Yozgat,0
1671,Mert Aksoy,customer01671@example.com,Kocaeli,0
1672,Ayşe Aksoy,customer01672@example.com,Düzce,0
1673,Burak Aydın,customer01673@example.com,Gaziantep,0
1674,Barış Doğan,customer01674@example.com,Manisa,0
1675,Derya Çelik,customer01675@example.com,Elazığ,0
1676,Serkan Aksoy,customer01676@example.com,Konya,0
1677,Ayşe Şahin,customer01677@example.com,Kahramanmaraş,0
1678,Onur Polat,customer01678@example.com,Ardahan,0
1679,Hakan Kurt,customer01679@example.com,Bayburt,0
1680,Mert Kurt,customer01680@example.com,Adıyaman,0
1681,Serkan Şahin,customer01681@example.com,Ağrı,0
1682,Berk Çelik,customer01682@example.com,Antalya,0
1683,Zeynep Kaya,customer01683@example.com,Eskişehir,0
1684,Eren Yıldız,customer01684@example.com,Kastamonu,0
1685,Zeynep Arslan,customer01685@example.com,Çorum,0
1686,Ceren Kaya,customer01686@example.com,Kayseri,0
1687,Burak Aksoy,customer01687@example.com,Amasya,0
1688,Kerem Özdemir,customer01688@example.com,Bolu,0
1689,Barış Aksoy,customer01689@example.com,Gümüşhane,0
1690,Fatma Aksoy,customer01690@example.com,Nevşehir,0
1691,Can Erdoğan,customer01691@example.com,Kastamonu,0
1692,Ayşe Kaya,customer01692@example.com,Muş,0
1693,Berk Kurt,customer01693@example.com,Kocaeli,0
1694,Onur Kaya,customer01694@example.com,Adıyaman,0
1695,Fatma Arslan,customer01695@example.com,Eskişehir,0
1696,Barış Özdemir,customer01696@example.com,Gümüşhane,0
1697,Derya Aslan,customer01697@example.com,Iğdır,0
1698,Onur Tekin,customer01698@example.com,Eskişehir,0
1699,Seda Aydın,customer01699@example.com,Kayseri,0
1700,Kaan Yıldız,customer01700@example.com,Balıkesir,0
1701,Yusuf Yıldız,customer01701@example.com,Yozgat,0
1702,Ali Koç,customer01702@example.com,Ankara,0
1703,Furkan Arslan,customer01703@example.com,Batman,0
1704,Eren Çelik,customer01704@example.com,Diyarbakır,0
1705,Hakan Arslan,customer01705@example.com,Adana,0
1706,Ömer Özdemir,customer01706@example.com,Denizli,0
1707,Mehmet Çelik,customer01707@example.com,Konya,0
1708,Barış Kaya,customer01708@example.com,Düzce,0
1709,Barış Doğan,customer01709@example.com,Şanlıurfa,0
1710,Ece Güneş,customer01710@example.com,Kırıkkale,0
1711,Kerem Demir,customer01711@example.com,Kocaeli,0
1712,Serkan Öztürk,customer01712@example.com,Erzincan,0
1713,Serkan Demir,customer01713@example.com,Van,0
1714,Yusuf Kurt,customer01714@example.com,Karaman,0
1715,Onur Koç,customer01715@example.com,Bingöl,0
1716,Kerem Öztürk,customer01716@example.com,Giresun,0
1717,Zeynep Kılıç,customer01717@example.com,Kütahya,0
1718,Kerem Doğan,customer01718@example.com,Giresun,0
1719,Seda Tekin,customer01719@example.com,Aksaray,0
1720,Arda Aksoy,customer01720@example.com,Adıyaman,0
1721,Ali Aslan,customer01721@example.com,Sivas,0
1722,Can Tekin,customer01722@example.com,Osmaniye,0
1723,Can Kaya,customer01723@example.com,Konya,0
1724,Berk Şahin,customer01724@example.com,Nevşehir,0
1725,Eren Aksoy,customer01725@example.com,Kastamonu,0
1726,Ahmet Erdoğan,customer01726@example.com,Muğla,0
1727,Serkan Erdoğan,customer01727@example.com,Sivas,0
1728,Arda Kaya,customer01728@example.com,Kayseri,0
1729,Melis Aydın,customer01729@example.com,Konya,0
1730,Serkan Demir,customer01730@example.com,Bitlis,0
1731,Yusuf Aksoy,customer01731@example.com,Bayburt,0
1732,Ahmet Demir,customer01732@example.com,Gaziantep,0
1733,Zeynep Aydın,customer01733@example.com,Samsun,0
1734,Ceren Şahin,customer01734@example.com,Gaziantep,0
1735,Onur Kurt,customer01735@example.com,Balıkesir,0
1736,Fatma Çelik,customer01736@example.com,Ağrı,0
1737,Kaan Kılıç,customer01737@example.com,Amasya,0
1738,Mustafa Demir,customer01738@example.com,Antalya,0
1739,Yusuf Arslan,customer01739@example.com,Batman,0
1740,Mustafa Güneş,customer01740@example.com,Hakkari,0
1741,Derya Arslan,customer01741@example.com,Rize,0
1742,Berk Özdemir,customer01742@example.com,Düzce,0
1743,Berk Kurt,customer01743@example.com,Kocaeli,0
1744,Ahmet Koç,customer01744@example.com,Bursa,0
1745,Onur Yılmaz,customer01745@example.com,Osmaniye,0
1746,Mustafa Güneş,customer01746@example.com,Ankara,0
1747,Ayşe Demir,customer01747@example.com,Kahramanmaraş,0
1748,Derya Erdoğan,customer01748@example.com,Bolu,0
1749,Mert Doğan,customer01749@example.com,Karabük,0
1750,Mustafa Doğan,customer01750@example.com,Sinop,0
1751,Berk Koç,customer01751@example.com,Ağrı,0
1752,Arda Yıldız,customer01752@example.com,Bayburt,0
1753,Can Çelik,customer01753@example.com,Niğde,0
1754,Ece Aksoy,customer01754@example.com,Kayseri,0
1755,Elif Çelik,customer01755@example.com,Kırklareli,0
1756,Zeynep Aslan,customer01756@example.com,Adıyaman,0
1757,Onur Aksoy,customer01757@example.com,Çorum,0
1758,Ali Kaya,customer01758@example.com,Adana,0
1759,Hakan Tekin,customer01759@example.com,Niğde,0
1760,Onur Aksoy,customer01760@example.com,Bilecik,0
1761,Mert Aydın,customer01761@example.com,Manisa,0
1762,Burak Kurt,customer01762@example.com,Yozgat,0
1763,Emre Yıldız,customer01763@example.com,Erzincan,0
1764,Can Tekin,customer01764@example.com,Mersin,0
1765,Burak Şahin,customer01765@example.com,Erzincan,0
1766,Zeynep Güneş,customer01766@example.com,Antalya,0
1767,Buse Aksoy,customer01767@example.com,Tokat,0
1768,Elif Aksoy,customer01768@example.com,Balıkesir,0
1769,Mert Demir,customer01769@example.com,Mersin,0
1770,Ali Aydın,customer01770@example.com,Ardahan,0
1771,Arda Kılıç,customer01771@example.com,Kahramanmaraş,0
1772,Emre Öztürk,customer01772@example.com,Bitlis,0
1773,Mert Tekin,customer01773@example.com,Aydın,0
1774,Melis Aydın,customer01774@example.com,Kocaeli,0
1775,Arda Özdemir,customer01775@example.com,Kütahya,0
1776,Barış Doğan,customer01776@example.com,Ardahan,0
1777,Emre Güneş,customer01777@example.com,Şırnak,0
1778,Kerem Kılıç,customer01778@example.com,Samsun,0
1779,Yusuf Yılmaz,customer01779@example.com,Kocaeli,0
1780,Can Öztürk,customer01780@example.com,Siirt,0
1781,Eren Aslan,customer01781@example.com,Çankırı,0
1782,Zeynep Kılıç,customer01782@example.com,Tunceli,0
1783,Kaan Özdemir,customer01783@example.com,Kahramanmaraş,0
1784,Seda Doğan,customer01784@example.com,Şanlıurfa,0
1785,Onur Şahin,customer01785@example.com,Elazığ,0
1786,Elif Tekin,customer01786@example.com,Bilecik,0
1787,Ceren Arslan,customer01787@example.com,Çankırı,0
1788,Melis Aksoy,customer01788@example.com,Eskişehir,0
1789,Eren Demir,customer01789@example.com,Balıkesir,0
1790,Melis Yılmaz,customer01790@example.com,Van,0
1791,Elif Yılmaz,customer01791@example.com,Ardahan,0
1792,Hakan Koç,customer01792@example.com,Iğdır,0
1793,Burak Kaya,customer01793@example.com,Kırıkkale,0
1794,Eren Aksoy,customer01794@example.com,Karaman,0
1795,Arda Çelik,customer01795@example.com,Mardin,0
1796,Berk Öztürk,customer01796@example.com,Iğdır,0
1797,Fatma Doğan,customer01797@example.com,Çankırı,0
1798,Kaan Erdoğan,customer01798@example.com,Yozgat,0
1799,Mustafa Koç,customer01799@example.com,Mardin,0
1800,Serkan Yılmaz,customer01800@example.com,Hatay,0
1801,Buse Tekin,customer01801@example.com,Edirne,0
1802,Seda Erdoğan,customer01802@example.com,Çankırı,0
1803,Kaan Yıldız,customer01803@example.com,Elazığ,0
1804,Hakan Güneş,customer01804@example.com,Çorum,0
1805,Fatma Polat,customer01805@example.com,Kahramanmaraş,0
1806,Mehmet Öztürk,customer01806@example.com,Şanlıurfa,0
1807,Can Demir,customer01807@example.com,İstanbul,0
1808,Kerem Öztürk,customer01808@example.com,Ankara,0
1809,Zeynep Aydın,customer01809@example.com,Zonguldak,0
1810,Derya Aslan,customer01810@example.com,Nevşehir,0
1811,Arda Özdemir,customer01811@example.com,Ankara,0
1812,Mehmet Kılıç,customer01812@example.com,Bolu,0
1813,Ayşe Erdoğan,customer01813@example.com,Kars,0
1814,Ceren Arslan,customer01814@example.com,Ardahan,0
1815,Onur Güneş,customer01815@example.com,Elazığ,0
1816,Berk Koç,customer01816@example.com,Mardin,0
1817,Hakan Demir,customer01817@example.com,Zonguldak,0
1818,Eren Koç,customer01818@example.com,Gümüşhane,0
1819,Serkan Koç,customer01819@example.com,Kahramanmaraş,0
1820,Ceren Aslan,customer01820@example.com,Şanlıurfa,0
1821,Ece Polat,customer01821@example.com,Karabük,0
1822,Ahmet Erdoğan,customer01822@example.com,Çankırı,0
1823,Kaan Yıldız,customer01823@example.com,Hakkari,0
1824,Mustafa Erdoğan,customer01824@example.com,Kars,0
1825,Burak Çelik,customer01825@example.com,Erzincan,0
1826,Yusuf Aslan,customer01826@example.com,Karabük,0
1827,Ayşe Şahin,customer01827@example.com,Hakkari,0
1828,Furkan Kılıç,customer01828@example.com,Burdur,0
1829,Arda Polat,customer01829@example.com,Tunceli,0
1830,Burak Güneş,customer01830@example.com,Diyarbakır,0
1831,Elif Kurt,customer01831@example.com,Afyonkarahisar,0
1832,Can Kaya,customer01832@example.com,Çanakkale,0
1833,Hakan Güneş,customer01833@example.com,Diyarbakır,0
1834,Emre Erdoğan,customer01834@example.com,Ankara,0
1835,Melis Güneş,customer01835@example.com,Çorum,0
1836,Mehmet Yıldız,customer01836@example.com,İstanbul,0
1837,Derya Yıldız,customer01837@example.com,Zonguldak,0
1838,Berk Tekin,customer01838@example.com,Şırnak,0
1839,Elif Yılmaz,customer01839@example.com,Kastamonu,0
1840,Mustafa Aydın,customer01840@example.com,Sivas,0
1841,Barış Polat,customer01841@example.com,Tunceli,0
1842,Yusuf Öztürk,customer01842@example.com,Rize,0
1843,Barış Çelik,customer01843@example.com,Ardahan,0
1844,Ceren Yıldız,customer01844@example.com,Osmaniye,0
1845,Zeynep Erdoğan,customer01845@example.com,İstanbul,0
1846,Yusuf Kılıç,customer01846@example.com,Tekirdağ,0
1847,Barış Güneş,customer01847@example.com,Aydın,0
1848,Can Koç,customer01848@example.com,Nevşehir,0
1849,Emre Şahin,customer01849@example.com,Afyonkarahisar,0
1850,Burak Erdoğan,customer01850@example.com,Van,0
1851,Zeynep Kurt,customer01851@example.com,Denizli,0
1852,Barış Şahin,customer01852@example.com,Elazığ,0
1853,Arda Tekin,customer01853@example.com,Yalova,0
1854,Mehmet Aksoy,customer01854@example.com,Van,0
1855,Seda Şahin,customer01855@example.com,Bingöl,0
1856,Arda Çelik,customer01856@example.com,Karabük,0
1857,Onur Yılmaz,customer01857@example.com,Siirt,0
1858,Serkan Kurt,customer01858@example.com,Muğla,0
1859,Buse Kaya,customer01859@example.com,Aksaray,0
1860,Furkan Öztürk,customer01860@example.com,Tunceli,0
1861,Ece Koç,customer01861@example.com,Manisa,0
1862,Hakan Güneş,customer01862@example.com,Bitlis,0
1863,Furkan Çelik,customer01863@example.com,Mersin,0
1864,Arda Öztürk,customer01864@example.com,Bilecik,0
1865,Mert Tekin,customer01865@example.com,Karaman,0
1866,Furkan Arslan,customer01866@example.com,Erzurum,0
1867,Ahmet Yılmaz,customer01867@example.com,Bartın,0
1868,Serkan Şahin,customer01868@example.com,Zonguldak,0
1869,Ahmet Koç,customer01869@example.com,Gaziantep,0
1870,Ayşe Kılıç,customer01870@example.com,Rize,0
1871,Kerem Şahin,customer01871@example.com,Denizli,0
1872,Furkan Güneş,customer01872@example.com,Mersin,0
1873,Eren Aksoy,customer01873@example.com,Samsun,0
1874,Hakan Aslan,customer01874@example.com,Kilis,0
1875,Eren Koç,customer01875@example.com,Gaziantep,0
1876,Furkan Aksoy,customer01876@example.com,Batman,0
1877,Arda Yıldız,customer01877@example.com,Muğla,0
1878,Onur Aksoy,customer01878@example.com,Tunceli,0
1879,Eren Doğan,customer01879@example.com,Bartın,0
1880,Kerem Koç,customer01880@example.com,Çankırı,0
1881,Buse Şahin,customer01881@example.com,Hakkari,0
1882,Kaan Yıldız,customer01882@example.com,Bitlis,0
1883,Burak Erdoğan,customer01883@example.com,Ordu,0
1884,Ece Kılıç,customer01884@example.com,Kırıkkale,0
1885,Barış Kaya,customer01885@example.com,Diyarbakır,0
1886,Berk Yılmaz,customer01886@example.com,Bingöl,0
1887,Ceren Çelik,customer01887@example.com,Trabzon,0
1888,Derya Tekin,customer01888@example.com,Siirt,0
1889,Mustafa Demir,customer01889@example.com,İstanbul,0
1890,Can Aslan,customer01890@example.com,Bilecik,0
1891,Barış Kaya,customer01891@example.com,Nevşehir,0
1892,Derya Koç,customer01892@example.com,Kilis,0
1893,Elif Erdoğan,customer01893@example.com,Kastamonu,0
1894,Ayşe Tekin,customer01894@example.com,Artvin,0
1895,Seda Yıldız,customer01895@example.com,Uşak,0
1896,Kaan Yılmaz,customer01896@example.com,Eskişehir,0
1897,Buse Erdoğan,customer01897@example.com,Kastamonu,0
1898,Burak Kaya,customer01898@example.com,Yalova,0
1899,Serkan Erdoğan,customer01899@example.com,Hakkari,0
1900,Barış Yıldız,customer01900@example.com,Amasya,0
1901,Kerem Öztürk,customer01901@example.com,Adana,0
1902,Yusuf Demir,customer01902@example.com,Kars,0
1903,Seda Koç,customer01903@example.com,Kahramanmaraş,0
1904,Zeynep Koç,customer01904@example.com,Ordu,0
1905,Hakan Aydın,customer01905@example.com,Zonguldak,0
1906,Ahmet Demir,customer01906@example.com,Bingöl,0
1907,Onur Doğan,customer01907@example.com,Batman,0
1908,Derya Güneş,customer01908@example.com,Manisa,0
1909,Kerem Arslan,customer01909@example.com,Gümüşhane,0
1910,Barış Aydın,customer01910@example.com,Tekirdağ,0
1911,Derya Koç,customer01911@example.com,Bartın,0
1912,Ahmet Arslan,customer01912@example.com,Elazığ,0
1913,Furkan Erdoğan,customer01913@example.com,Bolu,0
1914,Onur Demir,customer01914@example.com,Van,0
1915,Mert Kılıç,customer01915@example.com,Burdur,0
1916,Ece Erdoğan,customer01916@example.com,Mersin,0
1917,Melis Aksoy,customer01917@example.com,Bartın,0
1918,Eren Özdemir,customer01918@example.com,Muş,0
1919,Hakan Polat,customer01919@example.com,Isparta,0
1920,Seda Kılıç,customer01920@example.com,Tekirdağ,0
1921,Zeynep Özdemir,customer01921@example.com,Iğdır,0
1922,Buse Yılmaz,customer01922@example.com,Tunceli,0
1923,Ali Arslan,customer01923@example.com,Aydın,0
1924,Berk Öztürk,customer01924@example.com,Hakkari,0
1925,Ece Kılıç,customer01925@example.com,Rize,0
1926,Kerem Erdoğan,customer01926@example.com,Bayburt,0
1927,Ahmet Arslan,customer01927@example.com,Isparta,0
1928,Mert Demir,customer01928@example.com,Ordu,0
1929,Zeynep Kılıç,customer01929@example.com,Balıkesir,0
1930,Onur Yıldız,customer01930@example.com,Trabzon,0
1931,Ömer Aslan,customer01931@example.com,Giresun,0
1932,Melis Güneş,customer01932@example.com,İzmir,0
1933,Yusuf Aydın,customer01933@example.com,Uşak,0
1934,Fatma Aydın,customer01934@example.com,Hatay,0
1935,Fatma Öztürk,customer01935@example.com,İstanbul,0
1936,Burak Öztürk,customer01936@example.com,Eskişehir,0
1937,Ceren Öztürk,customer01937@example.com,Osmaniye,0
1938,Kerem Çelik,customer01938@example.com,Bolu,0
1939,Ali Demir,customer01939@example.com,Uşak,0
1940,Barış Yılmaz,customer01940@example.com,Karaman,0
1941,Mehmet Polat,customer01941@example.com,Muğla,0
1942,Barış Kılıç,customer01942@example.com,Uşak,0
1943,Melis Güneş,customer01943@example.com,Kars,0
1944,Arda Yıldız,customer01944@example.com,Yozgat,0
1945,Eren Koç,customer01945@example.com,Gümüşhane,0
1946,Seda Güneş,customer01946@example.com,Çanakkale,0
1947,Mehmet Erdoğan,customer01947@example.com,Samsun,0
1948,Arda Aksoy,customer01948@example.com,Amasya,0
1949,Serkan Aslan,customer01949@example.com,Niğde,0
1950,Buse Yıldız,customer01950@example.com,Tekirdağ,0
1951,Ali Erdoğan,customer01951@example.com,Tekirdağ,0
1952,Ömer Yılmaz,customer01952@example.com,Adıyaman,0
1953,Zeynep Aydın,customer01953@example.com,Muş,0
1954,Hakan Şahin,customer01954@example.com,Konya,0
1955,Kerem Tekin,customer01955@example.com,İstanbul,0
1956,Yusuf Aksoy,customer01956@example.com,İstanbul,0
1957,Can Arslan,customer01957@example.com,Trabzon,0
1958,Barış Kılıç,customer01958@example.com,Mardin,0
1959,Yusuf Polat,customer01959@example.com,Samsun,0
1960,Burak Kurt,customer01960@example.com,Muğla,0
1961,Kerem Koç,customer01961@example.com,Kars,0
1962,Kaan Yıldız,customer01962@example.com,Bartın,0
1963,Emre Güneş,customer01963@example.com,Hakkari,0
1964,Ceren Şahin,customer01964@example.com,İzmir,0
1965,Ece Öztürk,customer01965@example.com,Batman,0
1966,Furkan Koç,customer01966@example.com,Eskişehir,0
1967,Emre Çelik,customer01967@example.com,Trabzon,0
1968,Ece Yılmaz,customer01968@example.com,Elazığ,0
1969,Furkan Polat,customer01969@example.com,Çankırı,0
1970,Melis Erdoğan,customer01970@example.com,Bayburt,0
1971,Fatma Kılıç,customer01971@example.com,Şanlıurfa,0
1972,Mert Arslan,customer01972@example.com,Batman,0
1973,Buse Güneş,customer01973@example.com,Antalya,0
1974,Berk Şahin,customer01974@example.com,Diyarbakır,0
1975,Mehmet Aydın,customer01975@example.com,Mersin,0
1976,Arda Şahin,customer01976@example.com,Sivas,0
1977,Fatma Kılıç,customer01977@example.com,İstanbul,0
1978,Kerem Aslan,customer01978@example.com,Batman,0
1979,Onur Arslan,customer01979@example.com,Manisa,0
1980,Ahmet Kurt,customer01980@example.com,Bursa,0
1981,Kerem Tekin,customer01981@example.com,Eskişehir,0
1982,Hakan Güneş,customer01982@example.com,Bayburt,0
1983,Yusuf Doğan,customer01983@example.com,Kahramanmaraş,0
1984,Ömer Erdoğan,customer01984@example.com,Şanlıurfa,0
1985,Seda Özdemir,customer01985@example.com,Bilecik,0
1986,Berk Tekin,customer01986@example.com,Kastamonu,0
1987,Kaan Çelik,customer01987@example.com,Edirne,0
1988,Elif Kılıç,customer01988@example.com,Sakarya,0
1989,Elif Tekin,customer01989@example.com,Bartın,0
1990,Berk Demir,customer01990@example.com,Bilecik,0
1991,Yusuf Kılıç,customer01991@example.com,Hakkari,0
1992,Ömer Kılıç,customer01992@example.com,Kayseri,0
1993,Ayşe Arslan,customer01993@example.com,Karabük,0
1994,Elif Koç,customer01994@example.com,İzmir,0
1995,Melis Özdemir,customer01995@example.com,Mardin,0
1996,Fatma Güneş,customer01996@example.com,Zonguldak,0
1997,Kaan Kurt,customer01997@example.com,Edirne,0
1998,Yusuf Yılmaz,customer01998@example.com,Çanakkale,0
1999,Fatma Öztürk,customer01999@example.com,Mersin,0
2000,Fatma Demir,customer02000@example.com,Gaziantep,0
2001,Yusuf Koç,customer02001@example.com,Bolu,0
2002,Ali Demir,customer02002@example.com,Trabzon,0
2003,Onur Kaya,customer02003@example.com,Ağrı,0
2004,Seda Koç,customer02004@example.com,Aksaray,0
2005,Seda Demir,customer02005@example.com,Bolu,0
2006,Eren Tekin,customer02006@example.com,Denizli,0
2007,Mustafa Koç,customer02007@example.com,Kırşehir,0
2008,Can Öztürk,customer02008@example.com,Kastamonu,0
2009,Kaan Çelik,customer02009@example.com,Çanakkale,0
2010,Serkan Yıldız,customer02010@example.com,Ağrı,0
2011,Mehmet Aslan,customer02011@example.com,Konya,0
2012,Buse Polat,customer02012@example.com,Tokat,0
2013,Buse Aksoy,customer02013@example.com,İzmir,0
2014,Onur Özdemir,customer02014@example.com,Çankırı,0
2015,Ayşe Aksoy,customer02015@example.com,Elazığ,0
2016,Hakan Tekin,customer02016@example.com,Tekirdağ,0
2017,Elif Güneş,customer02017@example.com,Siirt,0
2018,Serkan Aksoy,customer02018@example.com,Kırşehir,0
2019,Derya Aslan,customer02019@example.com,Tunceli,0
2020,Onur Öztürk,customer02020@example.com,Bingöl,0
2021,Kaan Doğan,customer02021@example.com,Mardin,0
2022,Furkan Arslan,customer02022@example.com,Denizli,0
2023,Mert Yılmaz,customer02023@example.com,Adana,0
2024,Serkan Çelik,customer02024@example.com,Manisa,0
2025,Mert Polat,customer02025@example.com,Bayburt,0
2026,Ahmet Polat,customer02026@example.com,Tunceli,0
2027,Mert Yılmaz,customer02027@example.com,Siirt,0
2028,Ece Doğan,customer02028@example.com,Yalova,0
2029,Can Yılmaz,customer02029@example.com,Kırıkkale,0
2030,Kerem Aydın,customer02030@example.com,Rize,0
2031,Melis Aksoy,customer02031@example.com,Siirt,0
2032,Berk Öztürk,customer02032@example.com,Diyarbakır,0
2033,Ayşe Koç,customer02033@example.com,Muş,0
2034,Can Arslan,customer02034@example.com,Bilecik,0
2035,Furkan Öztürk,customer02035@example.com,Zonguldak,0
2036,Seda Tekin,customer02036@example.com,İzmir,0
2037,Mert Aksoy,customer02037@example.com,İzmir,0
2038,Furkan Aydın,customer02038@example.com,Aydın,0
2039,Yusuf Çelik,customer02039@example.com,Kayseri,0
2040,Ali Özdemir,customer02040@example.com,Osmaniye,0
2041,Kaan Arslan,customer02041@example.com,Osmaniye,0
2042,Arda Aydın,customer02042@example.com,Konya,0
2043,Ahmet Çelik,customer02043@example.com,Antalya,0
2044,Onur Yılmaz,customer02044@example.com,Erzincan,0
2045,Ali Doğan,customer02045@example.com,İzmir,0
2046,Emre Özdemir,customer02046@example.com,Adıyaman,0
2047,Can Demir,customer02047@example.com,Denizli,0
2048,Ahmet Polat,customer02048@example.com,Giresun,0
2049,Ömer Kurt,customer02049@example.com,Kırşehir,0
2050,Ece Polat,customer02050@example.com,Muğla,0
2051,Kaan Kaya,customer02051@example.com,Kütahya,0
2052,Mustafa Çelik,customer02052@example.com,Artvin,0
2053,Eren Koç,customer02053@example.com,Balıkesir,0
2054,Onur Polat,customer02054@example.com,Erzincan,0
2055,Burak Arslan,customer02055@example.com,Muş,0
2056,Ceren Yılmaz,customer02056@example.com,Bursa,0
2057,Seda Öztürk,customer02057@example.com,Nevşehir,0
2058,Seda Özdemir,customer02058@example.com,Isparta,0
2059,Fatma Kaya,customer02059@example.com,Eskişehir,0
2060,Kaan Şahin,customer02060@example.com,Zonguldak,0
2061,Zeynep Aydın,customer02061@example.com,Trabzon,0
2062,Berk Doğan,customer02062@example.com,Konya,0
2063,Yusuf Kaya,customer02063@example.com,Kırıkkale,0
2064,Serkan Şahin,customer02064@example.com,Mersin,0
2065,Arda Doğan,customer02065@example.com,Eskişehir,0
2066,Kerem Kaya,customer02066@example.com,Giresun,0
2067,Ali Öztürk,customer02067@example.com,Siirt,0
2068,Ömer Yılmaz,customer02068@example.com,Edirne,0
2069,Ece Arslan,customer02069@example.com,Ardahan,0
2070,Ali Koç,customer02070@example.com,Isparta,0
2071,Ahmet Kaya,customer02071@example.com,Ardahan,0
2072,Ece Polat,customer02072@example.com,Yalova,0
2073,Emre Aslan,customer02073@example.com,Bingöl,0
2074,Can Yıldız,customer02074@example.com,Uşak,0
2075,Mustafa Tekin,customer02075@example.com,Malatya,0
2076,Derya Kaya,customer02076@example.com,Artvin,0
2077,Kerem Çelik,customer02077@example.com,Bayburt,0
2078,Ece Şahin,customer02078@example.com,Çanakkale,0
2079,Arda Öztürk,customer02079@example.com,Kocaeli,0
2080,Onur Aslan,customer02080@example.com,Sinop,0
2081,Fatma Aydın,customer02081@example.com,Afyonkarahisar,0
2082,Ayşe Koç,customer02082@example.com,Kahramanmaraş,0
2083,Fatma Çelik,customer02083@example.com,Mersin,0
2084,Melis Kaya,customer02084@example.com,Şanlıurfa,0
2085,Ayşe Özdemir,customer02085@example.com,Batman,0
2086,Mert Aksoy,customer02086@example.com,Şanlıurfa,0
2087,Burak Güneş,customer02087@example.com,Erzincan,0
2088,Onur Aslan,customer02088@example.com,Konya,0
2089,Fatma Özdemir,customer02089@example.com,Kars,0
2090,Buse Tekin,customer02090@example.com,Kırıkkale,0
2091,Yusuf Demir,customer02091@example.com,Aksaray,0
2092,Emre Özdemir,customer02092@example.com,Kayseri,0
2093,Ceren Arslan,customer02093@example.com,Karaman,0
2094,Kerem Özdemir,customer02094@example.com,Adana,0
2095,Seda Erdoğan,customer02095@example.com,Muş,0
2096,Fatma Yıldız,customer02096@example.com,Afyonkarahisar,0
2097,Barış Aslan,customer02097@example.com,Osmaniye,0
2098,Can Kılıç,customer02098@example.com,Aydın,0
2099,Zeynep Aksoy,customer02099@example.com,Nevşehir,0
2100,Burak Erdoğan,customer02100@example.com,Uşak,0
2101,Seda Aksoy,customer02101@example.com,Denizli,0
2102,Barış Doğan,customer02102@example.com,Konya,0
2103,Furkan Kılıç,customer02103@example.com,Burdur,0
2104,Ali Erdoğan,customer02104@example.com,Aydın,0
2105,Mehmet Çelik,customer02105@example.com,Elazığ,0
2106,Buse Kaya,customer02106@example.com,Eskişehir,0
2107,Ali Polat,customer02107@example.com,Erzurum,0
2108,Ali Kaya,customer02108@example.com,Bartın,0
2109,Elif Koç,customer02109@example.com,Şanlıurfa,0
2110,Serkan Tekin,customer02110@example.com,Iğdır,0
2111,Eren Kaya,customer02111@example.com,Mardin,0
2112,Can Tekin,customer02112@example.com,Balıkesir,0
2113,Ahmet Aydın,customer02113@example.com,Şanlıurfa,0
2114,Derya Demir,customer02114@example.com,Tokat,0
2115,Ece Kaya,customer02115@example.com,Mardin,0
2116,Onur Kurt,customer02116@example.com,Muğla,0
2117,Ece Kaya,customer02117@example.com,Kilis,0
2118,Eren Erdoğan,customer02118@example.com,Ankara,0
2119,Fatma Demir,customer02119@example.com,Kırklareli,0
2120,Mustafa Aydın,customer02120@example.com,Zonguldak,0
2121,Ali Şahin,customer02121@example.com,Hakkari,0
2122,Onur Koç,customer02122@example.com,Erzurum,0
2123,Burak Erdoğan,customer02123@example.com,Isparta,0
2124,Hakan Yıldız,customer02124@example.com,Batman,0
2125,Fatma Aksoy,customer02125@example.com,Sakarya,0
2126,Fatma Şahin,customer02126@example.com,Bartın,0
2127,Kerem Özdemir,customer02127@example.com,Samsun,0
2128,Melis Şahin,customer02128@example.com,Edirne,0
2129,Ece Yıldız,customer02129@example.com,Kırıkkale,0
2130,Berk Erdoğan,customer02130@example.com,Malatya,0
2131,Zeynep Yıldız,customer02131@example.com,Bayburt,0
2132,Barış Özdemir,customer02132@example.com,Kahramanmaraş,0
2133,Melis Kılıç,customer02133@example.com,Kırıkkale,0
2134,Ömer Aslan,customer02134@example.com,Rize,0
2135,Seda Kurt,customer02135@example.com,Konya,0
2136,Barış Öztürk,customer02136@example.com,Şırnak,0
2137,Onur Aydın,customer02137@example.com,Muş,0
2138,Seda Aksoy,customer02138@example.com,Mersin,0
2139,Kerem Özdemir,customer02139@example.com,Sivas,0
2140,Berk Yılmaz,customer02140@example.com,Amasya,0
2141,Mert Tekin,customer02141@example.com,Afyonkarahisar,0
2142,Serkan Çelik,customer02142@example.com,Kırklareli,0
2143,Ahmet Doğan,customer02143@example.com,Gümüşhane,0
2144,Burak Kılıç,customer02144@example.com,Afyonkarahisar,0
2145,Seda Arslan,customer02145@example.com,Kırıkkale,0
2146,Serkan Aksoy,customer02146@example.com,Bartın,0
2147,Derya Güneş,customer02147@example.com,Denizli,0
2148,Ali Kaya,customer02148@example.com,Tekirdağ,0
2149,Kerem Çelik,customer02149@example.com,Çankırı,0
2150,Eren Aslan,customer02150@example.com,Ardahan,0
2151,Can Öztürk,customer02151@example.com,Mersin,0
2152,Ece Doğan,customer02152@example.com,Bingöl,0
2153,Hakan Koç,customer02153@example.com,Şırnak,0
2154,Derya Aydın,customer02154@example.com,Balıkesir,0
2155,Fatma Kılıç,customer02155@example.com,Tunceli,0
2156,Yusuf Polat,customer02156@example.com,Bartın,0
2157,Ceren Şahin,customer02157@example.com,Yalova,0
2158,Elif Doğan,customer02158@example.com,Amasya,0
2159,Fatma Güneş,customer02159@example.com,Muş,0
2160,Mustafa Kaya,customer02160@example.com,Kütahya,0
2161,Kerem Kurt,customer02161@example.com,Sakarya,0
2162,Derya Şahin,customer02162@example.com,Hakkari,0
2163,Fatma Tekin,customer02163@example.com,Adıyaman,0
2164,Elif Koç,customer02164@example.com,Antalya,0
2165,Mert Erdoğan,customer02165@example.com,Ankara,0
2166,Ömer Aksoy,customer02166@example.com,Şırnak,0
2167,Emre Kılıç,customer02167@example.com,Van,0
2168,Ayşe Öztürk,customer02168@example.com,Denizli,0
2169,Mehmet Koç,customer02169@example.com,Sivas,0
2170,Seda Tekin,customer02170@example.com,Bartın,0
2171,Serkan Demir,customer02171@example.com,Gümüşhane,0
2172,Furkan Doğan,customer02172@example.com,Niğde,0
2173,Emre Çelik,customer02173@example.com,Malatya,0
2174,Mustafa Polat,customer02174@example.com,Bartın,0
2175,Fatma Kaya,customer02175@example.com,Kırıkkale,0
2176,Berk Arslan,customer02176@example.com,Bilecik,0
2177,Berk Erdoğan,customer02177@example.com,Siirt,0
2178,Seda Çelik,customer02178@example.com,Çankırı,0
2179,Arda Aksoy,customer02179@example.com,Eskişehir,0
2180,Arda Koç,customer02180@example.com,Bartın,0
2181,Burak Aksoy,customer02181@example.com,Kilis,0
2182,Fatma Erdoğan,customer02182@example.com,Isparta,0
2183,Can Demir,customer02183@example.com,İzmir,0
2184,Seda Kurt,customer02184@example.com,Konya,0
2185,Zeynep Güneş,customer02185@example.com,Bingöl,0
2186,Ali Kurt,customer02186@example.com,Samsun,0
2187,Kerem Aslan,customer02187@example.com,Erzurum,0
2188,Ömer Aslan,customer02188@example.com,Yalova,0
2189,Elif Yılmaz,customer02189@example.com,Kırşehir,0
2190,Yusuf Aslan,customer02190@example.com,Kilis,0
2191,Ceren Özdemir,customer02191@example.com,Osmaniye,0
2192,Emre Özdemir,customer02192@example.com,Ankara,0
2193,Derya Öztürk,customer02193@example.com,Eskişehir,0
2194,Zeynep Aslan,customer02194@example.com,Denizli,0
2195,Seda Demir,customer02195@example.com,Burdur,0
2196,Fatma Kaya,customer02196@example.com,Isparta,0
2197,Barış Çelik,customer02197@example.com,Kastamonu,0
2198,Ahmet Kılıç,customer02198@example.com,Burdur,0
2199,Mert Özdemir,customer02199@example.com,Trabzon,0
2200,Ahmet Kılıç,customer02200@example.com,Gaziantep,0
2201,Fatma Aksoy,customer02201@example.com,Giresun,0
2202,Burak Aksoy,customer02202@example.com,Zonguldak,0
2203,Seda Arslan,customer02203@example.com,Kırıkkale,0
2204,Arda Tekin,customer02204@example.com,Çorum,0
2205,Ayşe Yılmaz,customer02205@example.com,Muş,0
2206,Hakan Erdoğan,customer02206@example.com,Ankara,0
2207,Eren Yıldız,customer02207@example.com,Artvin,0
2208,Mert Aydın,customer02208@example.com,Osmaniye,0
2209,Eren Kaya,customer02209@example.com,Tokat,0
2210,Elif Yılmaz,customer02210@example.com,Aydın,0
2211,Berk Arslan,customer02211@example.com,Mardin,0
2212,Buse Şahin,customer02212@example.com,Afyonkarahisar,0
2213,Mert Koç,customer02213@example.com,Hakkari,0
2214,Berk Erdoğan,customer02214@example.com,Bitlis,0
2215,Melis Kılıç,customer02215@example.com,Şanlıurfa,0
2216,Buse Tekin,customer02216@example.com,Bayburt,0
2217,Mustafa Yıldız,customer02217@example.com,Eskişehir,0
2218,Serkan Özdemir,customer02218@example.com,Batman,0
2219,Derya Yılmaz,customer02219@example.com,Ankara,0
2220,Can Erdoğan,customer02220@example.com,Kırşehir,0
2221,Ömer Polat,customer02221@example.com,Niğde,0
2222,Fatma Yıldız,customer02222@example.com,Afyonkarahisar,0
2223,Kerem Aslan,customer02223@example.com,Kahramanmaraş,0
2224,Elif Doğan,customer02224@example.com,Hatay,0
2225,Serkan Arslan,customer02225@example.com,Artvin,0
2226,Elif Arslan,customer02226@example.com,Nevşehir,0
2227,Melis Yılmaz,customer02227@example.com,Batman,0
2228,Eren Öztürk,customer02228@example.com,Denizli,0
2229,Ömer Koç,customer02229@example.com,Çankırı,0
2230,Mustafa Koç,customer02230@example.com,Zonguldak,0
2231,Zeynep Tekin,customer02231@example.com,Düzce,0
2232,Zeynep Öztürk,customer02232@example.com,Sakarya,0
2233,Can Güneş,customer02233@example.com,Denizli,0
2234,Furkan Doğan,customer02234@example.com,Karabük,0
2235,Ömer Özdemir,customer02235@example.com,Karaman,0
2236,Emre Aydın,customer02236@example.com,Çankırı,0
2237,Hakan Aksoy,customer02237@example.com,Eskişehir,0
2238,Buse Çelik,customer02238@example.com,Kırşehir,0
2239,Ayşe Erdoğan,customer02239@example.com,Çankırı,0
2240,Furkan Çelik,customer02240@example.com,Şırnak,0
2241,Derya Yıldız,customer02241@example.com,Kocaeli,0
2242,Mustafa Aksoy,customer02242@example.com,Bayburt,0
2243,Fatma Şahin,customer02243@example.com,Erzincan,0
2244,Ömer Çelik,customer02244@example.com,Ağrı,0
2245,Seda Kılıç,customer02245@example.com,Rize,0
2246,Furkan Doğan,customer02246@example.com,Sinop,0
2247,Fatma Arslan,customer02247@example.com,Denizli,0
2248,Seda Aydın,customer02248@example.com,Bolu,0
2249,Emre Yıldız,customer02249@example.com,Ağrı,0
2250,Seda Tekin,customer02250@example.com,Kilis,0
2251,Eren Tekin,customer02251@example.com,Şırnak,0
2252,Barış Öztürk,customer02252@example.com,Yalova,0
2253,Can Öztürk,customer02253@example.com,Ağrı,0
2254,Kerem Demir,customer02254@example.com,Tunceli,0
2255,Emre Erdoğan,customer02255@example.com,Karabük,0
2256,Arda Aslan,customer02256@example.com,Erzincan,0
2257,Buse Koç,customer02257@example.com,Şanlıurfa,0
2258,Arda Çelik,customer02258@example.com,Diyarbakır,0
2259,Burak Öztürk,customer02259@example.com,Amasya,0
2260,Furkan Yılmaz,customer02260@example.com,İzmir,0
2261,Furkan Öztürk,customer02261@example.com,Eskişehir,0
2262,Seda Aydın,customer02262@example.com,Aydın,0
2263,Yusuf Özdemir,customer02263@example.com,Kilis,0
2264,Arda Kılıç,customer02264@example.com,Tekirdağ,0
2265,Melis Öztürk,customer02265@example.com,Samsun,0
2266,Berk Kaya,customer02266@example.com,Karabük,0
2267,Fatma Koç,customer02267@example.com,Kocaeli,0
2268,Berk Tekin,customer02268@example.com,Bartın,0
2269,Barış Aksoy,customer02269@example.com,Aksaray,0
2270,Elif Kaya,customer02270@example.com,Zonguldak,0
2271,Ali Özdemir,customer02271@example.com,Tekirdağ,0
2272,Ceren Kaya,customer02272@example.com,Isparta,0
2273,Serkan Aksoy,customer02273@example.com,Niğde,0
2274,Fatma Kaya,customer02274@example.com,Batman,0
2275,Berk Erdoğan,customer02275@example.com,Düzce,0
2276,Mehmet Aydın,customer02276@example.com,Kayseri,0
2277,Kaan Koç,customer02277@example.com,Kırklareli,0
2278,Seda Doğan,customer02278@example.com,Tokat,0
2279,Yusuf Kurt,customer02279@example.com,Kayseri,0
2280,Barış Kaya,customer02280@example.com,Zonguldak,0
2281,Melis Çelik,customer02281@example.com,Tokat,0
2282,Ceren Özdemir,customer02282@example.com,Bingöl,0
2283,Fatma Erdoğan,customer02283@example.com,Burdur,0
2284,Yusuf Güneş,customer02284@example.com,Karaman,0
2285,Emre Koç,customer02285@example.com,Rize,0
2286,Ömer Özdemir,customer02286@example.com,Ağrı,0
2287,Yusuf Özdemir,customer02287@example.com,Iğdır,0
2288,Melis Aydın,customer02288@example.com,Tekirdağ,0
2289,Mustafa Arslan,customer02289@example.com,Konya,0
2290,Ayşe Yıldız,customer02290@example.com,Bursa,0
2291,Mustafa Şahin,customer02291@example.com,Sivas,0
2292,Elif Aslan,customer02292@example.com,Bilecik,0
2293,Serkan Koç,customer02293@example.com,Yozgat,0
2294,Barış Yıldız,customer02294@example.com,Muş,0
2295,Onur Koç,customer02295@example.com,Ankara,0
2296,Seda Yıldız,customer02296@example.com,Kütahya,0
2297,Hakan Çelik,customer02297@example.com,Diyarbakır,0
2298,Buse Çelik,customer02298@example.com,Elazığ,0
2299,Seda Kaya,customer02299@example.com,Sakarya,0
2300,Mert Doğan,customer02300@example.com,Sivas,0
2301,Mert Yıldız,customer02301@example.com,Bursa,0
2302,Melis Çelik,customer02302@example.com,Eskişehir,0
2303,Ahmet Tekin,customer02303@example.com,Mersin,0
2304,Ahmet Özdemir,customer02304@example.com,Uşak,0
2305,Buse Polat,customer02305@example.com,Karaman,0
2306,Ece Yılmaz,customer02306@example.com,Karabük,0
2307,Melis Polat,customer02307@example.com,Hatay,0
2308,Burak Güneş,customer02308@example.com,Trabzon,0
2309,Kaan Kurt,customer02309@example.com,Sinop,0
2310,Mustafa Tekin,customer02310@example.com,Yalova,0
2311,Ahmet Öztürk,customer02311@example.com,Kırıkkale,0
2312,Eren Tekin,customer02312@example.com,Düzce,0
2313,Onur Aydın,customer02313@example.com,Antalya,0
2314,Yusuf Çelik,customer02314@example.com,Artvin,0
2315,Elif Aslan,customer02315@example.com,Amasya,0
2316,Emre Kaya,customer02316@example.com,Bartın,0
2317,Ceren Tekin,customer02317@example.com,Kırklareli,0
2318,Ömer Demir,customer02318@example.com,Antalya,0
2319,Ali Kurt,customer02319@example.com,Elazığ,0
2320,Yusuf Doğan,customer02320@example.com,Kilis,0
2321,Zeynep Tekin,customer02321@example.com,Bartın,0
2322,Ece Aksoy,customer02322@example.com,Elazığ,0
2323,Kaan Güneş,customer02323@example.com,Mardin,0
2324,Derya Kaya,customer02324@example.com,Bingöl,0
2325,Seda Doğan,customer02325@example.com,Konya,0
2326,Kerem Koç,customer02326@example.com,Aydın,0
2327,Seda Kurt,customer02327@example.com,Kırıkkale,0
2328,Mustafa Doğan,customer02328@example.com,Trabzon,0
2329,Emre Şahin,customer02329@example.com,Kars,0
2330,Ömer Erdoğan,customer02330@example.com,Rize,0
2331,Serkan Aydın,customer02331@example.com,Gaziantep,0
2332,Barış Kaya,customer02332@example.com,Bolu,0
2333,Hakan Erdoğan,customer02333@example.com,Bingöl,0
2334,Arda Tekin,customer02334@example.com,Kastamonu,0
2335,Furkan Tekin,customer02335@example.com,Kocaeli,0
2336,Eren Erdoğan,customer02336@example.com,Bartın,0
2337,Barış Aslan,customer02337@example.com,Çanakkale,0
2338,Barış Güneş,customer02338@example.com,Uşak,0
2339,Serkan Polat,customer02339@example.com,Uşak,0
2340,Ece Yıldız,customer02340@example.com,Kilis,0
2341,Can Doğan,customer02341@example.com,Erzurum,0
2342,Ahmet Şahin,customer02342@example.com,Ağrı,0
2343,Kaan Şahin,customer02343@example.com,Gaziantep,0
2344,Ece Tekin,customer02344@example.com,Sakarya,0
2345,Furkan Kaya,customer02345@example.com,Kütahya,0
2346,Kerem Aksoy,customer02346@example.com,Giresun,0
2347,Ahmet Aydın,customer02347@example.com,Kastamonu,0
2348,Eren Demir,customer02348@example.com,Kırşehir,0
2349,Mert Erdoğan,customer02349@example.com,Kırıkkale,0
2350,Ömer Yılmaz,customer02350@example.com,Burdur,0
2351,Zeynep Kılıç,customer02351@example.com,Malatya,0
2352,Berk Güneş,customer02352@example.com,Kilis,0
2353,Ahmet Yıldız,customer02353@example.com,Erzurum,0
2354,Ömer Kılıç,customer02354@example.com,Tunceli,0
2355,Derya Polat,customer02355@example.com,Amasya,0
2356,Elif Çelik,customer02356@example.com,Tunceli,0
2357,Emre Özdemir,customer02357@example.com,Bayburt,0
2358,Melis Kılıç,customer02358@example.com,Tokat,0
2359,Ece Kurt,customer02359@example.com,Artvin,0
2360,Ceren Erdoğan,customer02360@example.com,Kırklareli,0
2361,Hakan Kılıç,customer02361@example.com,Batman,0
2362,Onur Yılmaz,customer02362@example.com,Gaziantep,0
2363,Hakan Kılıç,customer02363@example.com,Kahramanmaraş,0
2364,Mustafa Çelik,customer02364@example.com,Kars,0
2365,Ceren Yılmaz,customer02365@example.com,Malatya,0
2366,Berk Aksoy,customer02366@example.com,Edirne,0
2367,Hakan Tekin,customer02367@example.com,Nevşehir,0
2368,Yusuf Tekin,customer02368@example.com,Burdur,0
2369,Buse Doğan,customer02369@example.com,Kocaeli,0
2370,Ayşe Kaya,customer02370@example.com,İzmir,0
2371,Furkan Demir,customer02371@example.com,Uşak,0
2372,Melis Öztürk,customer02372@example.com,Muğla,0
2373,Kaan Doğan,customer02373@example.com,Giresun,0
2374,Serkan Doğan,customer02374@example.com,Elazığ,0
2375,Ali Aslan,customer02375@example.com,Amasya,0
2376,Seda Aydın,customer02376@example.com,Bingöl,0
2377,Kaan Erdoğan,customer02377@example.com,Ağrı,0
2378,Ece Polat,customer02378@example.com,Van,0
2379,Emre Aydın,customer02379@example.com,Malatya,0
2380,Derya Polat,customer02380@example.com,Aksaray,0
2381,Mert Kılıç,customer02381@example.com,Çorum,0
2382,Seda Şahin,customer02382@example.com,Zonguldak,0
2383,Zeynep Çelik,customer02383@example.com,Gaziantep,0
2384,Fatma Kaya,customer02384@example.com,Tekirdağ,0
2385,Berk Erdoğan,customer02385@example.com,Burdur,0
2386,Ahmet Doğan,customer02386@example.com,Ankara,0
2387,Zeynep Tekin,customer02387@example.com,Bingöl,0
2388,Ömer Özdemir,customer02388@example.com,Ankara,0
2389,Ali Erdoğan,customer02389@example.com,Kırşehir,0
2390,Ahmet Güneş,customer02390@example.com,Kırşehir,0
2391,Elif Aydın,customer02391@example.com,Konya,0
2392,Burak Aydın,customer02392@example.com,Kastamonu,0
2393,Eren Aksoy,customer02393@example.com,Kocaeli,0
2394,Seda Özdemir,customer02394@example.com,Bursa,0
2395,Eren Çelik,customer02395@example.com,Diyarbakır,0
2396,Eren Şahin,customer02396@example.com,Adıyaman,0
2397,Barış Aksoy,customer02397@example.com,Yozgat,0
2398,Ali Aydın,customer02398@example.com,Karaman,0
2399,Kerem Aksoy,customer02399@example.com,Kocaeli,0
2400,Eren Çelik,customer02400@example.com,Kastamonu,0
2401,Hakan Öztürk,customer02401@example.com,Edirne,0
2402,Mustafa Doğan,customer02402@example.com,Kilis,0
2403,Melis Kılıç,customer02403@example.com,Karaman,0
2404,Kaan Kaya,customer02404@example.com,Çanakkale,0
2405,Ahmet Polat,customer02405@example.com,Antalya,0
2406,Ali Koç,customer02406@example.com,Antalya,0
2407,Mustafa Kurt,customer02407@example.com,Niğde,0
2408,Yusuf Tekin,customer02408@example.com,Iğdır,0
2409,Elif Özdemir,customer02409@example.com,Kilis,0
2410,Kerem Doğan,customer02410@example.com,Kütahya,0
2411,Ceren Aydın,customer02411@example.com,Bayburt,0
2412,Mustafa Özdemir,customer02412@example.com,Şırnak,0
2413,Emre Demir,customer02413@example.com,Tokat,0
2414,Ali Özdemir,customer02414@example.com,Kırşehir,0
2415,Zeynep Özdemir,customer02415@example.com,Trabzon,0
2416,Can Öztürk,customer02416@example.com,Çorum,0
2417,Buse Tekin,customer02417@example.com,İstanbul,0
2418,Derya Aslan,customer02418@example.com,Niğde,0
2419,Yusuf Kılıç,customer02419@example.com,Konya,0
2420,Kaan Polat,customer02420@example.com,Ağrı,0
2421,Mustafa Polat,customer02421@example.com,Burdur,0
2422,Kerem Polat,customer02422@example.com,Tokat,0
2423,Buse Yıldız,customer02423@example.com,Kastamonu,0
2424,Seda Aslan,customer02424@example.com,Karabük,0
2425,Hakan Çelik,customer02425@example.com,Yozgat,0
2426,Ali Koç,customer02426@example.com,Bolu,0
2427,Ömer Aksoy,customer02427@example.com,Balıkesir,0
2428,Ece Doğan,customer02428@example.com,Bayburt,0
2429,Kaan Koç,customer02429@example.com,Iğdır,0
2430,Furkan Öztürk,customer02430@example.com,Osmaniye,0
2431,Can Aksoy,customer02431@example.com,Diyarbakır,0
2432,Arda Koç,customer02432@example.com,Aydın,0
2433,Ömer Aydın,customer02433@example.com,Iğdır,0
2434,Furkan Kurt,customer02434@example.com,Şırnak,0
2435,Ece Kılıç,customer02435@example.com,Karaman,0
2436,Ayşe Öztürk,customer02436@example.com,Elazığ,0
2437,Zeynep Demir,customer02437@example.com,Bartın,0
2438,Ceren Polat,customer02438@example.com,Burdur,0
2439,Hakan Tekin,customer02439@example.com,Tokat,0
2440,Ömer Aksoy,customer02440@example.com,Bitlis,0
2441,Ceren Özdemir,customer02441@example.com,Elazığ,0
2442,Mert Koç,customer02442@example.com,Aydın,0
2443,Barış Şahin,customer02443@example.com,Yalova,0
2444,Seda Koç,customer02444@example.com,Konya,0
2445,Arda Kaya,customer02445@example.com,Bingöl,0
2446,Burak Çelik,customer02446@example.com,Ardahan,0
2447,Melis Yılmaz,customer02447@example.com,Çorum,0
2448,Zeynep Çelik,customer02448@example.com,Sivas,0
2449,Onur Doğan,customer02449@example.com,Nevşehir,0
2450,Barış Güneş,customer02450@example.com,Sivas,0
2451,Burak Aydın,customer02451@example.com,Kocaeli,0
2452,Mert Güneş,customer02452@example.com,Kırklareli,0
2453,Derya Kurt,customer02453@example.com,Manisa,0
2454,Mustafa Güneş,customer02454@example.com,Adıyaman,0
2455,Barış Erdoğan,customer02455@example.com,Ordu,0
2456,Buse Çelik,customer02456@example.com,Kayseri,0
2457,Mehmet Aslan,customer02457@example.com,Kırıkkale,0
2458,Mehmet Yılmaz,customer02458@example.com,Batman,0
2459,Ceren Aslan,customer02459@example.com,Burdur,0
2460,Buse Doğan,customer02460@example.com,Ağrı,0
2461,Can Kurt,customer02461@example.com,Iğdır,0
2462,Berk Kılıç,customer02462@example.com,Muş,0
2463,Berk Koç,customer02463@example.com,Siirt,0
2464,Onur Aydın,customer02464@example.com,Elazığ,0
2465,Arda Çelik,customer02465@example.com,Erzurum,0
2466,Onur Koç,customer02466@example.com,Mardin,0
2467,Ceren Kurt,customer02467@example.com,Denizli,0
2468,Mert Çelik,customer02468@example.com,Çankırı,0
2469,Ahmet Demir,customer02469@example.com,Afyonkarahisar,0
2470,Emre Polat,customer02470@example.com,Siirt,0
2471,Emre Demir,customer02471@example.com,Çankırı,0
2472,Elif Kurt,customer02472@example.com,Tekirdağ,0
2473,Melis Tekin,customer02473@example.com,Samsun,0
2474,Barış Yıldız,customer02474@example.com,Tekirdağ,0
2475,Serkan Kurt,customer02475@example.com,Kırıkkale,0
2476,Ceren Özdemir,customer02476@example.com,Nevşehir,0
2477,Kerem Öztürk,customer02477@example.com,Erzincan,0
2478,Furkan Tekin,customer02478@example.com,Adana,0
2479,Hakan Polat,customer02479@example.com,Hatay,0
2480,Ayşe Erdoğan,customer02480@example.com,İzmir,0
2481,Furkan Aksoy,customer02481@example.com,Bartın,0
2482,Kerem Kaya,customer02482@example.com,Amasya,0
2483,Hakan Polat,customer02483@example.com,Muğla,0
2484,Ali Güneş,customer02484@example.com,Tunceli,0
2485,Ayşe Demir,customer02485@example.com,Çorum,0
2486,Fatma Erdoğan,customer02486@example.com,Kars,0
2487,Kaan Erdoğan,customer02487@example.com,Bilecik,0
2488,Serkan Tekin,customer02488@example.com,Bingöl,0
2489,Can Polat,customer02489@example.com,Düzce,0
2490,Fatma Demir,customer02490@example.com,Karaman,0
2491,Ece Güneş,customer02491@example.com,Kırşehir,0
2492,Barış Kaya,customer02492@example.com,Malatya,0
2493,Onur Yılmaz,customer02493@example.com,Trabzon,0
2494,Kaan Erdoğan,customer02494@example.com,Trabzon,0
2495,Hakan Kılıç,customer02495@example.com,Sakarya,0
2496,Kerem Doğan,customer02496@example.com,Kayseri,0
2497,Yusuf Kaya,customer02497@example.com,Yalova,0
2498,Fatma Doğan,customer02498@example.com,Şırnak,0
2499,Eren Kaya,customer02499@example.com,Düzce,0
2500,Arda Güneş,customer02500@example.com,Edirne,0
2501,Hakan Kaya,customer02501@example.com,Kayseri,0
2502,Ece Tekin,customer02502@example.com,Ağrı,0
2503,Mert Polat,customer02503@example.com,Bilecik,0
2504,Emre Erdoğan,customer02504@example.com,Balıkesir,0
2505,Buse Arslan,customer02505@example.com,Mersin,0
2506,Emre Tekin,customer02506@example.com,Kars,0
2507,Eren Arslan,customer02507@example.com,Adıyaman,0
2508,Fatma Şahin,customer02508@example.com,Karabük,0
2509,Yusuf Güneş,customer02509@example.com,Denizli,0
2510,Zeynep Özdemir,customer02510@example.com,Muğla,0
2511,Ece Yıldız,customer02511@example.com,İstanbul,0
2512,Ece Öztürk,customer02512@example.com,Şanlıurfa,0
2513,Yusuf Erdoğan,customer02513@example.com,Amasya,0
2514,Ömer Demir,customer02514@example.com,Çorum,0
2515,Barış Çelik,customer02515@example.com,Uşak,0
2516,Seda Kurt,customer02516@example.com,Nevşehir,0
2517,Can Özdemir,customer02517@example.com,Edirne,0
2518,Burak Güneş,customer02518@example.com,Manisa,0
2519,Mehmet Arslan,customer02519@example.com,Burdur,0
2520,Mehmet Yıldız,customer02520@example.com,Tokat,0
2521,Berk Polat,customer02521@example.com,Kırklareli,0
2522,Arda Aksoy,customer02522@example.com,Hakkari,0
2523,Berk Koç,customer02523@example.com,Trabzon,0
2524,Eren Çelik,customer02524@example.com,Aksaray,0
2525,Buse Kurt,customer02525@example.com,Adıyaman,0
2526,Mert Özdemir,customer02526@example.com,Muş,0
2527,Zeynep Kılıç,customer02527@example.com,Aksaray,0
2528,Zeynep Kaya,customer02528@example.com,Bitlis,0
2529,Derya Aksoy,customer02529@example.com,Kahramanmaraş,0
2530,Buse Kurt,customer02530@example.com,Kilis,0
2531,Derya Arslan,customer02531@example.com,Kütahya,0
2532,Eren Arslan,customer02532@example.com,Bitlis,0
2533,Eren Güneş,customer02533@example.com,Niğde,0
2534,Kaan Öztürk,customer02534@example.com,Iğdır,0
2535,Seda Aydın,customer02535@example.com,Zonguldak,0
2536,Ömer Yıldız,customer02536@example.com,Kocaeli,0
2537,Onur Yılmaz,customer02537@example.com,Adıyaman,0
2538,Ceren Demir,customer02538@example.com,Adıyaman,0
2539,Furkan Şahin,customer02539@example.com,Aksaray,0
2540,Ali Özdemir,customer02540@example.com,Manisa,0
2541,Can Doğan,customer02541@example.com,Mersin,0
2542,Burak Kaya,customer02542@example.com,Ağrı,0
2543,Barış Demir,customer02543@example.com,Artvin,0
2544,Barış Aydın,customer02544@example.com,Yalova,0
2545,Elif Şahin,customer02545@example.com,Bursa,0
2546,Mustafa Tekin,customer02546@example.com,Çanakkale,0
2547,Berk Güneş,customer02547@example.com,Erzincan,0
2548,Melis Şahin,customer02548@example.com,Erzincan,0
2549,Eren Doğan,customer02549@example.com,Tokat,0
2550,Zeynep Demir,customer02550@example.com,Tekirdağ,0
2551,Derya Arslan,customer02551@example.com,Samsun,0
2552,Ayşe Kılıç,customer02552@example.com,Mersin,0
2553,Yusuf Demir,customer02553@example.com,Kars,0
2554,Seda Kaya,customer02554@example.com,Muş,0
2555,Berk Kılıç,customer02555@example.com,Artvin,0
2556,Eren Arslan,customer02556@example.com,Elazığ,0
2557,Kaan Demir,customer02557@example.com,Şanlıurfa,0
2558,Derya Aydın,customer02558@example.com,Kilis,0
2559,Berk Yıldız,customer02559@example.com,Şanlıurfa,0
2560,Ali Çelik,customer02560@example.com,Karaman,0
2561,Seda Kurt,customer02561@example.com,Giresun,0
2562,Barış Şahin,customer02562@example.com,Sinop,0
2563,Ayşe Arslan,customer02563@example.com,Bolu,0
2564,Mehmet Demir,customer02564@example.com,Balıkesir,0
2565,Hakan Arslan,customer02565@example.com,Sivas,0
2566,Ahmet Polat,customer02566@example.com,Denizli,0
2567,Elif Yılmaz,customer02567@example.com,Amasya,0
2568,Zeynep Koç,customer02568@example.com,İzmir,0
2569,Emre Kılıç,customer02569@example.com,Niğde,0
2570,Hakan Yılmaz,customer02570@example.com,Yozgat,0
2571,Ayşe Polat,customer02571@example.com,Tunceli,0
2572,Furkan Koç,customer02572@example.com,Aydın,0
2573,Onur Öztürk,customer02573@example.com,Adana,0
2574,Berk Polat,customer02574@example.com,Bursa,0
2575,Hakan Aksoy,customer02575@example.com,Kahramanmaraş,0
2576,Ömer Doğan,customer02576@example.com,Ordu,0
2577,Mehmet Demir,customer02577@example.com,Mardin,0
2578,Onur Kılıç,customer02578@example.com,Bilecik,0
2579,Ceren Özdemir,customer02579@example.com,Kayseri,0
2580,Elif Aydın,customer02580@example.com,Elazığ,0
2581,Onur Kaya,customer02581@example.com,Nevşehir,0
2582,Zeynep Aydın,customer02582@example.com,Kırklareli,0
2583,Ayşe Koç,customer02583@example.com,Bolu,0
2584,Elif Aslan,customer02584@example.com,Şanlıurfa,0
2585,Mustafa Özdemir,customer02585@example.com,Erzurum,0
2586,Emre Kaya,customer02586@example.com,Erzurum,0
2587,Ahmet Güneş,customer02587@example.com,Hatay,0
2588,Arda Koç,customer02588@example.com,Aydın,0
2589,Ece Aksoy,customer02589@example.com,Kırşehir,0
2590,Arda Aksoy,customer02590@example.com,Sivas,0
2591,Ahmet Kaya,customer02591@example.com,Malatya,0
2592,Mehmet Kılıç,customer02592@example.com,Ankara,0
2593,Berk Şahin,customer02593@example.com,Giresun,0
2594,Ece Erdoğan,customer02594@example.com,Tekirdağ,0
2595,Zeynep Aksoy,customer02595@example.com,Denizli,0
2596,Fatma Güneş,customer02596@example.com,Hakkari,0
2597,Derya Demir,customer02597@example.com,Amasya,0
2598,Fatma Çelik,customer02598@example.com,Şanlıurfa,0
2599,Elif Yılmaz,customer02599@example.com,Trabzon,0
2600,Derya Tekin,customer02600@example.com,Ankara,0
2601,Can Çelik,customer02601@example.com,Adıyaman,0
2602,Yusuf Kaya,customer02602@example.com,Kırşehir,0
2603,Ceren Şahin,customer02603@example.com,Tekirdağ,0
2604,Barış Yıldız,customer02604@example.com,Iğdır,0
2605,Mustafa Şahin,customer02605@example.com,Burdur,0
2606,Arda Tekin,customer02606@example.com,Kilis,0
2607,Can Demir,customer02607@example.com,Eskişehir,0
2608,Furkan Kılıç,customer02608@example.com,Ordu,0
2609,Ömer Şahin,customer02609@example.com,Bartın,0
2610,Onur Çelik,customer02610@example.com,Konya,0
2611,Ceren Aydın,customer02611@example.com,Ankara,0
2612,Hakan Yıldız,customer02612@example.com,Kütahya,0
2613,Mustafa Şahin,customer02613@example.com,Kars,0
2614,Emre Kurt,customer02614@example.com,Edirne,0
2615,Ayşe Aslan,customer02615@example.com,Kırıkkale,0
2616,Yusuf Özdemir,customer02616@example.com,Isparta,0
2617,Derya Güneş,customer02617@example.com,Ankara,0
2618,Emre Şahin,customer02618@example.com,Düzce,0
2619,Barış Koç,customer02619@example.com,Diyarbakır,0
2620,Ahmet Polat,customer02620@example.com,Bilecik,0
2621,Ahmet Yılmaz,customer02621@example.com,Elazığ,0
2622,Derya Demir,customer02622@example.com,Iğdır,0
2623,Melis Doğan,customer02623@example.com,Sakarya,0
2624,Ayşe Polat,customer02624@example.com,Çanakkale,0
2625,Burak Çelik,customer02625@example.com,İzmir,0
2626,Serkan Özdemir,customer02626@example.com,Rize,0
2627,Can Yıldız,customer02627@example.com,Kilis,0
2628,Ayşe Kaya,customer02628@example.com,Yalova,0
2629,Yusuf Polat,customer02629@example.com,Kilis,0
2630,Mustafa Doğan,customer02630@example.com,Manisa,0
2631,Furkan Yılmaz,customer02631@example.com,Batman,0
2632,Can Aydın,customer02632@example.com,Bursa,0
2633,Serkan Şahin,customer02633@example.com,Osmaniye,0
2634,Kerem Aksoy,customer02634@example.com,Van,0
2635,Can Özdemir,customer02635@example.com,Düzce,0
2636,Zeynep Aydın,customer02636@example.com,Kars,0
2637,Mehmet Aydın,customer02637@example.com,Burdur,0
2638,Ece Çelik,customer02638@example.com,Trabzon,0
2639,Arda Yıldız,customer02639@example.com,Diyarbakır,0
2640,Zeynep Kaya,customer02640@example.com,Antalya,0
2641,Elif Aslan,customer02641@example.com,Kastamonu,0
2642,Burak Kurt,customer02642@example.com,Mersin,0
2643,Ömer Tekin,customer02643@example.com,Tekirdağ,0
2644,Mehmet Şahin,customer02644@example.com,Antalya,0
2645,Derya Aksoy,customer02645@example.com,Elazığ,0
2646,Yusuf Yılmaz,customer02646@example.com,Şanlıurfa,0
2647,Serkan Şahin,customer02647@example.com,Balıkesir,0
2648,Melis Öztürk,customer02648@example.com,Sinop,0
2649,Hakan Güneş,customer02649@example.com,Konya,0
2650,Furkan Aydın,customer02650@example.com,Konya,0
2651,Can Şahin,customer02651@example.com,Konya,0
2652,Can Şahin,customer02652@example.com,Hatay,0
2653,Fatma Kurt,customer02653@example.com,Eskişehir,0
2654,Berk Öztürk,customer02654@example.com,Balıkesir,0
2655,Arda Güneş,customer02655@example.com,Şanlıurfa,0
2656,Mehmet Kurt,customer02656@example.com,Çorum,0
2657,Burak Tekin,customer02657@example.com,Tekirdağ,0
2658,Yusuf Koç,customer02658@example.com,Muğla,0
2659,Emre Özdemir,customer02659@example.com,Erzurum,0
2660,Elif Aslan,customer02660@example.com,İzmir,0
2661,Burak Kılıç,customer02661@example.com,Çanakkale,0
2662,Mehmet Güneş,customer02662@example.com,Artvin,0
2663,Eren Çelik,customer02663@example.com,Burdur,0
2664,Buse Özdemir,customer02664@example.com,Tekirdağ,0
2665,Furkan Yıldız,customer02665@example.com,Malatya,0
2666,Can Doğan,customer02666@example.com,Karabük,0
2667,Yusuf Tekin,customer02667@example.com,Edirne,0
2668,Hakan Aksoy,customer02668@example.com,Hakkari,0
2669,Mustafa Kurt,customer02669@example.com,Zonguldak,0
2670,Arda Aydın,customer02670@example.com,Iğdır,0
2671,Arda Özdemir,customer02671@example.com,Kars,0
2672,Ahmet Kurt,customer02672@example.com,Isparta,0
2673,Can Kılıç,customer02673@example.com,Siirt,0
2674,Hakan Öztürk,customer02674@example.com,Iğdır,0
2675,Emre Güneş,customer02675@example.com,Adana,0
2676,Furkan Kaya,customer02676@example.com,Ankara,0
2677,Arda Erdoğan,customer02677@example.com,Amasya,0
2678,Furkan Erdoğan,customer02678@example.com,Niğde,0
2679,Arda Şahin,customer02679@example.com,Sivas,0
2680,Arda Öztürk,customer02680@example.com,Bilecik,0
2681,Onur Yılmaz,customer02681@example.com,Rize,0
2682,Burak Çelik,customer02682@example.com,Kahramanmaraş,0
2683,Mert Öztürk,customer02683@example.com,Bingöl,0
2684,Ahmet Polat,customer02684@example.com,Kırşehir,0
2685,Yusuf Özdemir,customer02685@example.com,Bartın,0
2686,Fatma Güneş,customer02686@example.com,Ağrı,0
2687,Kaan Özdemir,customer02687@example.com,Çankırı,0
2688,Buse Koç,customer02688@example.com,Erzincan,0
2689,Ece Aslan,customer02689@example.com,Düzce,0
2690,Kaan Yılmaz,customer02690@example.com,Düzce,0
2691,Mustafa Koç,customer02691@example.com,Kütahya,0
2692,Serkan Kaya,customer02692@example.com,Kayseri,0
2693,Furkan Arslan,customer02693@example.com,Kilis,0
2694,Onur Güneş,customer02694@example.com,Gaziantep,0
2695,Ece Demir,customer02695@example.com,Osmaniye,0
2696,Melis Kılıç,customer02696@example.com,Artvin,0
2697,Serkan Aslan,customer02697@example.com,Antalya,0
2698,Ali Koç,customer02698@example.com,Mardin,0
2699,Kaan Tekin,customer02699@example.com,Ankara,0
2700,Kerem Aslan,customer02700@example.com,Elazığ,0
2701,Elif Aksoy,customer02701@example.com,Aydın,0
2702,Onur Aydın,customer02702@example.com,Çankırı,0
2703,Ömer Öztürk,customer02703@example.com,Karaman,0
2704,Ali Polat,customer02704@example.com,Ardahan,0
2705,Buse Aydın,customer02705@example.com,Gümüşhane,0
2706,Ömer Aslan,customer02706@example.com,İzmir,0
2707,Serkan Kurt,customer02707@example.com,Kars,0
2708,Mehmet Demir,customer02708@example.com,Muğla,0
2709,Kerem Özdemir,customer02709@example.com,Şanlıurfa,0
2710,Serkan Erdoğan,customer02710@example.com,Bursa,0
2711,Arda Aksoy,customer02711@example.com,Bayburt,0
2712,Melis Doğan,customer02712@example.com,Sivas,0
2713,Barış Aslan,customer02713@example.com,Aydın,0
2714,Burak Özdemir,customer02714@example.com,Bingöl,0
2715,Mustafa Koç,customer02715@example.com,Elazığ,0
2716,Mert Demir,customer02716@example.com,Bolu,0
2717,Yusuf Arslan,customer02717@example.com,Burdur,0
2718,Ayşe Çelik,customer02718@example.com,Uşak,0
2719,Emre Aydın,customer02719@example.com,Zonguldak,0
2720,Elif Yılmaz,customer02720@example.com,Kayseri,0
2721,Furkan Aksoy,customer02721@example.com,Çanakkale,0
2722,Arda Aslan,customer02722@example.com,Sakarya,0
2723,Kaan Yılmaz,customer02723@example.com,Kayseri,0
2724,Burak Demir,customer02724@example.com,Afyonkarahisar,0
2725,Buse Öztürk,customer02725@example.com,Zonguldak,0
2726,Elif Kılıç,customer02726@example.com,Rize,0
2727,Hakan Kılıç,customer02727@example.com,Konya,0
2728,Arda Güneş,customer02728@example.com,Aksaray,0
2729,Ceren Aksoy,customer02729@example.com,Sinop,0
2730,Kaan Doğan,customer02730@example.com,Şırnak,0
2731,Emre Doğan,customer02731@example.com,Edirne,0
2732,Ece Arslan,customer02732@example.com,Hakkari,0
2733,Arda Aslan,customer02733@example.com,Kastamonu,0
2734,Seda Kaya,customer02734@example.com,Çorum,0
2735,Kerem Doğan,customer02735@example.com,Tekirdağ,0
2736,Yusuf Tekin,customer02736@example.com,Diyarbakır,0
2737,Ayşe Aksoy,customer02737@example.com,Kastamonu,0
2738,Yusuf Yıldız,customer02738@example.com,Denizli,0
2739,Yusuf Öztürk,customer02739@example.com,Burdur,0
2740,Mehmet Kılıç,customer02740@example.com,Bartın,0
2741,Emre Özdemir,customer02741@example.com,İstanbul,0
2742,Kerem Yıldız,customer02742@example.com,Gaziantep,0
2743,Onur Kaya,customer02743@example.com,Kocaeli,0
2744,Kerem Çelik,customer02744@example.com,Muğla,0
2745,Kaan Aksoy,customer02745@example.com,Diyarbakır,0
2746,Onur Doğan,customer02746@example.com,Bursa,0
2747,Derya Yılmaz,customer02747@example.com,Ordu,0
2748,Derya Polat,customer02748@example.com,Çorum,0
2749,Kaan Kılıç,customer02749@example.com,Denizli,0
2750,Ahmet Aksoy,customer02750@example.com,Van,0
2751,Ömer Doğan,customer02751@example.com,Trabzon,0
2752,Melis Doğan,customer02752@example.com,Bartın,0
2753,Zeynep Çelik,customer02753@example.com,Şırnak,0
2754,Fatma Özdemir,customer02754@example.com,Malatya,0
2755,Ayşe Şahin,customer02755@example.com,Tunceli,0
2756,Melis Kaya,customer02756@example.com,Çankırı,0
2757,Zeynep Aksoy,customer02757@example.com,Burdur,0
2758,Mert Yılmaz,customer02758@example.com,Ordu,0
2759,Barış Öztürk,customer02759@example.com,Sivas,0
2760,Kerem Demir,customer02760@example.com,Konya,0
2761,Mehmet Tekin,customer02761@example.com,Erzurum,0
2762,Hakan Erdoğan,customer02762@example.com,Gümüşhane,0
2763,Ece Arslan,customer02763@example.com,Eskişehir,0
2764,Ahmet Demir,customer02764@example.com,Bayburt,0
2765,Buse Özdemir,customer02765@example.com,Bingöl,0
2766,Serkan Koç,customer02766@example.com,Erzurum,0
2767,Arda Kılıç,customer02767@example.com,Karabük,0
2768,Barış Erdoğan,customer02768@example.com,Artvin,0
2769,Derya Aslan,customer02769@example.com,Niğde,0
2770,Emre Kurt,customer02770@example.com,Muğla,0
2771,Berk Aslan,customer02771@example.com,Adıyaman,0
2772,Mert Aslan,customer02772@example.com,Manisa,0
2773,Mert Özdemir,customer02773@example.com,Batman,0
2774,Mustafa Aydın,customer02774@example.com,Sinop,0
2775,Fatma Kurt,customer02775@example.com,Sinop,0
2776,Mert Yıldız,customer02776@example.com,Samsun,0
2777,Fatma Kurt,customer02777@example.com,Çankırı,0
2778,Ceren Güneş,customer02778@example.com,Yalova,0
2779,Mustafa Çelik,customer02779@example.com,Gaziantep,0
2780,Mert Polat,customer02780@example.com,Aksaray,0
2781,Ömer Demir,customer02781@example.com,Iğdır,0
2782,Seda Koç,customer02782@example.com,Bingöl,0
2783,Ahmet Kurt,customer02783@example.com,İzmir,0
2784,Furkan Yıldız,customer02784@example.com,Batman,0
2785,Kaan Güneş,customer02785@example.com,Çankırı,0
2786,Burak Yıldız,customer02786@example.com,Muş,0
2787,Mert Aksoy,customer02787@example.com,Şanlıurfa,0
2788,Mehmet Doğan,customer02788@example.com,Ardahan,0
2789,Mert Polat,customer02789@example.com,Batman,0
2790,Fatma Özdemir,customer02790@example.com,Gümüşhane,0
2791,Ahmet Yılmaz,customer02791@example.com,Denizli,0
2792,Eren Doğan,customer02792@example.com,Trabzon,0
2793,Ali Doğan,customer02793@example.com,Sakarya,0
2794,Yusuf Polat,customer02794@example.com,Isparta,0
2795,Ahmet Şahin,customer02795@example.com,Kars,0
2796,Arda Demir,customer02796@example.com,Yalova,0
2797,Fatma Aslan,customer02797@example.com,Ardahan,0
2798,Arda Güneş,customer02798@example.com,Siirt,0
2799,Buse Arslan,customer02799@example.com,Düzce,0
2800,Zeynep Polat,customer02800@example.com,Bursa,0
2801,Kerem Erdoğan,customer02801@example.com,Bartın,0
2802,Ahmet Arslan,customer02802@example.com,Diyarbakır,0
2803,Hakan Kaya,customer02803@example.com,Çorum,0
2804,Ömer Özdemir,customer02804@example.com,Çankırı,0
2805,Kerem Yıldız,customer02805@example.com,Antalya,0
2806,Eren Aslan,customer02806@example.com,Sakarya,0
2807,Elif Aslan,customer02807@example.com,Antalya,0
2808,Mert Doğan,customer02808@example.com,Aksaray,0
2809,Elif Demir,customer02809@example.com,Yozgat,0
2810,Burak Yıldız,customer02810@example.com,Bitlis,0
2811,Barış Yıldız,customer02811@example.com,Karaman,0
2812,Ömer Kılıç,customer02812@example.com,Kırklareli,0
2813,Eren Aslan,customer02813@example.com,Bitlis,0
2814,Onur Güneş,customer02814@example.com,Kahramanmaraş,0
2815,Ceren Çelik,customer02815@example.com,Adıyaman,0
2816,Emre Erdoğan,customer02816@example.com,Kastamonu,0
2817,Kerem Polat,customer02817@example.com,Rize,0
2818,Ömer Yıldız,customer02818@example.com,Bolu,0
2819,Burak Çelik,customer02819@example.com,Van,0
2820,Can Aydın,customer02820@example.com,Batman,0
2821,Barış Erdoğan,customer02821@example.com,Bayburt,0
2822,Ayşe Aksoy,customer02822@example.com,Burdur,0
2823,Furkan Özdemir,customer02823@example.com,Balıkesir,0
2824,Ali Çelik,customer02824@example.com,Afyonkarahisar,0
2825,Arda Aslan,customer02825@example.com,Kırşehir,0
2826,Ayşe Aslan,customer02826@example.com,Çankırı,0
2827,Ceren Özdemir,customer02827@example.com,Yalova,0
2828,Serkan Kılıç,customer02828@example.com,Elazığ,0
2829,Ayşe Doğan,customer02829@example.com,Ağrı,0
2830,Fatma Şahin,customer02830@example.com,Gümüşhane,0
2831,Emre Çelik,customer02831@example.com,Hakkari,0
2832,Mert Çelik,customer02832@example.com,Gaziantep,0
2833,Emre Demir,customer02833@example.com,Samsun,0
2834,Ayşe Şahin,customer02834@example.com,Balıkesir,0
2835,Ahmet Polat,customer02835@example.com,Siirt,0
2836,Mehmet Aydın,customer02836@example.com,Bolu,0
2837,Mehmet Erdoğan,customer02837@example.com,Iğdır,0
2838,Mehmet Polat,customer02838@example.com,Bursa,0
2839,Derya Arslan,customer02839@example.com,Ankara,0
2840,Mustafa Doğan,customer02840@example.com,Adıyaman,0
2841,Seda Şahin,customer02841@example.com,Bursa,0
2842,Derya Tekin,customer02842@example.com,Gaziantep,0
2843,Hakan Aydın,customer02843@example.com,Erzincan,0
2844,Zeynep Aslan,customer02844@example.com,Ağrı,0
2845,Mustafa Çelik,customer02845@example.com,Kars,0
2846,Hakan Aslan,customer02846@example.com,Kahramanmaraş,0
2847,Yusuf Erdoğan,customer02847@example.com,Kilis,0
2848,Can Erdoğan,customer02848@example.com,Şırnak,0
2849,Mustafa Şahin,customer02849@example.com,Ardahan,0
2850,Seda Yılmaz,customer02850@example.com,Aksaray,0
2851,Burak Aydın,customer02851@example.com,Kastamonu,0
2852,Yusuf Aksoy,customer02852@example.com,Adana,0
2853,Fatma Şahin,customer02853@example.com,Giresun,0
2854,Derya Erdoğan,customer02854@example.com,Trabzon,0
2855,Kerem Güneş,customer02855@example.com,Erzincan,0
2856,Kaan Şahin,customer02856@example.com,Erzincan,0
2857,Ceren Aslan,customer02857@example.com,Muş,0
2858,Furkan Aydın,customer02858@example.com,Yozgat,0
2859,Can Kurt,customer02859@example.com,Burdur,0
2860,Seda Kılıç,customer02860@example.com,Bursa,0
2861,Kaan Şahin,customer02861@example.com,Zonguldak,0
2862,Emre Polat,customer02862@example.com,Mardin,0
2863,Ayşe Doğan,customer02863@example.com,Batman,0
2864,Fatma Kaya,customer02864@example.com,Bilecik,0
2865,Ömer Polat,customer02865@example.com,Burdur,0
2866,Berk Doğan,customer02866@example.com,Tekirdağ,0
2867,Barış Doğan,customer02867@example.com,Sinop,0
2868,Can Aksoy,customer02868@example.com,Rize,0
2869,Mert Kurt,customer02869@example.com,Erzurum,0
2870,Buse Demir,customer02870@example.com,Trabzon,0
2871,Zeynep Aslan,customer02871@example.com,Elazığ,0
2872,Ahmet Polat,customer02872@example.com,Bolu,0
2873,Berk Özdemir,customer02873@example.com,Zonguldak,0
2874,Zeynep Demir,customer02874@example.com,Bursa,0
2875,Emre Koç,customer02875@example.com,Ordu,0
2876,Ayşe Güneş,customer02876@example.com,Bolu,0
2877,Fatma Yıldız,customer02877@example.com,Aydın,0
2878,Kerem Aydın,customer02878@example.com,Malatya,0
2879,Burak Tekin,customer02879@example.com,Ordu,0
2880,Ali Öztürk,customer02880@example.com,Samsun,0
2881,Fatma Polat,customer02881@example.com,Kars,0
2882,Seda Güneş,customer02882@example.com,Iğdır,0
2883,Eren Koç,customer02883@example.com,Kahramanmaraş,0
2884,Arda Tekin,customer02884@example.com,Ordu,0
2885,Arda Erdoğan,customer02885@example.com,Kars,0
2886,Emre Özdemir,customer02886@example.com,Bolu,0
2887,Ali Arslan,customer02887@example.com,Şanlıurfa,0
2888,Arda Öztürk,customer02888@example.com,Düzce,0
2889,Emre Yılmaz,customer02889@example.com,Bitlis,0
2890,Fatma Kaya,customer02890@example.com,Aydın,0
2891,Arda Yılmaz,customer02891@example.com,Elazığ,0
2892,Berk Tekin,customer02892@example.com,Konya,0
2893,Emre Doğan,customer02893@example.com,Osmaniye,0
2894,Barış Şahin,customer02894@example.com,Balıkesir,0
2895,Zeynep Erdoğan,customer02895@example.com,Uşak,0
2896,Ece Özdemir,customer02896@example.com,Eskişehir,0
2897,Mert Polat,customer02897@example.com,Şanlıurfa,0
2898,Serkan Arslan,customer02898@example.com,Karaman,0
2899,Ömer Aksoy,customer02899@example.com,Karaman,0
2900,Ahmet Kaya,customer02900@example.com,Siirt,0
2901,Melis Şahin,customer02901@example.com,Nevşehir,0
2902,Kaan Kılıç,customer02902@example.com,Muş,0
2903,Kaan Özdemir,customer02903@example.com,Amasya,0
2904,Mehmet Yıldız,customer02904@example.com,Batman,0
2905,Zeynep Doğan,customer02905@example.com,Edirne,0
2906,Arda Kurt,customer02906@example.com,Çankırı,0
2907,Mert Koç,customer02907@example.com,Şanlıurfa,0
2908,Seda Şahin,customer02908@example.com,Şırnak,0
2909,Zeynep Polat,customer02909@example.com,Kırıkkale,0
2910,Zeynep Aksoy,customer02910@example.com,Bartın,0
2911,Arda Polat,customer02911@example.com,Batman,0
2912,Buse Yıldız,customer02912@example.com,Van,0
2913,Mehmet Koç,customer02913@example.com,İstanbul,0
2914,Arda Güneş,customer02914@example.com,Muş,0
2915,Barış Aslan,customer02915@example.com,Kastamonu,0
2916,Ömer Kaya,customer02916@example.com,Ağrı,0
2917,Hakan Kaya,customer02917@example.com,Çanakkale,0
2918,Ceren Aslan,customer02918@example.com,Manisa,0
2919,Ece Güneş,customer02919@example.com,Ağrı,0
2920,Seda Kılıç,customer02920@example.com,Muş,0
2921,Ali Kurt,customer02921@example.com,Manisa,0
2922,Kerem Kurt,customer02922@example.com,Manisa,0
2923,Mehmet Öztürk,customer02923@example.com,Isparta,0
2924,Can Doğan,customer02924@example.com,Iğdır,0
2925,Mustafa Demir,customer02925@example.com,Kırşehir,0
2926,Ali Kılıç,customer02926@example.com,Edirne,0
2927,Ahmet Aksoy,customer02927@example.com,Konya,0
2928,Mehmet Özdemir,customer02928@example.com,Samsun,0
2929,Hakan Erdoğan,customer02929@example.com,Sakarya,0
2930,Eren Yılmaz,customer02930@example.com,Trabzon,0
2931,Hakan Yılmaz,customer02931@example.com,Kocaeli,0
2932,Berk Güneş,customer02932@example.com,Nevşehir,0
2933,Ömer Güneş,customer02933@example.com,Bitlis,0
2934,Ece Polat,customer02934@example.com,Bitlis,0
2935,Ayşe Aydın,customer02935@example.com,Malatya,0
2936,Arda Erdoğan,customer02936@example.com,Malatya,0
2937,Yusuf Tekin,customer02937@example.com,Kırklareli,0
2938,Kerem Kurt,customer02938@example.com,Eskişehir,0
2939,Arda Demir,customer02939@example.com,Bayburt,0
2940,Burak Doğan,customer02940@example.com,İstanbul,0
2941,Mehmet Doğan,customer02941@example.com,Bartın,0
2942,Berk Öztürk,customer02942@example.com,Osmaniye,0
2943,Fatma Demir,customer02943@example.com,Ardahan,0
2944,Ali Güneş,customer02944@example.com,Malatya,0
2945,Eren Demir,customer02945@example.com,Şırnak,0
2946,Ece Erdoğan,customer02946@example.com,Trabzon,0
2947,Furkan Aydın,customer02947@example.com,Manisa,0
2948,Ece Demir,customer02948@example.com,Kırklareli,0
2949,Serkan Doğan,customer02949@example.com,Siirt,0
2950,Zeynep Aksoy,customer02950@example.com,Kocaeli,0
2951,Burak Kurt,customer02951@example.com,Ordu,0
2952,Eren Tekin,customer02952@example.com,Yozgat,0
2953,Kaan Aksoy,customer02953@example.com,Erzincan,0
2954,Melis Yılmaz,customer02954@example.com,Düzce,0
2955,Ayşe Erdoğan,customer02955@example.com,Erzincan,0
2956,Hakan Polat,customer02956@example.com,Giresun,0
2957,Zeynep Özdemir,customer02957@example.com,İzmir,0
2958,Derya Aksoy,customer02958@example.com,Kilis,0
2959,Buse Kurt,customer02959@example.com,Şırnak,0
2960,Fatma Kaya,customer02960@example.com,Zonguldak,0
2961,Burak Aslan,customer02961@example.com,Tokat,0
2962,Emre Öztürk,customer02962@example.com,Denizli,0
2963,Fatma Doğan,customer02963@example.com,Siirt,0
2964,Furkan Kılıç,customer02964@example.com,Aydın,0
2965,Elif Aydın,customer02965@example.com,Rize,0
2966,Eren Doğan,customer02966@example.com,Diyarbakır,0
2967,Eren Tekin,customer02967@example.com,Hatay,0
2968,Berk Öztürk,customer02968@example.com,Burdur,0
2969,Emre Aydın,customer02969@example.com,Ağrı,0
2970,Can Doğan,customer02970@example.com,Tokat,0
2971,Arda Aksoy,customer02971@example.com,Siirt,0
2972,Furkan Kaya,customer02972@example.com,Eskişehir,0
2973,Yusuf Arslan,customer02973@example.com,Çankırı,0
2974,Ahmet Arslan,customer02974@example.com,Kars,0
2975,Zeynep Aksoy,customer02975@example.com,Elazığ,0
2976,Elif Kaya,customer02976@example.com,Şanlıurfa,0
2977,Ece Yılmaz,customer02977@example.com,Artvin,0
2978,Buse Demir,customer02978@example.com,Kocaeli,0
2979,Barış Doğan,customer02979@example.com,Aydın,0
2980,Melis Kurt,customer02980@example.com,Mardin,0
2981,Zeynep Demir,customer02981@example.com,Niğde,0
2982,Ceren Çelik,customer02982@example.com,Hatay,0
2983,Ali Güneş,customer02983@example.com,Van,0
2984,Derya Şahin,customer02984@example.com,Zonguldak,0
2985,Zeynep Güneş,customer02985@example.com,Aksaray,0
2986,Eren Polat,customer02986@example.com,Bingöl,0
2987,Can Tekin,customer02987@example.com,Bursa,0
2988,Seda Kılıç,customer02988@example.com,Kütahya,0
2989,Ceren Güneş,customer02989@example.com,Nevşehir,0
2990,Ece Öztürk,customer02990@example.com,Samsun,0
2991,Burak Çelik,customer02991@example.com,Bolu,0
2992,Yusuf Aydın,customer02992@example.com,Kars,0
2993,Kaan Kurt,customer02993@example.com,Mersin,0
2994,Buse Güneş,customer02994@example.com,Artvin,0
2995,Arda Aksoy,customer02995@example.com,Muğla,0
2996,Ayşe Şahin,customer02996@example.com,Kocaeli,0
2997,Onur Kurt,customer02997@example.com,Trabzon,0
2998,Zeynep Öztürk,customer02998@example.com,Kars,0
2999,Melis Çelik,customer02999@example.com,Mardin,0
3000,Arda Aslan,customer03000@example.com,Kırşehir,0
3001,Ahmet Tekin,customer03001@example.com,Amasya,0
3002,Ceren Kaya,customer03002@example.com,Hatay,0
3003,Eren Aksoy,customer03003@example.com,Nevşehir,0
3004,Mert Aslan,customer03004@example.com,Bursa,0
3005,Onur Öztürk,customer03005@example.com,Sinop,0
3006,Berk Yılmaz,customer03006@example.com,Niğde,0
3007,Derya Arslan,customer03007@example.com,Kırklareli,0
3008,Mustafa Öztürk,customer03008@example.com,Kırklareli,0
3009,Burak Yıldız,customer03009@example.com,Sinop,0
3010,Elif Kılıç,customer03010@example.com,Rize,0
3011,Ece Kaya,customer03011@example.com,Kars,0
3012,Buse Demir,customer03012@example.com,Şanlıurfa,0
3013,Arda Kurt,customer03013@example.com,Kütahya,0
3014,Ayşe Kurt,customer03014@example.com,Bitlis,0
3015,Ceren Yıldız,customer03015@example.com,İstanbul,0
3016,Serkan Demir,customer03016@example.com,Kahramanmaraş,0
3017,Furkan Tekin,customer03017@example.com,Kırıkkale,0
3018,Fatma Kılıç,customer03018@example.com,Tekirdağ,0
3019,Ayşe Yılmaz,customer03019@example.com,Antalya,0
3020,Elif Yıldız,customer03020@example.com,Düzce,0
3021,Kaan Çelik,customer03021@example.com,Adana,0
3022,Berk Aydın,customer03022@example.com,Düzce,0
3023,Mert Kılıç,customer03023@example.com,Bartın,0
3024,Mustafa Şahin,customer03024@example.com,Diyarbakır,0
3025,Can Erdoğan,customer03025@example.com,Çanakkale,0
3026,Buse Tekin,customer03026@example.com,Rize,0
3027,Ece Kılıç,customer03027@example.com,Sivas,0
3028,Arda Çelik,customer03028@example.com,İstanbul,0
3029,Yusuf Güneş,customer03029@example.com,Konya,0
3030,Ece Doğan,customer03030@example.com,Eskişehir,0
3031,Mustafa Kurt,customer03031@example.com,Muğla,0
3032,Yusuf Koç,customer03032@example.com,Muş,0
3033,Ceren Güneş,customer03033@example.com,Gümüşhane,0
3034,Ahmet Yılmaz,customer03034@example.com,Batman,0
3035,Elif Tekin,customer03035@example.com,Düzce,0
3036,Can Demir,customer03036@example.com,Tokat,0
3037,Burak Arslan,customer03037@example.com,Edirne,0
3038,Mehmet Koç,customer03038@example.com,Osmaniye,0
3039,Furkan Tekin,customer03039@example.com,İstanbul,0
3040,Emre Demir,customer03040@example.com,Muğla,0
3041,Yusuf Güneş,customer03041@example.com,Bursa,0
3042,Ahmet Erdoğan,customer03042@example.com,Siirt,0
3043,Seda Özdemir,customer03043@example.com,Uşak,0
3044,Ali Öztürk,customer03044@example.com,Gaziantep,0
3045,Burak Arslan,customer03045@example.com,Kastamonu,0
3046,Fatma Polat,customer03046@example.com,Muş,0
3047,Emre Kurt,customer03047@example.com,Gaziantep,0
3048,Barış Aydın,customer03048@example.com,Kastamonu,0
3049,Fatma Aydın,customer03049@example.com,Sakarya,0
3050,Yusuf Kurt,customer03050@example.com,Çorum,0
3051,Ahmet Doğan,customer03051@example.com,İstanbul,0
3052,Can Tekin,customer03052@example.com,Sivas,0
3053,Derya Öztürk,customer03053@example.com,Muğla,0
3054,Hakan Özdemir,customer03054@example.com,Bilecik,0
3055,Ahmet Polat,customer03055@example.com,Çankırı,0
3056,Buse Kılıç,customer03056@example.com,Niğde,0
3057,Zeynep Aydın,customer03057@example.com,Nevşehir,0
3058,Ayşe Kurt,customer03058@example.com,Yalova,0
3059,Eren Demir,customer03059@example.com,Bitlis,0
3060,Onur Kaya,customer03060@example.com,Antalya,0
3061,Ömer Öztürk,customer03061@example.com,Trabzon,0
3062,Derya Aslan,customer03062@example.com,Karabük,0
3063,Zeynep Tekin,customer03063@example.com,Ankara,0
3064,Ahmet Arslan,customer03064@example.com,Van,0
3065,Barış Koç,customer03065@example.com,Kırklareli,0
3066,Berk Aslan,customer03066@example.com,Çanakkale,0
3067,Melis Aksoy,customer03067@example.com,Ankara,0
3068,Hakan Yıldız,customer03068@example.com,İstanbul,0
3069,Yusuf Erdoğan,customer03069@example.com,Uşak,0
3070,Derya Kılıç,customer03070@example.com,Tokat,0
3071,Emre Demir,customer03071@example.com,Kocaeli,0
3072,Ayşe Erdoğan,customer03072@example.com,Siirt,0
3073,Emre Arslan,customer03073@example.com,Burdur,0
3074,Ömer Kaya,customer03074@example.com,Çanakkale,0
3075,Arda Arslan,customer03075@example.com,Mardin,0
3076,Derya Kurt,customer03076@example.com,Kastamonu,0
3077,Melis Arslan,customer03077@example.com,Kilis,0
3078,Ceren Arslan,customer03078@example.com,Zonguldak,0
3079,Ömer Kurt,customer03079@example.com,Edirne,0
3080,Ömer Polat,customer03080@example.com,Denizli,0
3081,Onur Özdemir,customer03081@example.com,Antalya,0
3082,Burak Çelik,customer03082@example.com,Antalya,0
3083,Can Yıldız,customer03083@example.com,Amasya,0
3084,Arda Arslan,customer03084@example.com,Diyarbakır,0
3085,Ayşe Özdemir,customer03085@example.com,Siirt,0
3086,Ali Polat,customer03086@example.com,Ankara,0
3087,Kaan Aslan,customer03087@example.com,Batman,0
3088,Arda Özdemir,customer03088@example.com,Uşak,0
3089,Ali Çelik,customer03089@example.com,Bursa,0
3090,Kerem Demir,customer03090@example.com,Gaziantep,0
3091,Buse Doğan,customer03091@example.com,Erzincan,0
3092,Ceren Yıldız,customer03092@example.com,Yozgat,0
3093,Ceren Arslan,customer03093@example.com,Şırnak,0
3094,Melis Güneş,customer03094@example.com,Giresun,0
3095,Hakan Yılmaz,customer03095@example.com,Aksaray,0
3096,Seda Güneş,customer03096@example.com,Erzincan,0
3097,Furkan Demir,customer03097@example.com,Isparta,0
3098,Seda Polat,customer03098@example.com,Bitlis,0
3099,Melis Kılıç,customer03099@example.com,Ağrı,0
3100,Mert Şahin,customer03100@example.com,Niğde,0
3101,Kerem Güneş,customer03101@example.com,Bolu,0
3102,Ceren Kılıç,customer03102@example.com,Denizli,0
3103,Ahmet Demir,customer03103@example.com,Tekirdağ,0
3104,Ceren Polat,customer03104@example.com,Tekirdağ,0
3105,Elif Arslan,customer03105@example.com,Yalova,0
3106,Zeynep Yılmaz,customer03106@example.com,Kütahya,0
3107,Mehmet Tekin,customer03107@example.com,Sivas,0
3108,Ömer Güneş,customer03108@example.com,Çanakkale,0
3109,Burak Kaya,customer03109@example.com,Kastamonu,0
3110,Ömer Kaya,customer03110@example.com,Balıkesir,0
3111,Onur Tekin,customer03111@example.com,Muş,0
3112,Mustafa Koç,customer03112@example.com,Mersin,0
3113,Yusuf Öztürk,customer03113@example.com,Ordu,0
3114,Mustafa Yılmaz,customer03114@example.com,Gaziantep,0
3115,Yusuf Koç,customer03115@example.com,Ordu,0
3116,Mert Çelik,customer03116@example.com,Bursa,0
3117,Mert Polat,customer03117@example.com,Siirt,0
3118,Fatma Doğan,customer03118@example.com,Karabük,0
3119,Emre Aslan,customer03119@example.com,Bitlis,0
3120,Ceren Aslan,customer03120@example.com,Yozgat,0
3121,Burak Polat,customer03121@example.com,Sivas,0
3122,Melis Koç,customer03122@example.com,Trabzon,0
3123,Eren Güneş,customer03123@example.com,Yalova,0
3124,Furkan Demir,customer03124@example.com,Samsun,0
3125,Ece Aslan,customer03125@example.com,Kilis,0
3126,Yusuf Kurt,customer03126@example.com,Düzce,0
3127,Furkan Demir,customer03127@example.com,Ankara,0
3128,Serkan Kılıç,customer03128@example.com,Tokat,0
3129,Zeynep Öztürk,customer03129@example.com,Denizli,0
3130,Derya Polat,customer03130@example.com,Aksaray,0
3131,Elif Erdoğan,customer03131@example.com,Bilecik,0
3132,Mert Özdemir,customer03132@example.com,Siirt,0
3133,Mustafa Polat,customer03133@example.com,Kırklareli,0
3134,Emre Çelik,customer03134@example.com,Kırklareli,0
3135,Ceren Öztürk,customer03135@example.com,Zonguldak,0
3136,Furkan Doğan,customer03136@example.com,Şırnak,0
3137,Mehmet Aksoy,customer03137@example.com,Balıkesir,0
3138,Derya Kaya,customer03138@example.com,Yozgat,0
3139,Ali Erdoğan,customer03139@example.com,Samsun,0
3140,Furkan Şahin,customer03140@example.com,Tokat,0
3141,Zeynep Güneş,customer03141@example.com,Mersin,0
3142,Kerem Arslan,customer03142@example.com,Ardahan,0
3143,Mustafa Erdoğan,customer03143@example.com,Afyonkarahisar,0
3144,Ali Özdemir,customer03144@example.com,Elazığ,0
3145,Ece Yıldız,customer03145@example.com,Niğde,0
3146,Mehmet Demir,customer03146@example.com,Sakarya,0
3147,Melis Doğan,customer03147@example.com,Kocaeli,0
3148,Hakan Özdemir,customer03148@example.com,Sivas,0
3149,Barış Arslan,customer03149@example.com,Malatya,0
3150,Derya Yıldız,customer03150@example.com,Giresun,0
3151,Yusuf Demir,customer03151@example.com,Karabük,0
3152,Eren Şahin,customer03152@example.com,Siirt,0
3153,Onur Yılmaz,customer03153@example.com,Adana,0
3154,Berk Şahin,customer03154@example.com,Adıyaman,0
3155,Yusuf Polat,customer03155@example.com,Tekirdağ,0
3156,Ayşe Koç,customer03156@example.com,Karabük,0
3157,Fatma Polat,customer03157@example.com,Kırklareli,0
3158,Barış Tekin,customer03158@example.com,Mardin,0
3159,Ayşe Koç,customer03159@example.com,Kırklareli,0
3160,Mustafa Çelik,customer03160@example.com,Çankırı,0
3161,Ahmet Aydın,customer03161@example.com,Burdur,0
3162,Ceren Yılmaz,customer03162@example.com,Erzurum,0
3163,Buse Yılmaz,customer03163@example.com,Gaziantep,0
3164,Arda Çelik,customer03164@example.com,Hatay,0
3165,Furkan Aksoy,customer03165@example.com,Erzurum,0
3166,Mustafa Doğan,customer03166@example.com,Tokat,0
3167,Emre Polat,customer03167@example.com,Samsun,0
3168,Ahmet Şahin,customer03168@example.com,Edirne,0
3169,Melis Çelik,customer03169@example.com,Sinop,0
3170,Arda Polat,customer03170@example.com,Afyonkarahisar,0
3171,Buse Özdemir,customer03171@example.com,Ardahan,0
3172,Can Aydın,customer03172@example.com,Kayseri,0
3173,Hakan Koç,customer03173@example.com,Antalya,0
3174,Ömer Yılmaz,customer03174@example.com,Bolu,0
3175,Elif Kurt,customer03175@example.com,Sakarya,0
3176,Buse Polat,customer03176@example.com,Ardahan,0
3177,Barış Aksoy,customer03177@example.com,Kayseri,0
3178,Mehmet Polat,customer03178@example.com,Ordu,0
3179,Arda Erdoğan,customer03179@example.com,Iğdır,0
3180,Fatma Tekin,customer03180@example.com,Şanlıurfa,0
3181,Can Kaya,customer03181@example.com,Aksaray,0
3182,Ahmet Kurt,customer03182@example.com,Bartın,0
3183,Ömer Aksoy,customer03183@example.com,Aydın,0
3184,Eren Kurt,customer03184@example.com,Trabzon,0
3185,Ali Polat,customer03185@example.com,Osmaniye,0
3186,Elif Aslan,customer03186@example.com,Sivas,0
3187,Ayşe Kurt,customer03187@example.com,Afyonkarahisar,0
3188,Yusuf Doğan,customer03188@example.com,Erzurum,0
3189,Arda Aslan,customer03189@example.com,Sinop,0
3190,Can Erdoğan,customer03190@example.com,Gümüşhane,0
3191,Hakan Kılıç,customer03191@example.com,Karabük,0
3192,Buse Özdemir,customer03192@example.com,Çanakkale,0
3193,Melis Doğan,customer03193@example.com,Nevşehir,0
3194,Furkan Aslan,customer03194@example.com,Trabzon,0
3195,Ece Yıldız,customer03195@example.com,Osmaniye,0
3196,Burak Doğan,customer03196@example.com,Bingöl,0
3197,Zeynep Polat,customer03197@example.com,Çanakkale,0
3198,Yusuf Aydın,customer03198@example.com,Diyarbakır,0
3199,Barış Polat,customer03199@example.com,Bitlis,0
3200,Ece Kurt,customer03200@example.com,Uşak,0
3201,Mert Öztürk,customer03201@example.com,Gaziantep,0
3202,Onur Kaya,customer03202@example.com,Afyonkarahisar,0
3203,Kerem Arslan,customer03203@example.com,Kahramanmaraş,0
3204,Zeynep Yıldız,customer03204@example.com,Elazığ,0
3205,Ceren Erdoğan,customer03205@example.com,Amasya,0
3206,Ece Demir,customer03206@example.com,Malatya,0
3207,Furkan Şahin,customer03207@example.com,Osmaniye,0
3208,Can Şahin,customer03208@example.com,Batman,0
3209,Can Polat,customer03209@example.com,İstanbul,0
3210,Ömer Aslan,customer03210@example.com,Ankara,0
3211,Seda Aksoy,customer03211@example.com,İzmir,0
3212,Melis Çelik,customer03212@example.com,Yozgat,0
3213,Barış Şahin,customer03213@example.com,Antalya,0
3214,Derya Özdemir,customer03214@example.com,Tekirdağ,0
3215,Ceren Şahin,customer03215@example.com,Bolu,0
3216,Ece Tekin,customer03216@example.com,Kilis,0
3217,Ece Şahin,customer03217@example.com,Batman,0
3218,Mehmet Erdoğan,customer03218@example.com,Bolu,0
3219,Yusuf Şahin,customer03219@example.com,Gaziantep,0
3220,Derya Aslan,customer03220@example.com,Diyarbakır,0
3221,Fatma Doğan,customer03221@example.com,Sinop,0
3222,Seda Erdoğan,customer03222@example.com,Uşak,0
3223,Fatma Şahin,customer03223@example.com,Denizli,0
3224,Elif Aslan,customer03224@example.com,Kütahya,0
3225,Ceren Çelik,customer03225@example.com,Bursa,0
3226,Buse Aydın,customer03226@example.com,Sinop,0
3227,Furkan Yılmaz,customer03227@example.com,Isparta,0
3228,Ceren Polat,customer03228@example.com,Malatya,0
3229,Mert Erdoğan,customer03229@example.com,Edirne,0
3230,Mustafa Arslan,customer03230@example.com,Muğla,0
3231,Ayşe Kurt,customer03231@example.com,Mardin,0
3232,Elif Öztürk,customer03232@example.com,Denizli,0
3233,Seda Erdoğan,customer03233@example.com,Sakarya,0
3234,Ece Öztürk,customer03234@example.com,Çankırı,0
3235,Ece Kurt,customer03235@example.com,Rize,0
3236,Derya Kurt,customer03236@example.com,Tekirdağ,0
3237,Buse Erdoğan,customer03237@example.com,Mardin,0
3238,Ahmet Özdemir,customer03238@example.com,Çorum,0
3239,Seda Yılmaz,customer03239@example.com,Zonguldak,0
3240,Mustafa Demir,customer03240@example.com,Malatya,0
3241,Ömer Koç,customer03241@example.com,Edirne,0
3242,Furkan Kaya,customer03242@example.com,Niğde,0
3243,Seda Kaya,customer03243@example.com,Denizli,0
3244,Melis Güneş,customer03244@example.com,Artvin,0
3245,Elif Erdoğan,customer03245@example.com,Kayseri,0
3246,Furkan Koç,customer03246@example.com,Kırıkkale,0
3247,Buse Doğan,customer03247@example.com,Kocaeli,0
3248,Derya Aslan,customer03248@example.com,Adıyaman,0
3249,Ceren Arslan,customer03249@example.com,Aksaray,0
3250,Barış Çelik,customer03250@example.com,Ordu,0
3251,Kaan Aydın,customer03251@example.com,Karaman,0
3252,Barış Tekin,customer03252@example.com,Sinop,0
3253,Ayşe Aslan,customer03253@example.com,Ordu,0
3254,Seda Aydın,customer03254@example.com,Kırklareli,0
3255,Mustafa Kaya,customer03255@example.com,Bayburt,0
3256,Ömer Koç,customer03256@example.com,Çanakkale,0
3257,Serkan Aksoy,customer03257@example.com,Kastamonu,0
3258,Burak Demir,customer03258@example.com,Yozgat,0
3259,Onur Doğan,customer03259@example.com,Zonguldak,0
3260,Ömer Yıldız,customer03260@example.com,Afyonkarahisar,0
3261,Ahmet Aksoy,customer03261@example.com,Iğdır,0
3262,Eren Öztürk,customer03262@example.com,Kırklareli,0
3263,Fatma Kurt,customer03263@example.com,Van,0
3264,Ali Kaya,customer03264@example.com,Muğla,0
3265,Eren Erdoğan,customer03265@example.com,Kahramanmaraş,0
3266,Ali Kaya,customer03266@example.com,Bursa,0
3267,Kaan Doğan,customer03267@example.com,Bartın,0
3268,Fatma Yılmaz,customer03268@example.com,Tekirdağ,0
3269,Ömer Öztürk,customer03269@example.com,Ardahan,0
3270,Hakan Aksoy,customer03270@example.com,Yalova,0
3271,Can Aslan,customer03271@example.com,Kırklareli,0
3272,Mert Güneş,customer03272@example.com,Çankırı,0
3273,Ayşe Koç,customer03273@example.com,Zonguldak,0
3274,Fatma Öztürk,customer03274@example.com,Bolu,0
3275,Ömer Erdoğan,customer03275@example.com,Ardahan,0
3276,Burak Aslan,customer03276@example.com,Tekirdağ,0
3277,Ali Çelik,customer03277@example.com,Samsun,0
3278,Ceren Kurt,customer03278@example.com,Bilecik,0
3279,Mustafa Kaya,customer03279@example.com,Samsun,0
3280,Melis Çelik,customer03280@example.com,Trabzon,0
3281,Burak Özdemir,customer03281@example.com,Balıkesir,0
3282,Kerem Erdoğan,customer03282@example.com,Ordu,0
3283,Hakan Aksoy,customer03283@example.com,Zonguldak,0
3284,Seda Koç,customer03284@example.com,İstanbul,0
3285,Hakan Polat,customer03285@example.com,Samsun,0
3286,Kaan Polat,customer03286@example.com,Sakarya,0
3287,Ceren Yıldız,customer03287@example.com,Çorum,0
3288,Serkan Çelik,customer03288@example.com,Şanlıurfa,0
3289,Ayşe Özdemir,customer03289@example.com,Çanakkale,0
3290,Ayşe Erdoğan,customer03290@example.com,Aksaray,0
3291,Ali Aydın,customer03291@example.com,Tekirdağ,0
3292,Arda Kaya,customer03292@example.com,Diyarbakır,0
3293,Onur Aslan,customer03293@example.com,Bursa,0
3294,Barış Kurt,customer03294@example.com,Burdur,0
3295,Ali Aslan,customer03295@example.com,Bartın,0
3296,Mert Kaya,customer03296@example.com,Zonguldak,0
3297,Emre Şahin,customer03297@example.com,Muğla,0
3298,Mert Aslan,customer03298@example.com,Kırklareli,0
3299,Mert Polat,customer03299@example.com,Ağrı,0
3300,Ece Çelik,customer03300@example.com,Çorum,0
3301,Ece Güneş,customer03301@example.com,Sakarya,0
3302,Mehmet Doğan,customer03302@example.com,Kastamonu,0
3303,Burak Yıldız,customer03303@example.com,Şanlıurfa,0
3304,Ahmet Şahin,customer03304@example.com,Kırıkkale,0
3305,Kerem Demir,customer03305@example.com,Ankara,0
3306,Furkan Polat,customer03306@example.com,Bartın,0
3307,Mert Güneş,customer03307@example.com,Sivas,0
3308,Melis Kılıç,customer03308@example.com,Muş,0
3309,Arda Tekin,customer03309@example.com,Çanakkale,0
3310,Seda Çelik,customer03310@example.com,Van,0
3311,Elif Özdemir,customer03311@example.com,Sivas,0
3312,Zeynep Özdemir,customer03312@example.com,Denizli,0
3313,Buse Kılıç,customer03313@example.com,Bingöl,0
3314,Ece Tekin,customer03314@example.com,Osmaniye,0
3315,Furkan Koç,customer03315@example.com,Hakkari,0
3316,Melis Koç,customer03316@example.com,Malatya,0
3317,Onur Kaya,customer03317@example.com,Sinop,0
3318,Fatma Arslan,customer03318@example.com,Bingöl,0
3319,Buse Yıldız,customer03319@example.com,Ağrı,0
3320,Hakan Doğan,customer03320@example.com,Batman,0
3321,Elif Şahin,customer03321@example.com,Batman,0
3322,Mustafa Aydın,customer03322@example.com,Osmaniye,0
3323,Onur Güneş,customer03323@example.com,Antalya,0
3324,Hakan Erdoğan,customer03324@example.com,Erzurum,0
3325,Seda Polat,customer03325@example.com,Van,0
3326,Melis Yılmaz,customer03326@example.com,Bursa,0
3327,Zeynep Aksoy,customer03327@example.com,Erzincan,0
3328,Ahmet Arslan,customer03328@example.com,Gaziantep,0
3329,Can Güneş,customer03329@example.com,Sinop,0
3330,Mustafa Aksoy,customer03330@example.com,Karabük,0
3331,Ömer Koç,customer03331@example.com,Iğdır,0
3332,Mehmet Polat,customer03332@example.com,Afyonkarahisar,0
3333,Ömer Kurt,customer03333@example.com,Erzincan,0
3334,Furkan Yılmaz,customer03334@example.com,Aksaray,0
3335,Ömer Koç,customer03335@example.com,Mersin,0
3336,Mustafa Şahin,customer03336@example.com,Bitlis,0
3337,Onur Yıldız,customer03337@example.com,Kastamonu,0
3338,Emre Yıldız,customer03338@example.com,Mersin,0
3339,Seda Demir,customer03339@example.com,Denizli,0
3340,Mert Kurt,customer03340@example.com,Edirne,0
3341,Mehmet Tekin,customer03341@example.com,Konya,0
3342,Yusuf Yılmaz,customer03342@example.com,Artvin,0
3343,Mert Koç,customer03343@example.com,Bitlis,0
3344,Ömer Çelik,customer03344@example.com,Rize,0
3345,Melis Kılıç,customer03345@example.com,İstanbul,0
3346,Berk Şahin,customer03346@example.com,Antalya,0
3347,Burak Öztürk,customer03347@example.com,Yalova,0
3348,Hakan Öztürk,customer03348@example.com,Uşak,0
3349,Serkan Erdoğan,customer03349@example.com,Nevşehir,0
3350,Ali Arslan,customer03350@example.com,Artvin,0
3351,Ömer Özdemir,customer03351@example.com,Kırıkkale,0
3352,Furkan Demir,customer03352@example.com,Tunceli,0
3353,Ahmet Kurt,customer03353@example.com,Hakkari,0
3354,Derya Yılmaz,customer03354@example.com,İzmir,0
3355,Onur Güneş,customer03355@example.com,Bitlis,0
3356,Can Aksoy,customer03356@example.com,Çanakkale,0
3357,Mert Güneş,customer03357@example.com,Rize,0
3358,Kaan Demir,customer03358@example.com,Van,0
3359,Burak Çelik,customer03359@example.com,Muğla,0
3360,Onur Yıldız,customer03360@example.com,Isparta,0
3361,Onur Kurt,customer03361@example.com,Batman,0
3362,Kaan Kaya,customer03362@example.com,Adana,0
3363,Ceren Özdemir,customer03363@example.com,Osmaniye,0
3364,Mert Yıldız,customer03364@example.com,Adana,0
3365,Mehmet Polat,customer03365@example.com,İzmir,0
3366,Barış Arslan,customer03366@example.com,Muş,0
3367,Kerem Aydın,customer03367@example.com,Ardahan,0
3368,Ceren Erdoğan,customer03368@example.com,Kastamonu,0
3369,Mehmet Yıldız,customer03369@example.com,Bayburt,0
3370,Hakan Demir,customer03370@example.com,Kırklareli,0
3371,Mustafa Koç,customer03371@example.com,Bursa,0
3372,Ceren Çelik,customer03372@example.com,Batman,0
3373,Eren Kurt,customer03373@example.com,Gaziantep,0
3374,Barış Erdoğan,customer03374@example.com,Kocaeli,0
3375,Melis Kılıç,customer03375@example.com,İstanbul,0
3376,Seda Özdemir,customer03376@example.com,İzmir,0
3377,Can Kılıç,customer03377@example.com,Malatya,0
3378,Burak Özdemir,customer03378@example.com,Yalova,0
3379,Ömer Yılmaz,customer03379@example.com,Çankırı,0
3380,Elif Yılmaz,customer03380@example.com,Karabük,0
3381,Arda Yılmaz,customer03381@example.com,Adıyaman,0
3382,Zeynep Yıldız,customer03382@example.com,Rize,0
3383,Onur Polat,customer03383@example.com,Niğde,0
3384,Onur Demir,customer03384@example.com,Balıkesir,0
3385,Onur Yılmaz,customer03385@example.com,Sinop,0
3386,Zeynep Şahin,customer03386@example.com,Kahramanmaraş,0
3387,Ceren Koç,customer03387@example.com,Yalova,0
3388,Kerem Koç,customer03388@example.com,Elazığ,0
3389,Ceren Yılmaz,customer03389@example.com,Bursa,0
3390,Kaan Aslan,customer03390@example.com,Erzurum,0
3391,Kaan Yılmaz,customer03391@example.com,Gümüşhane,0
3392,Fatma Yılmaz,customer03392@example.com,Kars,0
3393,Zeynep Aslan,customer03393@example.com,Erzurum,0
3394,Mustafa Tekin,customer03394@example.com,Düzce,0
3395,Mert Öztürk,customer03395@example.com,Hakkari,0
3396,Arda Aslan,customer03396@example.com,Amasya,0
3397,Eren Polat,customer03397@example.com,Karabük,0
3398,Burak Yılmaz,customer03398@example.com,Eskişehir,0
3399,Ceren Koç,customer03399@example.com,Burdur,0
3400,Buse Arslan,customer03400@example.com,Şırnak,0
3401,Serkan Polat,customer03401@example.com,Edirne,0
3402,Onur Aydın,customer03402@example.com,Şırnak,0
3403,Zeynep Tekin,customer03403@example.com,Şırnak,0
3404,Yusuf Demir,customer03404@example.com,Iğdır,0
3405,Emre Demir,customer03405@example.com,Çanakkale,0
3406,Eren Güneş,customer03406@example.com,Hakkari,0
3407,Melis Erdoğan,customer03407@example.com,Kars,0
3408,Burak Yılmaz,customer03408@example.com,Bayburt,0
3409,Barış Arslan,customer03409@example.com,Batman,0
3410,Melis Özdemir,customer03410@example.com,Adana,0
3411,Furkan Kaya,customer03411@example.com,Konya,0
3412,Furkan Kurt,customer03412@example.com,Kars,0
3413,Ali Erdoğan,customer03413@example.com,Tokat,0
3414,Arda Aslan,customer03414@example.com,Zonguldak,0
3415,Seda Kaya,customer03415@example.com,Gümüşhane,0
3416,Mehmet Arslan,customer03416@example.com,Sakarya,0
3417,Onur Özdemir,customer03417@example.com,Kocaeli,0
3418,Ahmet Koç,customer03418@example.com,Erzurum,0
3419,Ömer Demir,customer03419@example.com,Bartın,0
3420,Ece Yılmaz,customer03420@example.com,Gümüşhane,0
3421,Ayşe Kurt,customer03421@example.com,Balıkesir,0
3422,Derya Öztürk,customer03422@example.com,Eskişehir,0
3423,Yusuf Kılıç,customer03423@example.com,Kırşehir,0
3424,Mustafa Şahin,customer03424@example.com,Ağrı,0
3425,Arda Kurt,customer03425@example.com,Ağrı,0
3426,Hakan Kılıç,customer03426@example.com,Mersin,0
3427,Can Şahin,customer03427@example.com,Trabzon,0
3428,Can Kılıç,customer03428@example.com,Antalya,0
3429,Ceren Kılıç,customer03429@example.com,Zonguldak,0
3430,Ece Öztürk,customer03430@example.com,Balıkesir,0
3431,Seda Tekin,customer03431@example.com,Osmaniye,0
3432,Kaan Şahin,customer03432@example.com,Düzce,0
3433,Kaan Güneş,customer03433@example.com,Bursa,0
3434,Mustafa Kaya,customer03434@example.com,Amasya,0
3435,Berk Kılıç,customer03435@example.com,Aydın,0
3436,Ece Çelik,customer03436@example.com,Artvin,0
3437,Derya Özdemir,customer03437@example.com,Artvin,0
3438,Mert Tekin,customer03438@example.com,Düzce,0
3439,Furkan Demir,customer03439@example.com,Bolu,0
3440,Zeynep Kaya,customer03440@example.com,Batman,0
3441,Mehmet Doğan,customer03441@example.com,Muş,0
3442,Berk Şahin,customer03442@example.com,Osmaniye,0
3443,Seda Kurt,customer03443@example.com,Hakkari,0
3444,Buse Tekin,customer03444@example.com,Osmaniye,0
3445,Ahmet Özdemir,customer03445@example.com,Nevşehir,0
3446,Kaan Kurt,customer03446@example.com,Osmaniye,0
3447,Barış Şahin,customer03447@example.com,Malatya,0
3448,Elif Yılmaz,customer03448@example.com,Tekirdağ,0
3449,Serkan Kılıç,customer03449@example.com,Iğdır,0
3450,Burak Şahin,customer03450@example.com,Bolu,0
3451,Ahmet Tekin,customer03451@example.com,Aydın,0
3452,Hakan Aydın,customer03452@example.com,Bartın,0
3453,Emre Erdoğan,customer03453@example.com,Mersin,0
3454,Kerem Kurt,customer03454@example.com,Tunceli,0
3455,Fatma Tekin,customer03455@example.com,Sinop,0
3456,Yusuf Öztürk,customer03456@example.com,Çankırı,0
3457,Ece Kaya,customer03457@example.com,Artvin,0
3458,Emre Doğan,customer03458@example.com,Ardahan,0
3459,Furkan Erdoğan,customer03459@example.com,Kahramanmaraş,0
3460,Mert Güneş,customer03460@example.com,Karaman,0
3461,Seda Çelik,customer03461@example.com,Çorum,0
3462,Arda Doğan,customer03462@example.com,Karabük,0
3463,Ömer Doğan,customer03463@example.com,Muğla,0
3464,Ahmet Erdoğan,customer03464@example.com,Iğdır,0
3465,Zeynep Çelik,customer03465@example.com,Artvin,0
3466,Can Erdoğan,customer03466@example.com,Batman,0
3467,Buse Kaya,customer03467@example.com,Samsun,0
3468,Kerem Aydın,customer03468@example.com,Eskişehir,0
3469,Elif Aydın,customer03469@example.com,Aydın,0
3470,Ömer Aydın,customer03470@example.com,Trabzon,0
3471,Ayşe Özdemir,customer03471@example.com,Yalova,0
3472,Ayşe Kılıç,customer03472@example.com,Ardahan,0
3473,Hakan Kılıç,customer03473@example.com,Kilis,0
3474,Mert Kurt,customer03474@example.com,Kütahya,0
3475,Yusuf Şahin,customer03475@example.com,Tekirdağ,0
3476,Melis Kaya,customer03476@example.com,Uşak,0
3477,Can Yılmaz,customer03477@example.com,Gümüşhane,0
3478,Ayşe Öztürk,customer03478@example.com,Tokat,0
3479,Barış Aydın,customer03479@example.com,Hatay,0
3480,Arda Kılıç,customer03480@example.com,Muş,0
3481,Burak Koç,customer03481@example.com,Erzincan,0
3482,Ceren Yılmaz,customer03482@example.com,Mardin,0
3483,Ahmet Demir,customer03483@example.com,Kahramanmaraş,0
3484,Ahmet Aksoy,customer03484@example.com,Burdur,0
3485,Emre Doğan,customer03485@example.com,Sinop,0
3486,Burak Güneş,customer03486@example.com,Mardin,0
3487,Mehmet Yılmaz,customer03487@example.com,Eskişehir,0
3488,Burak Doğan,customer03488@example.com,Elazığ,0
3489,Can Arslan,customer03489@example.com,Elazığ,0
3490,Ömer Aksoy,customer03490@example.com,Isparta,0
3491,Yusuf Aydın,customer03491@example.com,Afyonkarahisar,0
3492,Yusuf Arslan,customer03492@example.com,Bitlis,0
3493,Ahmet Çelik,customer03493@example.com,Muş,0
3494,Elif Şahin,customer03494@example.com,Malatya,0
3495,Derya Aydın,customer03495@example.com,Kırşehir,0
3496,Kaan Öztürk,customer03496@example.com,Muğla,0
3497,Ece Aslan,customer03497@example.com,Edirne,0
3498,Serkan Tekin,customer03498@example.com,Siirt,0
3499,Melis Demir,customer03499@example.com,Bursa,0
3500,Emre Çelik,customer03500@example.com,Erzurum,0
3501,Burak Aksoy,customer03501@example.com,Muş,0
3502,Ayşe Aslan,customer03502@example.com,Kocaeli,0
3503,Barış Kurt,customer03503@example.com,Isparta,0
3504,Derya Kaya,customer03504@example.com,Kilis,0
3505,Hakan Aydın,customer03505@example.com,Bayburt,0
3506,Mert Çelik,customer03506@example.com,Konya,0
3507,Can Kaya,customer03507@example.com,Düzce,0
3508,Ece Arslan,customer03508@example.com,Çanakkale,0
3509,Buse Erdoğan,customer03509@example.com,Ardahan,0
3510,Melis Polat,customer03510@example.com,Gaziantep,0
3511,Fatma Demir,customer03511@example.com,Trabzon,0
3512,Ece Tekin,customer03512@example.com,Aydın,0
3513,Yusuf Erdoğan,customer03513@example.com,Nevşehir,0
3514,Seda Erdoğan,customer03514@example.com,Muğla,0
3515,Arda Erdoğan,customer03515@example.com,Tokat,0
3516,Yusuf Kılıç,customer03516@example.com,Muğla,0
3517,Serkan Polat,customer03517@example.com,Uşak,0
3518,Arda Arslan,customer03518@example.com,Ardahan,0
3519,Berk Güneş,customer03519@example.com,Amasya,0
3520,Burak Öztürk,customer03520@example.com,Eskişehir,0
3521,Kaan Öztürk,customer03521@example.com,Niğde,0
3522,Burak Doğan,customer03522@example.com,Samsun,0
3523,Melis Koç,customer03523@example.com,Bartın,0
3524,Yusuf Aslan,customer03524@example.com,Mersin,0
3525,Onur Demir,customer03525@example.com,Çankırı,0
3526,Seda Demir,customer03526@example.com,Kayseri,0
3527,Kaan Erdoğan,customer03527@example.com,Kahramanmaraş,0
3528,Can Güneş,customer03528@example.com,Ankara,0
3529,Kaan Erdoğan,customer03529@example.com,Osmaniye,0
3530,Ömer Kurt,customer03530@example.com,Sivas,0
3531,Kaan Kurt,customer03531@example.com,Rize,0
3532,Kerem Polat,customer03532@example.com,Kocaeli,0
3533,Eren Koç,customer03533@example.com,Ağrı,0
3534,Yusuf Özdemir,customer03534@example.com,Hakkari,0
3535,Eren Demir,customer03535@example.com,Kahramanmaraş,0
3536,Melis Demir,customer03536@example.com,Kayseri,0
3537,Ceren Erdoğan,customer03537@example.com,Yozgat,0
3538,Onur Demir,customer03538@example.com,Kars,0
3539,Derya Öztürk,customer03539@example.com,Bitlis,0
3540,Ali Demir,customer03540@example.com,Mardin,0
3541,Mehmet Aksoy,customer03541@example.com,Eskişehir,0
3542,Ömer Aydın,customer03542@example.com,Kütahya,0
3543,Eren Doğan,customer03543@example.com,Kars,0
3544,Burak Tekin,customer03544@example.com,Çankırı,0
3545,Buse Aksoy,customer03545@example.com,İstanbul,0
3546,Ahmet Doğan,customer03546@example.com,Kastamonu,0
3547,Ceren Aslan,customer03547@example.com,Ordu,0
3548,Berk Güneş,customer03548@example.com,Adıyaman,0
3549,Arda Erdoğan,customer03549@example.com,Denizli,0
3550,Buse Koç,customer03550@example.com,Hakkari,0
3551,Can Aydın,customer03551@example.com,Trabzon,0
3552,Can Erdoğan,customer03552@example.com,Iğdır,0
3553,Ece Aksoy,customer03553@example.com,Tokat,0
3554,Fatma Özdemir,customer03554@example.com,Malatya,0
3555,Ece Demir,customer03555@example.com,Kocaeli,0
3556,Buse Aydın,customer03556@example.com,Samsun,0
3557,Seda Kurt,customer03557@example.com,Gaziantep,0
3558,Kaan Özdemir,customer03558@example.com,Batman,0
3559,Ahmet Aslan,customer03559@example.com,Çankırı,0
3560,Hakan Çelik,customer03560@example.com,Kırşehir,0
3561,Fatma Yılmaz,customer03561@example.com,Uşak,0
3562,Ece Aslan,customer03562@example.com,Malatya,0
3563,Can Kurt,customer03563@example.com,Samsun,0
3564,Zeynep Koç,customer03564@example.com,Bayburt,0
3565,Mert Kılıç,customer03565@example.com,Iğdır,0
3566,Ahmet Güneş,customer03566@example.com,Amasya,0
3567,Derya Çelik,customer03567@example.com,Denizli,0
3568,Ömer Güneş,customer03568@example.com,Düzce,0
3569,Ece Tekin,customer03569@example.com,Karabük,0
3570,Hakan Koç,customer03570@example.com,Muş,0
3571,Burak Koç,customer03571@example.com,Aydın,0
3572,Onur Koç,customer03572@example.com,Erzurum,0
3573,Arda Şahin,customer03573@example.com,Kütahya,0
3574,Hakan Özdemir,customer03574@example.com,Kırklareli,0
3575,Mustafa Yıldız,customer03575@example.com,Bolu,0
3576,Zeynep Aksoy,customer03576@example.com,Elazığ,0
3577,Mehmet Tekin,customer03577@example.com,Şanlıurfa,0
3578,Ahmet Yıldız,customer03578@example.com,Eskişehir,0
3579,Mustafa Koç,customer03579@example.com,Kastamonu,0
3580,Burak Öztürk,customer03580@example.com,Kayseri,0
3581,Zeynep Erdoğan,customer03581@example.com,Aydın,0
3582,Kaan Kaya,customer03582@example.com,Muğla,0
3583,Serkan Yılmaz,customer03583@example.com,Edirne,0
3584,Ömer Kurt,customer03584@example.com,Niğde,0
3585,Yusuf Şahin,customer03585@example.com,Çanakkale,0
3586,Onur Kurt,customer03586@example.com,Tunceli,0
3587,Fatma Demir,customer03587@example.com,Nevşehir,0
3588,Melis Aydın,customer03588@example.com,Çanakkale,0
3589,Buse Aydın,customer03589@example.com,Kırşehir,0
3590,Furkan Polat,customer03590@example.com,Diyarbakır,0
3591,Barış Güneş,customer03591@example.com,Kırşehir,0
3592,Hakan Aydın,customer03592@example.com,Van,0
3593,Ayşe Özdemir,customer03593@example.com,Kars,0
3594,Burak Yılmaz,customer03594@example.com,Çorum,0
3595,Kaan Demir,customer03595@example.com,Ordu,0
3596,Barış Öztürk,customer03596@example.com,Aksaray,0
3597,Ömer Güneş,customer03597@example.com,Şanlıurfa,0
3598,Kaan Özdemir,customer03598@example.com,Bartın,0
3599,Mehmet Demir,customer03599@example.com,Kastamonu,0
3600,Elif Özdemir,customer03600@example.com,Manisa,0
3601,Ayşe Doğan,customer03601@example.com,Niğde,0
3602,Barış Yıldız,customer03602@example.com,Sakarya,0
3603,Can Yıldız,customer03603@example.com,Osmaniye,0
3604,Fatma Kurt,customer03604@example.com,Tekirdağ,0
3605,Berk Yıldız,customer03605@example.com,Şırnak,0
3606,Ali Koç,customer03606@example.com,Ankara,0
3607,Can Yıldız,customer03607@example.com,Kars,0
3608,Melis Aksoy,customer03608@example.com,Kayseri,0
3609,Zeynep Demir,customer03609@example.com,Giresun,0
3610,Derya Polat,customer03610@example.com,Rize,0
3611,Seda Aksoy,customer03611@example.com,Bursa,0
3612,Kerem Demir,customer03612@example.com,Bolu,0
3613,Serkan Kılıç,customer03613@example.com,Rize,0
3614,Kaan Yıldız,customer03614@example.com,Mersin,0
3615,Burak Erdoğan,customer03615@example.com,Ankara,0
3616,Kaan Yılmaz,customer03616@example.com,Balıkesir,0
3617,Elif Özdemir,customer03617@example.com,Muş,0
3618,Ömer Koç,customer03618@example.com,Erzurum,0
3619,Berk Kaya,customer03619@example.com,Adıyaman,0
3620,Eren Şahin,customer03620@example.com,Çankırı,0
3621,Ömer Özdemir,customer03621@example.com,Şanlıurfa,0
3622,Kaan Demir,customer03622@example.com,Bilecik,0
3623,Onur Öztürk,customer03623@example.com,Sinop,0
3624,Emre Polat,customer03624@example.com,Kars,0
3625,Ceren Yıldız,customer03625@example.com,Edirne,0
3626,Ceren Yılmaz,customer03626@example.com,Karabük,0
3627,Ali Yıldız,customer03627@example.com,Kayseri,0
3628,Ali Aksoy,customer03628@example.com,Niğde,0
3629,Yusuf Demir,customer03629@example.com,Adıyaman,0
3630,Zeynep Arslan,customer03630@example.com,Denizli,0
3631,Kaan Aslan,customer03631@example.com,Elazığ,0
3632,Burak Kaya,customer03632@example.com,Bayburt,0
3633,Burak Özdemir,customer03633@example.com,Antalya,0
3634,Ceren Erdoğan,customer03634@example.com,Bolu,0
3635,Berk Doğan,customer03635@example.com,Sinop,0
3636,Mehmet Tekin,customer03636@example.com,Adana,0
3637,Mehmet Koç,customer03637@example.com,Eskişehir,0
3638,Derya Öztürk,customer03638@example.com,Muğla,0
3639,Derya Öztürk,customer03639@example.com,Eskişehir,0
3640,Mustafa Yılmaz,customer03640@example.com,Sakarya,0
3641,Ahmet Yılmaz,customer03641@example.com,Malatya,0
3642,Ceren Aydın,customer03642@example.com,Aydın,0
3643,Can Şahin,customer03643@example.com,Edirne,0
3644,Fatma Yıldız,customer03644@example.com,Ankara,0
3645,Furkan Erdoğan,customer03645@example.com,Bolu,0
3646,Ceren Kılıç,customer03646@example.com,Konya,0
3647,Onur Aydın,customer03647@example.com,Osmaniye,0
3648,Burak Aksoy,customer03648@example.com,Niğde,0
3649,Furkan Şahin,customer03649@example.com,Hakkari,0
3650,Burak Şahin,customer03650@example.com,Kahramanmaraş,0
3651,Ömer Yıldız,customer03651@example.com,Adıyaman,0
3652,Berk Kılıç,customer03652@example.com,Adıyaman,0
3653,Berk Aydın,customer03653@example.com,Tekirdağ,0
3654,Can Demir,customer03654@example.com,Kars,0
3655,Elif Tekin,customer03655@example.com,Muğla,0
3656,Mehmet Demir,customer03656@example.com,Giresun,0
3657,Furkan Doğan,customer03657@example.com,Yalova,0
3658,Arda Şahin,customer03658@example.com,Bayburt,0
3659,Ece Güneş,customer03659@example.com,Edirne,0
3660,Eren Şahin,customer03660@example.com,Yalova,0
3661,Ömer Koç,customer03661@example.com,Çankırı,0
3662,Ömer Yıldız,customer03662@example.com,Kocaeli,0
3663,Buse Polat,customer03663@example.com,Aydın,0
3664,Ömer Yılmaz,customer03664@example.com,Karabük,0
3665,Derya Güneş,customer03665@example.com,Sivas,0
3666,Berk Erdoğan,customer03666@example.com,Hakkari,0
3667,Serkan Güneş,customer03667@example.com,Adıyaman,0
3668,Can Yılmaz,customer03668@example.com,Kilis,0
3669,Seda Şahin,customer03669@example.com,Kırşehir,0
3670,Can Kurt,customer03670@example.com,Isparta,0
3671,Barış Demir,customer03671@example.com,Artvin,0
3672,Emre Aslan,customer03672@example.com,Uşak,0
3673,Mert Aydın,customer03673@example.com,Denizli,0
3674,Berk Aydın,customer03674@example.com,Amasya,0
3675,Can Tekin,customer03675@example.com,Sinop,0
3676,Fatma Kılıç,customer03676@example.com,Çankırı,0
3677,Eren Kılıç,customer03677@example.com,Ankara,0
3678,Serkan Kurt,customer03678@example.com,Kastamonu,0
3679,Seda Yılmaz,customer03679@example.com,Hakkari,0
3680,Buse Kılıç,customer03680@example.com,Malatya,0
3681,Can Aydın,customer03681@example.com,Karaman,0
3682,Mehmet Öztürk,customer03682@example.com,Gümüşhane,0
3683,Barış Koç,customer03683@example.com,Zonguldak,0
3684,Ömer Yıldız,customer03684@example.com,Sinop,0
3685,Elif Yılmaz,customer03685@example.com,Aydın,0
3686,Buse Polat,customer03686@example.com,Aydın,0
3687,Burak Kaya,customer03687@example.com,Çorum,0
3688,Burak Çelik,customer03688@example.com,Bingöl,0
3689,Yusuf Güneş,customer03689@example.com,Kırıkkale,0
3690,Ceren Aydın,customer03690@example.com,Hatay,0
3691,Serkan Demir,customer03691@example.com,Samsun,0
3692,Fatma Özdemir,customer03692@example.com,Kırşehir,0
3693,Yusuf Aydın,customer03693@example.com,Isparta,0
3694,Furkan Yıldız,customer03694@example.com,Karabük,0
3695,Can Doğan,customer03695@example.com,Kastamonu,0
3696,Hakan Özdemir,customer03696@example.com,Eskişehir,0
3697,Eren Polat,customer03697@example.com,Bilecik,0
3698,Kerem Koç,customer03698@example.com,Muş,0
3699,Yusuf Polat,customer03699@example.com,Sinop,0
3700,Furkan Erdoğan,customer03700@example.com,Kilis,0
3701,Fatma Kurt,customer03701@example.com,Denizli,0
3702,Ceren Polat,customer03702@example.com,Afyonkarahisar,0
3703,Seda Koç,customer03703@example.com,Samsun,0
3704,Buse Demir,customer03704@example.com,Kırklareli,0
3705,Barış Aksoy,customer03705@example.com,Denizli,0
3706,Onur Yıldız,customer03706@example.com,Mersin,0
3707,Berk Özdemir,customer03707@example.com,Kırşehir,0
3708,Kaan Doğan,customer03708@example.com,Muş,0
3709,Onur Tekin,customer03709@example.com,Tunceli,0
3710,Mustafa Kılıç,customer03710@example.com,Çankırı,0
3711,Ayşe Polat,customer03711@example.com,Eskişehir,0
3712,Emre Aydın,customer03712@example.com,Adana,0
3713,Ahmet Erdoğan,customer03713@example.com,Muğla,0
3714,Arda Koç,customer03714@example.com,Sakarya,0
3715,Berk Aslan,customer03715@example.com,Nevşehir,0
3716,Arda Doğan,customer03716@example.com,Iğdır,0
3717,Mustafa Kurt,customer03717@example.com,Amasya,0
3718,Derya Şahin,customer03718@example.com,Nevşehir,0
3719,Derya Güneş,customer03719@example.com,Diyarbakır,0
3720,Burak Kurt,customer03720@example.com,Mersin,0
3721,Seda Aslan,customer03721@example.com,Yozgat,0
3722,Ayşe Polat,customer03722@example.com,Muğla,0
3723,Ayşe Kaya,customer03723@example.com,Nevşehir,0
3724,Derya Kurt,customer03724@example.com,Isparta,0
3725,Can Polat,customer03725@example.com,Amasya,0
3726,Derya Aslan,customer03726@example.com,Düzce,0
3727,Ayşe Yılmaz,customer03727@example.com,Çorum,0
3728,Eren Tekin,customer03728@example.com,Tekirdağ,0
3729,Zeynep Çelik,customer03729@example.com,Mersin,0
3730,Can Tekin,customer03730@example.com,Ardahan,0
3731,Zeynep Yıldız,customer03731@example.com,Adıyaman,0
3732,Ali Demir,customer03732@example.com,Nevşehir,0
3733,Berk Güneş,customer03733@example.com,Bilecik,0
3734,Serkan Aydın,customer03734@example.com,Samsun,0
3735,Yusuf Kurt,customer03735@example.com,Mersin,0
3736,Ayşe Doğan,customer03736@example.com,Van,0
3737,Onur Koç,customer03737@example.com,Iğdır,0
3738,Mert Kurt,customer03738@example.com,Bingöl,0
3739,Ali Güneş,customer03739@example.com,Manisa,0
3740,Ceren Çelik,customer03740@example.com,İzmir,0
3741,Fatma Aydın,customer03741@example.com,Niğde,0
3742,Ayşe Doğan,customer03742@example.com,Adana,0
3743,Yusuf Polat,customer03743@example.com,Adana,0
3744,Ali Demir,customer03744@example.com,Sakarya,0
3745,Serkan Kurt,customer03745@example.com,Kastamonu,0
3746,Fatma Kurt,customer03746@example.com,Edirne,0
3747,Yusuf Aslan,customer03747@example.com,Erzincan,0
3748,Ayşe Çelik,customer03748@example.com,Eskişehir,0
3749,Arda Yıldız,customer03749@example.com,Van,0
3750,Ali Özdemir,customer03750@example.com,Şırnak,0
3751,Ceren Aydın,customer03751@example.com,Erzincan,0
3752,Burak Kaya,customer03752@example.com,Erzincan,0
3753,Ece Aydın,customer03753@example.com,İstanbul,0
3754,Melis Kurt,customer03754@example.com,Sinop,0
3755,Elif Tekin,customer03755@example.com,Bolu,0
3756,Buse Yıldız,customer03756@example.com,Bilecik,0
3757,Mert Demir,customer03757@example.com,Muş,0
3758,Ali Arslan,customer03758@example.com,Aydın,0
3759,Ömer Yılmaz,customer03759@example.com,Ardahan,0
3760,Can Polat,customer03760@example.com,Şanlıurfa,0
3761,Zeynep Şahin,customer03761@example.com,Adıyaman,0
3762,Mehmet Arslan,customer03762@example.com,Adana,0
3763,Zeynep Güneş,customer03763@example.com,Ankara,0
3764,Ali Aydın,customer03764@example.com,Zonguldak,0
3765,Ece Yılmaz,customer03765@example.com,Muş,0
3766,Barış Erdoğan,customer03766@example.com,İzmir,0
3767,Derya Polat,customer03767@example.com,Trabzon,0
3768,Seda Kılıç,customer03768@example.com,Karabük,0
3769,Furkan Kılıç,customer03769@example.com,Muğla,0
3770,Zeynep Kılıç,customer03770@example.com,Kocaeli,0
3771,Ceren Öztürk,customer03771@example.com,Mardin,0
3772,Zeynep Koç,customer03772@example.com,Muş,0
3773,Barış Kaya,customer03773@example.com,Kahramanmaraş,0
3774,Buse Kılıç,customer03774@example.com,Bitlis,0
3775,Ahmet Özdemir,customer03775@example.com,Ordu,0
3776,Fatma Çelik,customer03776@example.com,Ağrı,0
3777,Barış Şahin,customer03777@example.com,Aksaray,0
3778,Eren Öztürk,customer03778@example.com,Muğla,0
3779,Kaan Tekin,customer03779@example.com,Trabzon,0
3780,Serkan Kurt,customer03780@example.com,Erzurum,0
3781,Ahmet Kılıç,customer03781@example.com,Afyonkarahisar,0
3782,Elif Aslan,customer03782@example.com,Ankara,0
3783,Ece Kılıç,customer03783@example.com,Sinop,0
3784,Can Tekin,customer03784@example.com,Şanlıurfa,0
3785,Berk Tekin,customer03785@example.com,Bilecik,0
3786,Kerem Kurt,customer03786@example.com,Trabzon,0
3787,Zeynep Şahin,customer03787@example.com,Nevşehir,0
3788,Mert Tekin,customer03788@example.com,Erzurum,0
3789,Ayşe Çelik,customer03789@example.com,Zonguldak,0
3790,Melis Güneş,customer03790@example.com,Van,0
3791,Mehmet Çelik,customer03791@example.com,Uşak,0
3792,Ece Demir,customer03792@example.com,Kırklareli,0
3793,Ceren Aksoy,customer03793@example.com,Tokat,0
3794,Yusuf Özdemir,customer03794@example.com,Burdur,0
3795,Arda Aksoy,customer03795@example.com,Hatay,0
3796,Can Aydın,customer03796@example.com,Edirne,0
3797,Seda Demir,customer03797@example.com,Bolu,0
3798,Furkan Yılmaz,customer03798@example.com,Diyarbakır,0
3799,Derya Kılıç,customer03799@example.com,Nevşehir,0
3800,Seda Arslan,customer03800@example.com,Gümüşhane,0
3801,Fatma Arslan,customer03801@example.com,Trabzon,0
3802,Melis Şahin,customer03802@example.com,Çankırı,0
3803,Derya Aksoy,customer03803@example.com,Şanlıurfa,0
3804,Mustafa Kılıç,customer03804@example.com,Gümüşhane,0
3805,Derya Güneş,customer03805@example.com,Yalova,0
3806,Mustafa Kılıç,customer03806@example.com,Muş,0
3807,Derya Koç,customer03807@example.com,Batman,0
3808,Buse Kurt,customer03808@example.com,Hakkari,0
3809,Can Arslan,customer03809@example.com,Burdur,0
3810,Mert Demir,customer03810@example.com,Burdur,0
3811,Mustafa Kılıç,customer03811@example.com,Iğdır,0
3812,Derya Aydın,customer03812@example.com,Burdur,0
3813,Hakan Aslan,customer03813@example.com,Çanakkale,0
3814,Buse Kılıç,customer03814@example.com,Muş,0
3815,Hakan Yılmaz,customer03815@example.com,Kırşehir,0
3816,Mehmet Güneş,customer03816@example.com,Bayburt,0
3817,Burak Koç,customer03817@example.com,Samsun,0
3818,Ömer Aslan,customer03818@example.com,Çanakkale,0
3819,Serkan Tekin,customer03819@example.com,Iğdır,0
3820,Can Şahin,customer03820@example.com,Niğde,0
3821,Ahmet Aksoy,customer03821@example.com,Tekirdağ,0
3822,Ömer Çelik,customer03822@example.com,Kayseri,0
3823,Ceren Öztürk,customer03823@example.com,Uşak,0
3824,Zeynep Özdemir,customer03824@example.com,Çorum,0
3825,Barış Doğan,customer03825@example.com,Çorum,0
3826,Fatma Kaya,customer03826@example.com,Yalova,0
3827,Ömer Doğan,customer03827@example.com,Van,0
3828,Ayşe Şahin,customer03828@example.com,Kars,0
3829,Buse Güneş,customer03829@example.com,Tunceli,0
3830,Elif Aydın,customer03830@example.com,Uşak,0
3831,Mert Koç,customer03831@example.com,Artvin,0
3832,Ece Kılıç,customer03832@example.com,Denizli,0
3833,Ceren Aydın,customer03833@example.com,Gümüşhane,0
3834,Ayşe Kaya,customer03834@example.com,Elazığ,0
3835,Buse Polat,customer03835@example.com,Niğde,0
3836,Mert Yıldız,customer03836@example.com,Afyonkarahisar,0
3837,Onur Koç,customer03837@example.com,Malatya,0
3838,Furkan Polat,customer03838@example.com,Manisa,0
3839,Seda Koç,customer03839@example.com,Niğde,0
3840,Mustafa Erdoğan,customer03840@example.com,Kastamonu,0
3841,Mert Aydın,customer03841@example.com,Kırıkkale,0
3842,Berk Şahin,customer03842@example.com,Çanakkale,0
3843,Ömer Güneş,customer03843@example.com,Antalya,0
3844,Buse Doğan,customer03844@example.com,Tekirdağ,0
3845,Elif Yıldız,customer03845@example.com,Bartın,0
3846,Emre Özdemir,customer03846@example.com,Tunceli,0
3847,Mert Çelik,customer03847@example.com,Gaziantep,0
3848,Burak Aydın,customer03848@example.com,Adıyaman,0
3849,Kerem Güneş,customer03849@example.com,Bolu,0
3850,Zeynep Çelik,customer03850@example.com,Muş,0
3851,Furkan Yıldız,customer03851@example.com,Artvin,0
3852,Ali Aslan,customer03852@example.com,Trabzon,0
3853,Yusuf Kaya,customer03853@example.com,Bursa,0
3854,Serkan Kılıç,customer03854@example.com,Iğdır,0
3855,Furkan Çelik,customer03855@example.com,Düzce,0
3856,Fatma Koç,customer03856@example.com,Isparta,0
3857,Mehmet Şahin,customer03857@example.com,Hatay,0
3858,Berk Polat,customer03858@example.com,Kırklareli,0
3859,Ayşe Tekin,customer03859@example.com,Elazığ,0
3860,Elif Koç,customer03860@example.com,Bingöl,0
3861,Seda Özdemir,customer03861@example.com,Muş,0
3862,Eren Özdemir,customer03862@example.com,Muğla,0
3863,Ahmet Şahin,customer03863@example.com,Burdur,0
3864,Mustafa Şahin,customer03864@example.com,Şanlıurfa,0
3865,Elif Erdoğan,customer03865@example.com,Gümüşhane,0
3866,Ahmet Güneş,customer03866@example.com,Bartın,0
3867,Hakan Polat,customer03867@example.com,Kars,0
3868,Ayşe Şahin,customer03868@example.com,Iğdır,0
3869,Yusuf Koç,customer03869@example.com,Tunceli,0
3870,Elif Kurt,customer03870@example.com,Kırklareli,0
3871,Hakan Çelik,customer03871@example.com,Bitlis,0
3872,Ömer Demir,customer03872@example.com,Bayburt,0
3873,Yusuf Koç,customer03873@example.com,Afyonkarahisar,0
3874,Berk Aksoy,customer03874@example.com,Bayburt,0
3875,Ece Erdoğan,customer03875@example.com,Şanlıurfa,0
3876,Mustafa Erdoğan,customer03876@example.com,Ardahan,0
3877,Onur Şahin,customer03877@example.com,Gaziantep,0
3878,Zeynep Şahin,customer03878@example.com,Erzincan,0
3879,Buse Tekin,customer03879@example.com,Erzincan,0
3880,Ahmet Aksoy,customer03880@example.com,Sivas,0
3881,Ece Kılıç,customer03881@example.com,Bursa,0
3882,Mehmet Çelik,customer03882@example.com,Bartın,0
3883,Burak Yıldız,customer03883@example.com,Bingöl,0
3884,Onur Arslan,customer03884@example.com,Amasya,0
3885,Mustafa Şahin,customer03885@example.com,Van,0
3886,Mert Aslan,customer03886@example.com,Karaman,0
3887,Yusuf Kurt,customer03887@example.com,Adana,0
3888,Can Doğan,customer03888@example.com,Ankara,0
3889,Serkan Doğan,customer03889@example.com,Bayburt,0
3890,Kaan Çelik,customer03890@example.com,Bartın,0
3891,Arda Kılıç,customer03891@example.com,Zonguldak,0
3892,Derya Aslan,customer03892@example.com,Karabük,0
3893,Onur Erdoğan,customer03893@example.com,Gaziantep,0
3894,Ayşe Şahin,customer03894@example.com,Ankara,0
3895,Can Kaya,customer03895@example.com,Erzurum,0
3896,Emre Doğan,customer03896@example.com,Giresun,0
3897,Emre Tekin,customer03897@example.com,Kırıkkale,0
3898,Burak Güneş,customer03898@example.com,Kahramanmaraş,0
3899,Eren Çelik,customer03899@example.com,Osmaniye,0
3900,Furkan Demir,customer03900@example.com,Kırıkkale,0
3901,Eren Arslan,customer03901@example.com,Muş,0
3902,Elif Yıldız,customer03902@example.com,Ordu,0
3903,Kaan Demir,customer03903@example.com,Mersin,0
3904,Zeynep Kurt,customer03904@example.com,Çorum,0
3905,Onur Aydın,customer03905@example.com,Balıkesir,0
3906,Elif Arslan,customer03906@example.com,Erzurum,0
3907,Ayşe Aslan,customer03907@example.com,Şırnak,0
3908,Zeynep Erdoğan,customer03908@example.com,Karabük,0
3909,Yusuf Kurt,customer03909@example.com,Denizli,0
3910,Ömer Kurt,customer03910@example.com,Muş,0
3911,Ahmet Tekin,customer03911@example.com,Isparta,0
3912,Mustafa Arslan,customer03912@example.com,Bursa,0
3913,Onur Şahin,customer03913@example.com,Kırıkkale,0
3914,Furkan Demir,customer03914@example.com,Kütahya,0
3915,Elif Demir,customer03915@example.com,Mardin,0
3916,Derya Kılıç,customer03916@example.com,İzmir,0
3917,Emre Öztürk,customer03917@example.com,Kars,0
3918,Ahmet Şahin,customer03918@example.com,Muş,0
3919,Can Koç,customer03919@example.com,Bolu,0
3920,Ece Şahin,customer03920@example.com,Elazığ,0
3921,Serkan Doğan,customer03921@example.com,Iğdır,0
3922,Ceren Polat,customer03922@example.com,Bitlis,0
3923,Serkan Aslan,customer03923@example.com,Bartın,0
3924,Buse Doğan,customer03924@example.com,Kırıkkale,0
3925,Eren Tekin,customer03925@example.com,Bitlis,0
3926,Melis Kaya,customer03926@example.com,Edirne,0
3927,Ömer Koç,customer03927@example.com,Erzincan,0
3928,Kerem Aksoy,customer03928@example.com,Kırıkkale,0
3929,Barış Koç,customer03929@example.com,Tunceli,0
3930,Hakan Çelik,customer03930@example.com,İstanbul,0
3931,Ahmet Erdoğan,customer03931@example.com,Denizli,0
3932,Zeynep Çelik,customer03932@example.com,Çorum,0
3933,Berk Güneş,customer03933@example.com,İzmir,0
3934,Mehmet Aslan,customer03934@example.com,Isparta,0
3935,Zeynep Tekin,customer03935@example.com,Sakarya,0
3936,Ayşe Özdemir,customer03936@example.com,Erzincan,0
3937,Kaan Aslan,customer03937@example.com,Tokat,0
3938,Serkan Doğan,customer03938@example.com,Kars,0
3939,Furkan Erdoğan,customer03939@example.com,Hakkari,0
3940,Mert Demir,customer03940@example.com,Kırşehir,0
3941,Furkan Kılıç,customer03941@example.com,Bingöl,0
3942,Elif Demir,customer03942@example.com,Balıkesir,0
3943,Fatma Öztürk,customer03943@example.com,Bingöl,0
3944,Yusuf Güneş,customer03944@example.com,Artvin,0
3945,Mustafa Doğan,customer03945@example.com,Kırıkkale,0
3946,Derya Polat,customer03946@example.com,Adıyaman,0
3947,Furkan Erdoğan,customer03947@example.com,Çankırı,0
3948,Arda Polat,customer03948@example.com,Yozgat,0
3949,Zeynep Aksoy,customer03949@example.com,Bursa,0
3950,Berk Yılmaz,customer03950@example.com,Kilis,0
3951,Burak Yılmaz,customer03951@example.com,Samsun,0
3952,Ayşe Aksoy,customer03952@example.com,Manisa,0
3953,Can Erdoğan,customer03953@example.com,Karabük,0
3954,Mehmet Tekin,customer03954@example.com,Sivas,0
3955,Yusuf Erdoğan,customer03955@example.com,Gümüşhane,0
3956,Yusuf Demir,customer03956@example.com,Mardin,0
3957,Ceren Çelik,customer03957@example.com,Yozgat,0
3958,Kerem Kaya,customer03958@example.com,Samsun,0
3959,Arda Koç,customer03959@example.com,Edirne,0
3960,Kerem Şahin,customer03960@example.com,Malatya,0
3961,Derya Öztürk,customer03961@example.com,Karaman,0
3962,Buse Şahin,customer03962@example.com,Kayseri,0
3963,Mert Polat,customer03963@example.com,Kayseri,0
3964,Eren Aydın,customer03964@example.com,Adana,0
3965,Fatma Güneş,customer03965@example.com,Niğde,0
3966,Burak Doğan,customer03966@example.com,Yozgat,0
3967,Ceren Kaya,customer03967@example.com,Tokat,0
3968,Melis Tekin,customer03968@example.com,Şanlıurfa,0
3969,Mehmet Aslan,customer03969@example.com,Adana,0
3970,Barış Özdemir,customer03970@example.com,Kütahya,0
3971,Mert Aslan,customer03971@example.com,Bolu,0
3972,Ahmet Aslan,customer03972@example.com,Erzincan,0
3973,Berk Aslan,customer03973@example.com,Adıyaman,0
3974,Ali Kurt,customer03974@example.com,Şanlıurfa,0
3975,Burak Demir,customer03975@example.com,Aksaray,0
3976,Serkan Çelik,customer03976@example.com,Rize,0
3977,Ali Polat,customer03977@example.com,Adana,0
3978,Emre Arslan,customer03978@example.com,Gümüşhane,0
3979,Arda Koç,customer03979@example.com,Muğla,0
3980,Mert Aslan,customer03980@example.com,Samsun,0
3981,Melis Yıldız,customer03981@example.com,Bayburt,0
3982,Ece Arslan,customer03982@example.com,Bolu,0
3983,Kaan Özdemir,customer03983@example.com,Diyarbakır,0
3984,Emre Aslan,customer03984@example.com,Siirt,0
3985,Ahmet Aslan,customer03985@example.com,Eskişehir,0
3986,Ali Aydın,customer03986@example.com,Kastamonu,0
3987,Mehmet Çelik,customer03987@example.com,Niğde,0
3988,Furkan Kılıç,customer03988@example.com,Amasya,0
3989,Yusuf Aydın,customer03989@example.com,Tunceli,0
3990,Zeynep Arslan,customer03990@example.com,Bursa,0
3991,Furkan Polat,customer03991@example.com,Kırıkkale,0
3992,Arda Çelik,customer03992@example.com,Konya,0
3993,Seda Koç,customer03993@example.com,Van,0
3994,Fatma Koç,customer03994@example.com,Çanakkale,0
3995,Ali Şahin,customer03995@example.com,Afyonkarahisar,0
3996,Emre Çelik,customer03996@example.com,Manisa,0
3997,Serkan Yılmaz,customer03997@example.com,Hatay,0
3998,Mehmet Kılıç,customer03998@example.com,Samsun,0
3999,Barış Yılmaz,customer03999@example.com,Siirt,0
4000,Arda Doğan,customer04000@example.com,Kastamonu,0
4001,Arda Demir,customer04001@example.com,Samsun,0
4002,Can Tekin,customer04002@example.com,Denizli,0
4003,Fatma Erdoğan,customer04003@example.com,Erzincan,0
4004,Can Arslan,customer04004@example.com,Burdur,0
4005,Buse Arslan,customer04005@example.com,Isparta,0
4006,Zeynep Kurt,customer04006@example.com,Eskişehir,0
4007,Arda Şahin,customer04007@example.com,Van,0
4008,Barış Yıldız,customer04008@example.com,Erzurum,0
4009,Buse Güneş,customer04009@example.com,Düzce,0
4010,Elif Çelik,customer04010@example.com,Hakkari,0
4011,Ali Çelik,customer04011@example.com,Ordu,0
4012,Mehmet Arslan,customer04012@example.com,Erzurum,0
4013,Derya Çelik,customer04013@example.com,Samsun,0
4014,Ahmet Tekin,customer04014@example.com,Eskişehir,0
4015,Mustafa Kaya,customer04015@example.com,Muş,0
4016,Furkan Erdoğan,customer04016@example.com,Kırşehir,0
4017,Ayşe Öztürk,customer04017@example.com,Gümüşhane,0
4018,Ömer Kurt,customer04018@example.com,Tunceli,0
4019,Mehmet Erdoğan,customer04019@example.com,Samsun,0
4020,Elif Kaya,customer04020@example.com,Kırklareli,0
4021,Ali Arslan,customer04021@example.com,Mardin,0
4022,Eren Aslan,customer04022@example.com,Sakarya,0
4023,Can Kılıç,customer04023@example.com,Antalya,0
4024,Yusuf Kaya,customer04024@example.com,Adana,0
4025,Mehmet Kılıç,customer04025@example.com,Giresun,0
4026,Mert Polat,customer04026@example.com,Kars,0
4027,Derya Tekin,customer04027@example.com,Bitlis,0
4028,Furkan Yıldız,customer04028@example.com,Mersin,0
4029,Arda Aslan,customer04029@example.com,Kütahya,0
4030,Mert Şahin,customer04030@example.com,Bitlis,0
4031,Zeynep Yılmaz,customer04031@example.com,Kırıkkale,0
4032,Seda Çelik,customer04032@example.com,Kütahya,0
4033,Kerem Aslan,customer04033@example.com,Iğdır,0
4034,Serkan Tekin,customer04034@example.com,Muğla,0
4035,Can Arslan,customer04035@example.com,Gaziantep,0
4036,Hakan Koç,customer04036@example.com,Bingöl,0
4037,Melis Şahin,customer04037@example.com,Çanakkale,0
4038,Elif Tekin,customer04038@example.com,Bursa,0
4039,Mehmet Güneş,customer04039@example.com,Erzurum,0
4040,Burak Özdemir,customer04040@example.com,Bitlis,0
4041,Mustafa Aksoy,customer04041@example.com,Osmaniye,0
4042,Ömer Doğan,customer04042@example.com,Trabzon,0
4043,Seda Aydın,customer04043@example.com,Bayburt,0
4044,Fatma Çelik,customer04044@example.com,Ankara,0
4045,Emre Aydın,customer04045@example.com,Sakarya,0
4046,Onur Arslan,customer04046@example.com,Batman,0
4047,Kerem Aslan,customer04047@example.com,Sivas,0
4048,Elif Şahin,customer04048@example.com,Siirt,0
4049,Mustafa Polat,customer04049@example.com,Sakarya,0
4050,Serkan Erdoğan,customer04050@example.com,Afyonkarahisar,0
4051,Yusuf Tekin,customer04051@example.com,Kars,0
4052,Ayşe Çelik,customer04052@example.com,Kayseri,0
4053,Mehmet Güneş,customer04053@example.com,Artvin,0
4054,Ece Aydın,customer04054@example.com,Niğde,0
4055,Arda Aksoy,customer04055@example.com,Yozgat,0
4056,Mustafa Yıldız,customer04056@example.com,Sinop,0
4057,Seda Erdoğan,customer04057@example.com,Nevşehir,0
4058,Onur Koç,customer04058@example.com,Ordu,0
4059,Barış Arslan,customer04059@example.com,Gaziantep,0
4060,Yusuf Yılmaz,customer04060@example.com,Diyarbakır,0
4061,Hakan Aydın,customer04061@example.com,Iğdır,0
4062,Ayşe Yılmaz,customer04062@example.com,Yozgat,0
4063,Kaan Erdoğan,customer04063@example.com,Aksaray,0
4064,Eren Doğan,customer04064@example.com,Gümüşhane,0
4065,Mert Arslan,customer04065@example.com,Kırıkkale,0
4066,Ali Yıldız,customer04066@example.com,Gümüşhane,0
4067,Mehmet Aksoy,customer04067@example.com,Hatay,0
4068,Mert Kaya,customer04068@example.com,Çorum,0
4069,Melis Arslan,customer04069@example.com,Çankırı,0
4070,Eren Kaya,customer04070@example.com,Isparta,0
4071,Ceren Aydın,customer04071@example.com,Bayburt,0
4072,Ali Yılmaz,customer04072@example.com,Manisa,0
4073,Elif Tekin,customer04073@example.com,Muğla,0
4074,Ömer Demir,customer04074@example.com,Kırıkkale,0
4075,Eren Çelik,customer04075@example.com,Rize,0
4076,Melis Tekin,customer04076@example.com,Kayseri,0
4077,Ömer Kaya,customer04077@example.com,Düzce,0
4078,Ceren Yılmaz,customer04078@example.com,Kahramanmaraş,0
4079,Can Arslan,customer04079@example.com,Elazığ,0
4080,Eren Yılmaz,customer04080@example.com,Bayburt,0
4081,Zeynep Güneş,customer04081@example.com,Bolu,0
4082,Fatma Koç,customer04082@example.com,Mersin,0
4083,Buse Tekin,customer04083@example.com,Kırıkkale,0
4084,Burak Özdemir,customer04084@example.com,Gümüşhane,0
4085,Ömer Arslan,customer04085@example.com,Gaziantep,0
4086,Hakan Koç,customer04086@example.com,Denizli,0
4087,Kaan Öztürk,customer04087@example.com,Siirt,0
4088,Kerem Çelik,customer04088@example.com,Tunceli,0
4089,Mustafa Polat,customer04089@example.com,Erzincan,0
4090,Kaan Yıldız,customer04090@example.com,Elazığ,0
4091,Burak Güneş,customer04091@example.com,Şanlıurfa,0
4092,Fatma Yıldız,customer04092@example.com,Kastamonu,0
4093,Ahmet Doğan,customer04093@example.com,Diyarbakır,0
4094,Melis Yıldız,customer04094@example.com,Niğde,0
4095,Zeynep Tekin,customer04095@example.com,Erzurum,0
4096,Mustafa Çelik,customer04096@example.com,Balıkesir,0
4097,Furkan Öztürk,customer04097@example.com,Tekirdağ,0
4098,Derya Koç,customer04098@example.com,Bitlis,0
4099,Fatma Erdoğan,customer04099@example.com,Çankırı,0
4100,Fatma Yılmaz,customer04100@example.com,Karabük,0
4101,Ali Koç,customer04101@example.com,Nevşehir,0
4102,Ahmet Şahin,customer04102@example.com,Adıyaman,0
4103,Seda Kaya,customer04103@example.com,Çanakkale,0
4104,Can Demir,customer04104@example.com,İzmir,0
4105,Emre Tekin,customer04105@example.com,Adıyaman,0
4106,Ece Yılmaz,customer04106@example.com,Bolu,0
4107,Onur Kılıç,customer04107@example.com,Bilecik,0
4108,Burak Çelik,customer04108@example.com,Tunceli,0
4109,Seda Güneş,customer04109@example.com,Sinop,0
4110,Ceren Yıldız,customer04110@example.com,Kırşehir,0
4111,Ömer Polat,customer04111@example.com,Denizli,0
4112,Can Kaya,customer04112@example.com,Karaman,0
4113,Ayşe Arslan,customer04113@example.com,Düzce,0
4114,Onur Şahin,customer04114@example.com,Afyonkarahisar,0
4115,Ceren Kaya,customer04115@example.com,Bolu,0
4116,Onur Doğan,customer04116@example.com,Bolu,0
4117,Serkan Kurt,customer04117@example.com,Çorum,0
4118,Ahmet Öztürk,customer04118@example.com,Ağrı,0
4119,Can Kurt,customer04119@example.com,Nevşehir,0
4120,Emre Aslan,customer04120@example.com,Kastamonu,0
4121,Can Koç,customer04121@example.com,Burdur,0
4122,Arda Yıldız,customer04122@example.com,Burdur,0
4123,Can Şahin,customer04123@example.com,Kastamonu,0
4124,Kerem Demir,customer04124@example.com,Kilis,0
4125,Ömer Şahin,customer04125@example.com,Mardin,0
4126,Derya Demir,customer04126@example.com,Ankara,0
4127,Barış Çelik,customer04127@example.com,Elazığ,0
4128,Furkan Erdoğan,customer04128@example.com,Kütahya,0
4129,Barış Yıldız,customer04129@example.com,Samsun,0
4130,Emre Doğan,customer04130@example.com,Osmaniye,0
4131,Ceren Doğan,customer04131@example.com,Manisa,0
4132,Melis Şahin,customer04132@example.com,İzmir,0
4133,Derya Polat,customer04133@example.com,Muğla,0
4134,Derya Arslan,customer04134@example.com,Balıkesir,0
4135,Ece Yılmaz,customer04135@example.com,Denizli,0
4136,Seda Çelik,customer04136@example.com,Kocaeli,0
4137,Emre Koç,customer04137@example.com,Sivas,0
4138,Fatma Polat,customer04138@example.com,Aydın,0
4139,Ali Güneş,customer04139@example.com,Samsun,0
4140,Fatma Arslan,customer04140@example.com,Çorum,0
4141,Mustafa Kılıç,customer04141@example.com,Çanakkale,0
4142,Yusuf Koç,customer04142@example.com,Kahramanmaraş,0
4143,Ömer Polat,customer04143@example.com,Samsun,0
4144,Arda Kurt,customer04144@example.com,Karabük,0
4145,Ece Kılıç,customer04145@example.com,Çankırı,0
4146,Ece Öztürk,customer04146@example.com,Nevşehir,0
4147,Furkan Aksoy,customer04147@example.com,Uşak,0
4148,Onur Aksoy,customer04148@example.com,Uşak,0
4149,Onur Aksoy,customer04149@example.com,Hakkari,0
4150,Berk Demir,customer04150@example.com,Ardahan,0
4151,Ayşe Kurt,customer04151@example.com,Aksaray,0
4152,Hakan Öztürk,customer04152@example.com,Bingöl,0
4153,Can Aslan,customer04153@example.com,Adana,0
4154,Burak Yılmaz,customer04154@example.com,Mardin,0
4155,Onur Polat,customer04155@example.com,Çankırı,0
4156,Derya Şahin,customer04156@example.com,Artvin,0
4157,Derya Aslan,customer04157@example.com,Mardin,0
4158,Buse Çelik,customer04158@example.com,Kayseri,0
4159,Kaan Çelik,customer04159@example.com,Kırıkkale,0
4160,Derya Kurt,customer04160@example.com,Isparta,0
4161,Burak Öztürk,customer04161@example.com,Artvin,0
4162,Fatma Çelik,customer04162@example.com,Bursa,0
4163,Ayşe Çelik,customer04163@example.com,Muş,0
4164,Fatma Yılmaz,customer04164@example.com,Samsun,0
4165,Kerem Kaya,customer04165@example.com,Bolu,0
4166,Zeynep Güneş,customer04166@example.com,Balıkesir,0
4167,Arda Tekin,customer04167@example.com,Diyarbakır,0
4168,Ahmet Çelik,customer04168@example.com,Mardin,0
4169,Emre Demir,customer04169@example.com,Isparta,0
4170,Mustafa Yılmaz,customer04170@example.com,Şırnak,0
4171,Ceren Kurt,customer04171@example.com,Denizli,0
4172,Seda Yıldız,customer04172@example.com,Trabzon,0
4173,Fatma Çelik,customer04173@example.com,Aksaray,0
4174,Ayşe Doğan,customer04174@example.com,Trabzon,0
4175,Furkan Kılıç,customer04175@example.com,Sinop,0
4176,Ece Yılmaz,customer04176@example.com,Kastamonu,0
4177,Ali Çelik,customer04177@example.com,Artvin,0
4178,Melis Kaya,customer04178@example.com,Karabük,0
4179,Seda Yıldız,customer04179@example.com,Van,0
4180,Yusuf Yılmaz,customer04180@example.com,Niğde,0
4181,Ceren Kurt,customer04181@example.com,Tekirdağ,0
4182,Onur Arslan,customer04182@example.com,Bartın,0
4183,Serkan Doğan,customer04183@example.com,Hakkari,0
4184,Furkan Yıldız,customer04184@example.com,İzmir,0
4185,Mustafa Erdoğan,customer04185@example.com,Muş,0
4186,Emre Aydın,customer04186@example.com,Ordu,0
4187,Barış Kaya,customer04187@example.com,Gümüşhane,0
4188,Berk Yıldız,customer04188@example.com,Batman,0
4189,Barış Demir,customer04189@example.com,Tokat,0
4190,Arda Kılıç,customer04190@example.com,Ordu,0
4191,Ceren Koç,customer04191@example.com,Edirne,0
4192,Mehmet Aslan,customer04192@example.com,Samsun,0
4193,Burak Arslan,customer04193@example.com,Bolu,0
4194,Ali Demir,customer04194@example.com,Mardin,0
4195,Barış Kılıç,customer04195@example.com,Ağrı,0
4196,Can Doğan,customer04196@example.com,Diyarbakır,0
4197,Onur Şahin,customer04197@example.com,Aydın,0
4198,Burak Tekin,customer04198@example.com,Adıyaman,0
4199,Seda Doğan,customer04199@example.com,Erzurum,0
4200,Onur Aydın,customer04200@example.com,Amasya,0
4201,Can Arslan,customer04201@example.com,Bilecik,0
4202,Hakan Güneş,customer04202@example.com,Ankara,0
4203,Hakan Polat,customer04203@example.com,Ankara,0
4204,Mehmet Kılıç,customer04204@example.com,Bingöl,0
4205,Mert Yılmaz,customer04205@example.com,Kahramanmaraş,0
4206,Seda Doğan,customer04206@example.com,Niğde,0
4207,Serkan Aydın,customer04207@example.com,Kocaeli,0
4208,Seda Koç,customer04208@example.com,Kahramanmaraş,0
4209,Emre Şahin,customer04209@example.com,Kütahya,0
4210,Furkan Erdoğan,customer04210@example.com,Bitlis,0
4211,Serkan Çelik,customer04211@example.com,Ağrı,0
4212,Hakan Koç,customer04212@example.com,Tunceli,0
4213,Hakan Kaya,customer04213@example.com,Kayseri,0
4214,Yusuf Çelik,customer04214@example.com,Tokat,0
4215,Mustafa Demir,customer04215@example.com,Hakkari,0
4216,Melis Aydın,customer04216@example.com,Çorum,0
4217,Seda Yıldız,customer04217@example.com,Van,0
4218,Serkan Tekin,customer04218@example.com,Zonguldak,0
4219,Derya Kılıç,customer04219@example.com,Sivas,0
4220,Ece Çelik,customer04220@example.com,Malatya,0
4221,Mert Aslan,customer04221@example.com,Osmaniye,0
4222,Buse Kurt,customer04222@example.com,Ankara,0
4223,Melis Koç,customer04223@example.com,Hatay,0
4224,Burak Tekin,customer04224@example.com,Karabük,0
4225,Mustafa Çelik,customer04225@example.com,Şırnak,0
4226,Elif Polat,customer04226@example.com,Bitlis,0
4227,Ece Yılmaz,customer04227@example.com,Çorum,0
4228,Seda Doğan,customer04228@example.com,Kırıkkale,0
4229,Buse Demir,customer04229@example.com,Uşak,0
4230,Ali Özdemir,customer04230@example.com,Kocaeli,0
4231,Yusuf Doğan,customer04231@example.com,Diyarbakır,0
4232,Mustafa Arslan,customer04232@example.com,Bartın,0
4233,Kerem Aslan,customer04233@example.com,Bingöl,0
4234,Mustafa Yıldız,customer04234@example.com,Tekirdağ,0
4235,Eren Polat,customer04235@example.com,Mersin,0
4236,Seda Özdemir,customer04236@example.com,Çankırı,0
4237,Ali Güneş,customer04237@example.com,Şanlıurfa,0
4238,Mehmet Aslan,customer04238@example.com,Kastamonu,0
4239,Berk Kurt,customer04239@example.com,Osmaniye,0
4240,Derya Çelik,customer04240@example.com,Sinop,0
4241,Kerem Erdoğan,customer04241@example.com,Osmaniye,0
4242,Ömer Aslan,customer04242@example.com,Bilecik,0
4243,Zeynep Kurt,customer04243@example.com,Van,0
4244,Kaan Arslan,customer04244@example.com,Ankara,0
4245,Barış Kaya,customer04245@example.com,Isparta,0
4246,Ayşe Aksoy,customer04246@example.com,Adıyaman,0
4247,Emre Şahin,customer04247@example.com,Kayseri,0
4248,Berk Yıldız,customer04248@example.com,Şırnak,0
4249,Berk Demir,customer04249@example.com,Gümüşhane,0
4250,Berk Özdemir,customer04250@example.com,Bingöl,0
4251,Kerem Özdemir,customer04251@example.com,Tokat,0
4252,Elif Aksoy,customer04252@example.com,Tokat,0
4253,Ali Demir,customer04253@example.com,Erzincan,0
4254,Fatma Şahin,customer04254@example.com,Niğde,0
4255,Seda Kurt,customer04255@example.com,Eskişehir,0
4256,Berk Kılıç,customer04256@example.com,Aydın,0
4257,Ömer Kılıç,customer04257@example.com,Karabük,0
4258,Arda Aydın,customer04258@example.com,Trabzon,0
4259,Ali Arslan,customer04259@example.com,Tekirdağ,0
4260,Mehmet Aksoy,customer04260@example.com,Denizli,0
4261,Arda Çelik,customer04261@example.com,Giresun,0
4262,Ömer Güneş,customer04262@example.com,Amasya,0
4263,Barış Koç,customer04263@example.com,Artvin,0
4264,Derya Aslan,customer04264@example.com,Siirt,0
4265,Arda Aydın,customer04265@example.com,Antalya,0
4266,Burak Yılmaz,customer04266@example.com,Samsun,0
4267,Eren Arslan,customer04267@example.com,Elazığ,0
4268,Mustafa Çelik,customer04268@example.com,Aydın,0
4269,Eren Koç,customer04269@example.com,Bilecik,0
4270,Mert Özdemir,customer04270@example.com,Sakarya,0
4271,Serkan Aydın,customer04271@example.com,İstanbul,0
4272,Yusuf Kaya,customer04272@example.com,Bingöl,0
4273,Melis Kurt,customer04273@example.com,Malatya,0
4274,Seda Doğan,customer04274@example.com,Edirne,0
4275,Burak Aslan,customer04275@example.com,Sakarya,0
4276,Arda Polat,customer04276@example.com,Bayburt,0
4277,Ayşe Yıldız,customer04277@example.com,Siirt,0
4278,Kerem Güneş,customer04278@example.com,Nevşehir,0
4279,Ceren Yılmaz,customer04279@example.com,Batman,0
4280,Ece Tekin,customer04280@example.com,Eskişehir,0
4281,Mustafa Güneş,customer04281@example.com,Kilis,0
4282,Emre Kılıç,customer04282@example.com,Kocaeli,0
4283,Ahmet Çelik,customer04283@example.com,Tekirdağ,0
4284,Derya Çelik,customer04284@example.com,Uşak,0
4285,Buse Kılıç,customer04285@example.com,Burdur,0
4286,Ece Kurt,customer04286@example.com,İstanbul,0
4287,Serkan Yılmaz,customer04287@example.com,Sivas,0
4288,Ceren Çelik,customer04288@example.com,Sivas,0
4289,Elif Güneş,customer04289@example.com,Bitlis,0
4290,Mehmet Aydın,customer04290@example.com,Erzurum,0
4291,Furkan Aksoy,customer04291@example.com,Edirne,0
4292,Barış Koç,customer04292@example.com,Giresun,0
4293,Kerem Aydın,customer04293@example.com,Erzurum,0
4294,Zeynep Güneş,customer04294@example.com,Adıyaman,0
4295,Kerem Aslan,customer04295@example.com,Afyonkarahisar,0
4296,Mert Doğan,customer04296@example.com,Van,0
4297,Ceren Şahin,customer04297@example.com,Uşak,0
4298,Elif Özdemir,customer04298@example.com,Rize,0
4299,Furkan Aslan,customer04299@example.com,Kahramanmaraş,0
4300,Ceren Aksoy,customer04300@example.com,Samsun,0
4301,Serkan Kılıç,customer04301@example.com,Burdur,0
4302,Derya Yıldız,customer04302@example.com,Tekirdağ,0
4303,Furkan Aslan,customer04303@example.com,Elazığ,0
4304,Onur Tekin,customer04304@example.com,Diyarbakır,0
4305,Onur Kurt,customer04305@example.com,Muş,0
4306,Mert Kurt,customer04306@example.com,Kastamonu,0
4307,Ayşe Tekin,customer04307@example.com,Bitlis,0
4308,Mustafa Şahin,customer04308@example.com,Bingöl,0
4309,Elif Yılmaz,customer04309@example.com,Kilis,0
4310,Derya Kurt,customer04310@example.com,Bolu,0
4311,Arda Tekin,customer04311@example.com,Karaman,0
4312,Ali Özdemir,customer04312@example.com,Van,0
4313,Hakan Kaya,customer04313@example.com,Kayseri,0
4314,Buse Kurt,customer04314@example.com,Giresun,0
4315,Can Özdemir,customer04315@example.com,Kırıkkale,0
4316,Berk Şahin,customer04316@example.com,Eskişehir,0
4317,Buse Polat,customer04317@example.com,Bursa,0
4318,Kerem Özdemir,customer04318@example.com,Rize,0
4319,Derya Koç,customer04319@example.com,Adana,0
4320,Kerem Öztürk,customer04320@example.com,Van,0
4321,Mert Arslan,customer04321@example.com,İstanbul,0
4322,Mert Kurt,customer04322@example.com,Hatay,0
4323,Ahmet Kurt,customer04323@example.com,Amasya,0
4324,Ahmet Yılmaz,customer04324@example.com,Denizli,0
4325,Ece Aslan,customer04325@example.com,Zonguldak,0
4326,Ceren Tekin,customer04326@example.com,Kocaeli,0
4327,Ömer Yıldız,customer04327@example.com,Bartın,0
4328,Furkan Öztürk,customer04328@example.com,Batman,0
4329,Berk Aydın,customer04329@example.com,Kilis,0
4330,Elif Koç,customer04330@example.com,Antalya,0
4331,Ece Güneş,customer04331@example.com,Samsun,0
4332,Emre Koç,customer04332@example.com,Elazığ,0
4333,Berk Kılıç,customer04333@example.com,Zonguldak,0
4334,Yusuf Kurt,customer04334@example.com,Hakkari,0
4335,Ali Çelik,customer04335@example.com,Van,0
4336,Ali Güneş,customer04336@example.com,Niğde,0
4337,Ceren Arslan,customer04337@example.com,Kırıkkale,0
4338,Yusuf Kılıç,customer04338@example.com,Gaziantep,0
4339,Mustafa Demir,customer04339@example.com,Ağrı,0
4340,Furkan Yılmaz,customer04340@example.com,Düzce,0
4341,Seda Güneş,customer04341@example.com,Denizli,0
4342,Ahmet Tekin,customer04342@example.com,Karaman,0
4343,Derya Demir,customer04343@example.com,Bartın,0
4344,Berk Yılmaz,customer04344@example.com,Çanakkale,0
4345,Kaan Aslan,customer04345@example.com,Erzincan,0
4346,Can Öztürk,customer04346@example.com,Kırklareli,0
4347,Burak Aksoy,customer04347@example.com,Isparta,0
4348,Fatma Koç,customer04348@example.com,İstanbul,0
4349,Zeynep Kaya,customer04349@example.com,Kars,0
4350,Mustafa Çelik,customer04350@example.com,Düzce,0
4351,Ahmet Güneş,customer04351@example.com,Bolu,0
4352,Ali Özdemir,customer04352@example.com,Yalova,0
4353,Ali Şahin,customer04353@example.com,Çorum,0
4354,Mert Arslan,customer04354@example.com,Erzincan,0
4355,Mustafa Demir,customer04355@example.com,Uşak,0
4356,Buse Aslan,customer04356@example.com,Gaziantep,0
4357,Berk Şahin,customer04357@example.com,Şanlıurfa,0
4358,Ece Yılmaz,customer04358@example.com,Rize,0
4359,Mustafa Polat,customer04359@example.com,Düzce,0
4360,Mustafa Aydın,customer04360@example.com,Sakarya,0
4361,Berk Kılıç,customer04361@example.com,Sivas,0
4362,Ece Yıldız,customer04362@example.com,Erzincan,0
4363,Mert Yılmaz,customer04363@example.com,Elazığ,0
4364,Zeynep Güneş,customer04364@example.com,Düzce,0
4365,Barış Kaya,customer04365@example.com,Bursa,0
4366,Ömer Aslan,customer04366@example.com,Tunceli,0
4367,Barış Tekin,customer04367@example.com,Karaman,0
4368,Ahmet Yıldız,customer04368@example.com,Zonguldak,0
4369,Fatma Arslan,customer04369@example.com,Bursa,0
4370,Burak Tekin,customer04370@example.com,Ağrı,0
4371,Onur Yılmaz,customer04371@example.com,Zonguldak,0
4372,Serkan Çelik,customer04372@example.com,Giresun,0
4373,Buse Aslan,customer04373@example.com,Burdur,0
4374,Melis Aydın,customer04374@example.com,Ağrı,0
4375,Ömer Çelik,customer04375@example.com,Gümüşhane,0
4376,Mustafa Çelik,customer04376@example.com,İzmir,0
4377,Eren Polat,customer04377@example.com,Eskişehir,0
4378,Mustafa Aslan,customer04378@example.com,Kırıkkale,0
4379,Elif Doğan,customer04379@example.com,Tokat,0
4380,Fatma Polat,customer04380@example.com,Siirt,0
4381,Serkan Koç,customer04381@example.com,Erzurum,0
4382,Eren Yıldız,customer04382@example.com,Eskişehir,0
4383,Zeynep Arslan,customer04383@example.com,Niğde,0
4384,Ali Güneş,customer04384@example.com,Iğdır,0
4385,Mert Yıldız,customer04385@example.com,Gaziantep,0
4386,Fatma Polat,customer04386@example.com,Siirt,0
4387,Melis Özdemir,customer04387@example.com,Samsun,0
4388,Barış Arslan,customer04388@example.com,Kocaeli,0
4389,Barış Şahin,customer04389@example.com,Karabük,0
4390,Berk Kurt,customer04390@example.com,Eskişehir,0
4391,Hakan Aslan,customer04391@example.com,Muğla,0
4392,Melis Demir,customer04392@example.com,Sivas,0
4393,Yusuf Kaya,customer04393@example.com,Yozgat,0
4394,Eren Güneş,customer04394@example.com,Rize,0
4395,Mert Tekin,customer04395@example.com,Aksaray,0
4396,Kerem Koç,customer04396@example.com,Ağrı,0
4397,Ali Yıldız,customer04397@example.com,Konya,0
4398,Furkan Yıldız,customer04398@example.com,Kahramanmaraş,0
4399,Can Demir,customer04399@example.com,Giresun,0
4400,Zeynep Aslan,customer04400@example.com,Muğla,0
4401,Emre Kılıç,customer04401@example.com,Bursa,0
4402,Ahmet Kılıç,customer04402@example.com,Adıyaman,0
4403,Ayşe Kılıç,customer04403@example.com,Giresun,0
4404,Kaan Güneş,customer04404@example.com,Konya,0
4405,Melis Öztürk,customer04405@example.com,Batman,0
4406,Mustafa Koç,customer04406@example.com,Kastamonu,0
4407,Barış Aydın,customer04407@example.com,Aksaray,0
4408,Burak Şahin,customer04408@example.com,Batman,0
4409,Eren Tekin,customer04409@example.com,Balıkesir,0
4410,Hakan Kurt,customer04410@example.com,Siirt,0
4411,Ömer Kılıç,customer04411@example.com,Eskişehir,0
4412,Burak Kaya,customer04412@example.com,Uşak,0
4413,Arda Kaya,customer04413@example.com,Kars,0
4414,Furkan Şahin,customer04414@example.com,Bursa,0
4415,Kaan Yıldız,customer04415@example.com,Yalova,0
4416,Ömer Güneş,customer04416@example.com,Nevşehir,0
4417,Can Güneş,customer04417@example.com,Afyonkarahisar,0
4418,Mert Yılmaz,customer04418@example.com,Bartın,0
4419,Ahmet Özdemir,customer04419@example.com,Kastamonu,0
4420,Emre Koç,customer04420@example.com,Amasya,0
4421,Melis Aksoy,customer04421@example.com,Aksaray,0
4422,Mehmet Kılıç,customer04422@example.com,Afyonkarahisar,0
4423,Mustafa Polat,customer04423@example.com,Bitlis,0
4424,Ceren Kurt,customer04424@example.com,Kırklareli,0
4425,Eren Kılıç,customer04425@example.com,Manisa,0
4426,Berk Demir,customer04426@example.com,Batman,0
4427,Seda Kılıç,customer04427@example.com,Uşak,0
4428,Barış Kaya,customer04428@example.com,Niğde,0
4429,Mert Özdemir,customer04429@example.com,Uşak,0
4430,Buse Şahin,customer04430@example.com,Muğla,0
4431,Barış Şahin,customer04431@example.com,Ağrı,0
4432,Can Kaya,customer04432@example.com,Adıyaman,0
4433,Emre Şahin,customer04433@example.com,Konya,0
4434,Buse Kurt,customer04434@example.com,Gümüşhane,0
4435,Yusuf Demir,customer04435@example.com,Erzurum,0
4436,Fatma Aslan,customer04436@example.com,Bayburt,0
4437,Ahmet Kaya,customer04437@example.com,İstanbul,0
4438,Melis Kaya,customer04438@example.com,Burdur,0
4439,Mehmet Doğan,customer04439@example.com,Balıkesir,0
4440,Eren Kılıç,customer04440@example.com,Kilis,0
4441,Ece Koç,customer04441@example.com,İzmir,0
4442,Ayşe Yıldız,customer04442@example.com,Çankırı,0
4443,Hakan Özdemir,customer04443@example.com,Bursa,0
4444,Emre Kılıç,customer04444@example.com,Çorum,0
4445,Seda Güneş,customer04445@example.com,Rize,0
4446,Elif Özdemir,customer04446@example.com,Bursa,0
4447,Serkan Erdoğan,customer04447@example.com,Hatay,0
4448,Hakan Polat,customer04448@example.com,Şanlıurfa,0
4449,Eren Kılıç,customer04449@example.com,Tunceli,0
4450,Can Demir,customer04450@example.com,İstanbul,0
4451,Seda Doğan,customer04451@example.com,Bilecik,0
4452,Kerem Aksoy,customer04452@example.com,Isparta,0
4453,Zeynep Aydın,customer04453@example.com,Balıkesir,0
4454,Mustafa Polat,customer04454@example.com,Artvin,0
4455,Burak Yılmaz,customer04455@example.com,Giresun,0
4456,Kaan Koç,customer04456@example.com,Erzurum,0
4457,Arda Şahin,customer04457@example.com,Malatya,0
4458,Burak Güneş,customer04458@example.com,Aksaray,0
4459,Serkan Kılıç,customer04459@example.com,Kırşehir,0
4460,Ayşe Özdemir,customer04460@example.com,Denizli,0
4461,Buse Erdoğan,customer04461@example.com,Bolu,0
4462,Derya Çelik,customer04462@example.com,Gümüşhane,0
4463,Derya Aslan,customer04463@example.com,Nevşehir,0
4464,Kaan Tekin,customer04464@example.com,Yozgat,0
4465,Burak Koç,customer04465@example.com,Erzurum,0
4466,Mustafa Arslan,customer04466@example.com,Samsun,0
4467,Yusuf Doğan,customer04467@example.com,Bartın,0
4468,Elif Şahin,customer04468@example.com,Çorum,0
4469,Kaan Şahin,customer04469@example.com,Burdur,0
4470,Can Yılmaz,customer04470@example.com,Tekirdağ,0
4471,Yusuf Arslan,customer04471@example.com,Ağrı,0
4472,Arda Erdoğan,customer04472@example.com,Sivas,0
4473,Kerem Arslan,customer04473@example.com,Bursa,0
4474,Derya Aksoy,customer04474@example.com,Bilecik,0
4475,Kerem Kurt,customer04475@example.com,Giresun,0
4476,Emre Koç,customer04476@example.com,Van,0
4477,Furkan Erdoğan,customer04477@example.com,Kütahya,0
4478,Mehmet Özdemir,customer04478@example.com,İzmir,0
4479,Kerem Şahin,customer04479@example.com,Antalya,0
4480,Elif Koç,customer04480@example.com,Samsun,0
4481,Burak Doğan,customer04481@example.com,Erzurum,0
4482,Berk Yıldız,customer04482@example.com,Yalova,0
4483,Eren Erdoğan,customer04483@example.com,Karabük,0
4484,Arda Erdoğan,customer04484@example.com,Siirt,0
4485,Ali Kaya,customer04485@example.com,Isparta,0
4486,Ali Öztürk,customer04486@example.com,Burdur,0
4487,Mehmet Kaya,customer04487@example.com,Bartın,0
4488,Eren Öztürk,customer04488@example.com,Aydın,0
4489,Onur Şahin,customer04489@example.com,Kars,0
4490,Can Tekin,customer04490@example.com,Ordu,0
4491,Berk Koç,customer04491@example.com,Bitlis,0
4492,Can Arslan,customer04492@example.com,Uşak,0
4493,Burak Yıldız,customer04493@example.com,Gaziantep,0
4494,Kerem Doğan,customer04494@example.com,Yalova,0
4495,Mert Yılmaz,customer04495@example.com,Bitlis,0
4496,Yusuf Erdoğan,customer04496@example.com,Osmaniye,0
4497,Arda Doğan,customer04497@example.com,Hatay,0
4498,Yusuf Kılıç,customer04498@example.com,Aydın,0
4499,Yusuf Yıldız,customer04499@example.com,Kütahya,0
4500,Melis Özdemir,customer04500@example.com,Çorum,0
4501,Ahmet Polat,customer04501@example.com,Samsun,0
4502,Ömer Yılmaz,customer04502@example.com,Elazığ,0
4503,Eren Demir,customer04503@example.com,Edirne,0
4504,Zeynep Yılmaz,customer04504@example.com,Yalova,0
4505,Kerem Polat,customer04505@example.com,Ardahan,0
4506,Ahmet Polat,customer04506@example.com,Isparta,0
4507,Arda Şahin,customer04507@example.com,Ankara,0
4508,Ceren Yılmaz,customer04508@example.com,Şırnak,0
4509,Zeynep Doğan,customer04509@example.com,Hakkari,0
4510,Serkan Erdoğan,customer04510@example.com,Edirne,0
4511,Seda Çelik,customer04511@example.com,Bitlis,0
4512,Ali Doğan,customer04512@example.com,Kütahya,0
4513,Kaan Polat,customer04513@example.com,Manisa,0
4514,Onur Arslan,customer04514@example.com,Şanlıurfa,0
4515,Eren Aslan,customer04515@example.com,Tekirdağ,0
4516,Ahmet Aslan,customer04516@example.com,Kırklareli,0
4517,Ayşe Kılıç,customer04517@example.com,Zonguldak,0
4518,Seda Tekin,customer04518@example.com,Tunceli,0
4519,Ali Arslan,customer04519@example.com,Zonguldak,0
4520,Fatma Yılmaz,customer04520@example.com,Çorum,0
4521,Furkan Öztürk,customer04521@example.com,Çorum,0
4522,Kerem Polat,customer04522@example.com,Ağrı,0
4523,Can Güneş,customer04523@example.com,Siirt,0
4524,Kerem Aydın,customer04524@example.com,Bingöl,0
4525,Burak Koç,customer04525@example.com,Bolu,0
4526,Eren Aksoy,customer04526@example.com,Sivas,0
4527,Melis Erdoğan,customer04527@example.com,Elazığ,0
4528,Eren Aslan,customer04528@example.com,Kütahya,0
4529,Berk Güneş,customer04529@example.com,Sakarya,0
4530,Eren Doğan,customer04530@example.com,Erzurum,0
4531,Mehmet Güneş,customer04531@example.com,Zonguldak,0
4532,Ayşe Kılıç,customer04532@example.com,Kilis,0
4533,Ali Kurt,customer04533@example.com,Tekirdağ,0
4534,Hakan Aslan,customer04534@example.com,Kastamonu,0
4535,Ali Yılmaz,customer04535@example.com,Uşak,0
4536,Derya Çelik,customer04536@example.com,Tokat,0
4537,Zeynep Çelik,customer04537@example.com,Zonguldak,0
4538,Mert Tekin,customer04538@example.com,Batman,0
4539,Zeynep Yıldız,customer04539@example.com,Kırklareli,0
4540,Arda Doğan,customer04540@example.com,Aydın,0
4541,Ece Doğan,customer04541@example.com,Adıyaman,0
4542,Kaan Kaya,customer04542@example.com,Giresun,0
4543,Mert Güneş,customer04543@example.com,Bursa,0
4544,Mehmet Polat,customer04544@example.com,Kırşehir,0
4545,Ahmet Kurt,customer04545@example.com,Kahramanmaraş,0
4546,Zeynep Yılmaz,customer04546@example.com,Antalya,0
4547,Eren Çelik,customer04547@example.com,Manisa,0
4548,Melis Doğan,customer04548@example.com,Van,0
4549,Zeynep Aksoy,customer04549@example.com,Denizli,0
4550,Mustafa Arslan,customer04550@example.com,Çorum,0
4551,Fatma Aydın,customer04551@example.com,Siirt,0
4552,Hakan Demir,customer04552@example.com,Kayseri,0
4553,Can Kaya,customer04553@example.com,Trabzon,0
4554,Derya Aslan,customer04554@example.com,Isparta,0
4555,Ece Koç,customer04555@example.com,Samsun,0
4556,Berk Şahin,customer04556@example.com,İstanbul,0
4557,Derya Doğan,customer04557@example.com,Yalova,0
4558,Mert Yıldız,customer04558@example.com,Şırnak,0
4559,Furkan Kılıç,customer04559@example.com,Ardahan,0
4560,Emre Aydın,customer04560@example.com,Mersin,0
4561,Emre Kurt,customer04561@example.com,Kırıkkale,0
4562,Burak Doğan,customer04562@example.com,Kırşehir,0
4563,Mustafa Doğan,customer04563@example.com,Şırnak,0
4564,Derya Özdemir,customer04564@example.com,Karaman,0
4565,Yusuf Koç,customer04565@example.com,Siirt,0
4566,Ali Çelik,customer04566@example.com,Aksaray,0
4567,Kaan Kılıç,customer04567@example.com,Van,0
4568,Derya Aslan,customer04568@example.com,Tokat,0
4569,Kerem Kurt,customer04569@example.com,Tokat,0
4570,Furkan Kurt,customer04570@example.com,Tokat,0
4571,Ahmet Aksoy,customer04571@example.com,Ağrı,0
4572,Seda Kurt,customer04572@example.com,Bingöl,0
4573,Seda Çelik,customer04573@example.com,Kilis,0
4574,Derya Doğan,customer04574@example.com,Isparta,0
4575,Hakan Erdoğan,customer04575@example.com,Muğla,0
4576,Emre Tekin,customer04576@example.com,Karaman,0
4577,Melis Güneş,customer04577@example.com,Kayseri,0
4578,Mehmet Koç,customer04578@example.com,Çanakkale,0
4579,Berk Yılmaz,customer04579@example.com,Tokat,0
4580,Ece Erdoğan,customer04580@example.com,Tekirdağ,0
4581,Ceren Kaya,customer04581@example.com,Bilecik,0
4582,Mehmet Arslan,customer04582@example.com,Bolu,0
4583,Ömer Tekin,customer04583@example.com,Bitlis,0
4584,Ceren Doğan,customer04584@example.com,Şırnak,0
4585,Arda Kılıç,customer04585@example.com,Artvin,0
4586,Ali Güneş,customer04586@example.com,Yozgat,0
4587,Fatma Kaya,customer04587@example.com,Gaziantep,0
4588,Serkan Çelik,customer04588@example.com,Batman,0
4589,Fatma Polat,customer04589@example.com,Çankırı,0
4590,Can Çelik,customer04590@example.com,Kırklareli,0
4591,Elif Doğan,customer04591@example.com,Adana,0
4592,Ece Polat,customer04592@example.com,Osmaniye,0
4593,Ayşe Aydın,customer04593@example.com,Burdur,0
4594,Mustafa Yılmaz,customer04594@example.com,Denizli,0
4595,Barış Şahin,customer04595@example.com,Zonguldak,0
4596,Ali Öztürk,customer04596@example.com,Gaziantep,0
4597,Ali Polat,customer04597@example.com,Ağrı,0
4598,Ceren Erdoğan,customer04598@example.com,Sinop,0
4599,Berk Kaya,customer04599@example.com,Bursa,0
4600,Mert Koç,customer04600@example.com,Tunceli,0
4601,Yusuf Öztürk,customer04601@example.com,Karaman,0
4602,Eren Tekin,customer04602@example.com,Sinop,0
4603,Buse Tekin,customer04603@example.com,Bursa,0
4604,Furkan Çelik,customer04604@example.com,Afyonkarahisar,0
4605,Yusuf Çelik,customer04605@example.com,Hatay,0
4606,Yusuf Erdoğan,customer04606@example.com,Karaman,0
4607,Burak Polat,customer04607@example.com,Tunceli,0
4608,Mert Doğan,customer04608@example.com,Bitlis,0
4609,Hakan Polat,customer04609@example.com,Muğla,0
4610,Zeynep Arslan,customer04610@example.com,Niğde,0
4611,Berk Şahin,customer04611@example.com,Tokat,0
4612,Furkan Kurt,customer04612@example.com,Çorum,0
4613,Ahmet Doğan,customer04613@example.com,Tekirdağ,0
4614,Ali Güneş,customer04614@example.com,Nevşehir,0
4615,Ahmet Güneş,customer04615@example.com,Kırklareli,0
4616,Mehmet Tekin,customer04616@example.com,Sinop,0
4617,Mehmet Aslan,customer04617@example.com,Çankırı,0
4618,Kaan Özdemir,customer04618@example.com,Kars,0
4619,Ahmet Yıldız,customer04619@example.com,Kahramanmaraş,0
4620,Serkan Erdoğan,customer04620@example.com,Gaziantep,0
4621,Kerem Erdoğan,customer04621@example.com,Nevşehir,0
4622,Serkan Demir,customer04622@example.com,Elazığ,0
4623,Elif Çelik,customer04623@example.com,Kahramanmaraş,0
4624,Elif Güneş,customer04624@example.com,Malatya,0
4625,Kaan Çelik,customer04625@example.com,Kars,0
4626,Ece Doğan,customer04626@example.com,Niğde,0
4627,Mustafa Polat,customer04627@example.com,Muş,0
4628,Arda Tekin,customer04628@example.com,Erzincan,0
4629,Hakan Erdoğan,customer04629@example.com,Aksaray,0
4630,Eren Çelik,customer04630@example.com,Konya,0
4631,Hakan Güneş,customer04631@example.com,Manisa,0
4632,Hakan Tekin,customer04632@example.com,Ordu,0
4633,Mustafa Kaya,customer04633@example.com,Ağrı,0
4634,Buse Yıldız,customer04634@example.com,Hakkari,0
4635,Ali Şahin,customer04635@example.com,Uşak,0
4636,Derya Polat,customer04636@example.com,Konya,0
4637,Seda Öztürk,customer04637@example.com,Hatay,0
4638,Ali Yıldız,customer04638@example.com,Nevşehir,0
4639,Seda Kurt,customer04639@example.com,Aydın,0
4640,Mehmet Tekin,customer04640@example.com,Mersin,0
4641,Ali Kaya,customer04641@example.com,Balıkesir,0
4642,Kaan Aslan,customer04642@example.com,Karabük,0
4643,Elif Yılmaz,customer04643@example.com,Elazığ,0
4644,Ömer Şahin,customer04644@example.com,Sivas,0
4645,Berk Çelik,customer04645@example.com,Bartın,0
4646,Onur Aydın,customer04646@example.com,Eskişehir,0
4647,Eren Polat,customer04647@example.com,Sinop,0
4648,Zeynep Doğan,customer04648@example.com,Gümüşhane,0
4649,Burak Yıldız,customer04649@example.com,Siirt,0
4650,Ceren Erdoğan,customer04650@example.com,Erzurum,0
4651,Mustafa Güneş,customer04651@example.com,Ağrı,0
4652,Elif Şahin,customer04652@example.com,Gaziantep,0
4653,Mehmet Çelik,customer04653@example.com,Adana,0
4654,Kerem Kurt,customer04654@example.com,Şırnak,0
4655,Onur Demir,customer04655@example.com,Malatya,0
4656,Yusuf Erdoğan,customer04656@example.com,Uşak,0
4657,Burak Aydın,customer04657@example.com,Bartın,0
4658,Ceren Polat,customer04658@example.com,Van,0
4659,Kerem Aslan,customer04659@example.com,Osmaniye,0
4660,Melis Aksoy,customer04660@example.com,Çankırı,0
4661,Ece Demir,customer04661@example.com,Sinop,0
4662,Furkan Koç,customer04662@example.com,Balıkesir,0
4663,Hakan Demir,customer04663@example.com,Çanakkale,0
4664,Ece Erdoğan,customer04664@example.com,Kırklareli,0
4665,Ali Şahin,customer04665@example.com,Uşak,0
4666,Can Kaya,customer04666@example.com,Yalova,0
4667,Onur Kılıç,customer04667@example.com,Afyonkarahisar,0
4668,Can Doğan,customer04668@example.com,Mersin,0
4669,Berk Aslan,customer04669@example.com,Aydın,0
4670,Buse Yıldız,customer04670@example.com,Kastamonu,0
4671,Mustafa Aksoy,customer04671@example.com,Bartın,0
4672,Can Erdoğan,customer04672@example.com,Kilis,0
4673,Serkan Doğan,customer04673@example.com,Ordu,0
4674,Barış Kaya,customer04674@example.com,Karaman,0
4675,Ayşe Şahin,customer04675@example.com,Ardahan,0
4676,Arda Arslan,customer04676@example.com,Ağrı,0
4677,Mehmet Kılıç,customer04677@example.com,Sakarya,0
4678,Eren Aydın,customer04678@example.com,Kütahya,0
4679,Melis Kaya,customer04679@example.com,Çankırı,0
4680,Burak Aksoy,customer04680@example.com,Kütahya,0
4681,Derya Kaya,customer04681@example.com,Hatay,0
4682,Arda Demir,customer04682@example.com,Şırnak,0
4683,Melis Tekin,customer04683@example.com,Amasya,0
4684,Kerem Demir,customer04684@example.com,Sakarya,0
4685,Barış Tekin,customer04685@example.com,Bilecik,0
4686,Melis Aksoy,customer04686@example.com,Tunceli,0
4687,Emre Arslan,customer04687@example.com,Ankara,0
4688,Ali Kaya,customer04688@example.com,Uşak,0
4689,Serkan Öztürk,customer04689@example.com,Manisa,0
4690,Furkan Polat,customer04690@example.com,Kırklareli,0
4691,Ece Öztürk,customer04691@example.com,Afyonkarahisar,0
4692,Derya Kaya,customer04692@example.com,Ağrı,0
4693,Seda Aydın,customer04693@example.com,Bayburt,0
4694,Barış Koç,customer04694@example.com,Afyonkarahisar,0
4695,Onur Polat,customer04695@example.com,Antalya,0
4696,Berk Koç,customer04696@example.com,Çanakkale,0
4697,Furkan Kurt,customer04697@example.com,Kırıkkale,0
4698,Emre Şahin,customer04698@example.com,Sinop,0
4699,Ali Tekin,customer04699@example.com,Muğla,0
4700,Kerem Aydın,customer04700@example.com,Malatya,0
4701,Furkan Kaya,customer04701@example.com,Hatay,0
4702,Can Demir,customer04702@example.com,Iğdır,0
4703,Ahmet Öztürk,customer04703@example.com,Rize,0
4704,Fatma Aksoy,customer04704@example.com,Şırnak,0
4705,Mehmet Yılmaz,customer04705@example.com,Isparta,0
4706,Ceren Kaya,customer04706@example.com,Balıkesir,0
4707,Mehmet Çelik,customer04707@example.com,Sinop,0
4708,Yusuf Doğan,customer04708@example.com,Ankara,0
4709,Ömer Aslan,customer04709@example.com,Karabük,0
4710,Elif Öztürk,customer04710@example.com,Kayseri,0
4711,Emre Tekin,customer04711@example.com,Niğde,0
4712,Arda Şahin,customer04712@example.com,Balıkesir,0
4713,Mustafa Arslan,customer04713@example.com,Karaman,0
4714,Burak Polat,customer04714@example.com,Kahramanmaraş,0
4715,Melis Öztürk,customer04715@example.com,Sinop,0
4716,Ayşe Doğan,customer04716@example.com,Mardin,0
4717,Seda Aksoy,customer04717@example.com,Kayseri,0
4718,Buse Öztürk,customer04718@example.com,Aksaray,0
4719,Melis Arslan,customer04719@example.com,Kocaeli,0
4720,Ayşe Aksoy,customer04720@example.com,Van,0
4721,Ali Kaya,customer04721@example.com,Manisa,0
4722,Melis Kurt,customer04722@example.com,Osmaniye,0
4723,Arda Arslan,customer04723@example.com,Bilecik,0
4724,Burak Çelik,customer04724@example.com,Zonguldak,0
4725,Can Doğan,customer04725@example.com,Kırıkkale,0
4726,Burak Şahin,customer04726@example.com,Muğla,0
4727,Fatma Çelik,customer04727@example.com,Amasya,0
4728,Can Özdemir,customer04728@example.com,Tekirdağ,0
4729,Ali Yılmaz,customer04729@example.com,Uşak,0
4730,Ceren Kaya,customer04730@example.com,İzmir,0
4731,Eren Güneş,customer04731@example.com,Nevşehir,0
4732,Mert Demir,customer04732@example.com,Artvin,0
4733,Eren Tekin,customer04733@example.com,Nevşehir,0
4734,Arda Yılmaz,customer04734@example.com,Muş,0
4735,Berk Özdemir,customer04735@example.com,Ankara,0
4736,Can Aydın,customer04736@example.com,Muş,0
4737,Yusuf Kurt,customer04737@example.com,Bayburt,0
4738,Mehmet Doğan,customer04738@example.com,Amasya,0
4739,Onur Aslan,customer04739@example.com,Ağrı,0
4740,Derya Tekin,customer04740@example.com,Malatya,0
4741,Derya Arslan,customer04741@example.com,Iğdır,0
4742,Burak Yılmaz,customer04742@example.com,Malatya,0
4743,Fatma Tekin,customer04743@example.com,Siirt,0
4744,Buse Kurt,customer04744@example.com,Artvin,0
4745,Ece Şahin,customer04745@example.com,Kırıkkale,0
4746,Berk Doğan,customer04746@example.com,Bayburt,0
4747,Kaan Kurt,customer04747@example.com,Bartın,0
4748,Fatma Güneş,customer04748@example.com,Zonguldak,0
4749,Eren Yıldız,customer04749@example.com,Muş,0
4750,Kaan Öztürk,customer04750@example.com,Çanakkale,0
4751,Derya Yılmaz,customer04751@example.com,Kars,0
4752,Ece Arslan,customer04752@example.com,Bilecik,0
4753,Can Aksoy,customer04753@example.com,Kayseri,0
4754,Ömer Güneş,customer04754@example.com,Niğde,0
4755,Mehmet Tekin,customer04755@example.com,Kars,0
4756,Kerem Arslan,customer04756@example.com,Mersin,0
4757,Ece Tekin,customer04757@example.com,Adıyaman,0
4758,Ali Doğan,customer04758@example.com,Şırnak,0
4759,Zeynep Kılıç,customer04759@example.com,İstanbul,0
4760,Buse Yıldız,customer04760@example.com,Sinop,0
4761,Kaan Yılmaz,customer04761@example.com,Sinop,0
4762,Ahmet Özdemir,customer04762@example.com,Amasya,0
4763,Kerem Polat,customer04763@example.com,Batman,0
4764,Burak Kurt,customer04764@example.com,Artvin,0
4765,Hakan Demir,customer04765@example.com,Kars,0
4766,Melis Tekin,customer04766@example.com,Kırıkkale,0
4767,Ömer Demir,customer04767@example.com,Sinop,0
4768,Yusuf Arslan,customer04768@example.com,Kars,0
4769,Eren Polat,customer04769@example.com,Çanakkale,0
4770,Can Yıldız,customer04770@example.com,Çorum,0
4771,Buse Tekin,customer04771@example.com,Antalya,0
4772,Can Şahin,customer04772@example.com,Amasya,0
4773,Yusuf Erdoğan,customer04773@example.com,Sinop,0
4774,Hakan Kılıç,customer04774@example.com,Ankara,0
4775,Onur Öztürk,customer04775@example.com,Artvin,0
4776,Ayşe Arslan,customer04776@example.com,Mersin,0
4777,Ahmet Aslan,customer04777@example.com,Karaman,0
4778,Ayşe Kaya,customer04778@example.com,Yalova,0
4779,Can Aslan,customer04779@example.com,Bolu,0
4780,Mustafa Erdoğan,customer04780@example.com,Sinop,0
4781,Ali Erdoğan,customer04781@example.com,Balıkesir,0
4782,Can Aydın,customer04782@example.com,Konya,0
4783,Hakan Aslan,customer04783@example.com,Sakarya,0
4784,Mustafa Kurt,customer04784@example.com,Kastamonu,0
4785,Emre Yılmaz,customer04785@example.com,Konya,0
4786,Barış Aslan,customer04786@example.com,Kütahya,0
4787,Furkan Aslan,customer04787@example.com,Trabzon,0
4788,Mert Tekin,customer04788@example.com,Ağrı,0
4789,Yusuf Aslan,customer04789@example.com,Ankara,0
4790,Mert Çelik,customer04790@example.com,Iğdır,0
4791,Ahmet Şahin,customer04791@example.com,Karabük,0
4792,Burak Kılıç,customer04792@example.com,Yozgat,0
4793,Ayşe Erdoğan,customer04793@example.com,Ardahan,0
4794,Ayşe Aslan,customer04794@example.com,Giresun,0
4795,Berk Güneş,customer04795@example.com,Amasya,0
4796,Zeynep Çelik,customer04796@example.com,Muş,0
4797,Seda Demir,customer04797@example.com,Balıkesir,0
4798,Derya Öztürk,customer04798@example.com,Şırnak,0
4799,Serkan Güneş,customer04799@example.com,Düzce,0
4800,Onur Kurt,customer04800@example.com,Bayburt,0
4801,Fatma Şahin,customer04801@example.com,Aksaray,0
4802,Ece Kaya,customer04802@example.com,Karabük,0
4803,Arda Erdoğan,customer04803@example.com,Zonguldak,0
4804,Kaan Kılıç,customer04804@example.com,İzmir,0
4805,Burak Güneş,customer04805@example.com,Kayseri,0
4806,Derya Öztürk,customer04806@example.com,Kütahya,0
4807,Can Aslan,customer04807@example.com,Hakkari,0
4808,Kaan Kılıç,customer04808@example.com,Burdur,0
4809,Ayşe Öztürk,customer04809@example.com,Sinop,0
4810,Fatma Kurt,customer04810@example.com,Mardin,0
4811,Mustafa Aslan,customer04811@example.com,Batman,0
4812,Serkan Demir,customer04812@example.com,Mardin,0
4813,Elif Polat,customer04813@example.com,Karabük,0
4814,Can Özdemir,customer04814@example.com,Sakarya,0
4815,Can Güneş,customer04815@example.com,Çanakkale,0
4816,Derya Aksoy,customer04816@example.com,Isparta,0
4817,Seda Kurt,customer04817@example.com,Ardahan,0
4818,Zeynep Çelik,customer04818@example.com,Karabük,0
4819,Eren Doğan,customer04819@example.com,Malatya,0
4820,Ömer Şahin,customer04820@example.com,Bilecik,0
4821,Furkan Kurt,customer04821@example.com,Van,0
4822,Emre Güneş,customer04822@example.com,Uşak,0
4823,Elif Aydın,customer04823@example.com,Erzincan,0
4824,Melis Özdemir,customer04824@example.com,Adıyaman,0
4825,Yusuf Şahin,customer04825@example.com,Sakarya,0
4826,Eren Aksoy,customer04826@example.com,Trabzon,0
4827,Fatma Şahin,customer04827@example.com,Çanakkale,0
4828,Buse Kaya,customer04828@example.com,Siirt,0
4829,Ahmet Yıldız,customer04829@example.com,Balıkesir,0
4830,Emre Erdoğan,customer04830@example.com,Aksaray,0
4831,Derya Koç,customer04831@example.com,Samsun,0
4832,Kerem Çelik,customer04832@example.com,Ordu,0
4833,Ayşe Aksoy,customer04833@example.com,Hatay,0
4834,Ayşe Doğan,customer04834@example.com,Bursa,0
4835,Ömer Kılıç,customer04835@example.com,Iğdır,0
4836,Barış Tekin,customer04836@example.com,Bolu,0
4837,Fatma Kaya,customer04837@example.com,Balıkesir,0
4838,Fatma Aslan,customer04838@example.com,Sivas,0
4839,Derya Kurt,customer04839@example.com,Düzce,0
4840,Kaan Kurt,customer04840@example.com,Kayseri,0
4841,Seda Polat,customer04841@example.com,Çankırı,0
4842,Fatma Yıldız,customer04842@example.com,Iğdır,0
4843,Derya Erdoğan,customer04843@example.com,Bilecik,0
4844,Emre Yılmaz,customer04844@example.com,Iğdır,0
4845,Hakan Aslan,customer04845@example.com,Tekirdağ,0
4846,Berk Kılıç,customer04846@example.com,Sinop,0
4847,Yusuf Erdoğan,customer04847@example.com,Iğdır,0
4848,Eren Şahin,customer04848@example.com,Hakkari,0
4849,Mert Polat,customer04849@example.com,Malatya,0
4850,Mehmet Güneş,customer04850@example.com,Zonguldak,0
4851,Melis Erdoğan,customer04851@example.com,Ardahan,0
4852,Serkan Kurt,customer04852@example.com,Kastamonu,0
4853,Ömer Koç,customer04853@example.com,Kocaeli,0
4854,Seda Yıldız,customer04854@example.com,Çorum,0
4855,Mehmet Aydın,customer04855@example.com,Siirt,0
4856,Serkan Arslan,customer04856@example.com,Bartın,0
4857,Melis Tekin,customer04857@example.com,Kocaeli,0
4858,Ali Aslan,customer04858@example.com,Kastamonu,0
4859,Yusuf Şahin,customer04859@example.com,Kastamonu,0
4860,Eren Polat,customer04860@example.com,Sinop,0
4861,Can Yıldız,customer04861@example.com,Kastamonu,0
4862,Derya Arslan,customer04862@example.com,Karabük,0
4863,Seda Şahin,customer04863@example.com,Hakkari,0
4864,Zeynep Arslan,customer04864@example.com,Çorum,0
4865,Ali Aydın,customer04865@example.com,Kırıkkale,0
4866,Ceren Erdoğan,customer04866@example.com,Edirne,0
4867,Ahmet Tekin,customer04867@example.com,Ankara,0
4868,Melis Aksoy,customer04868@example.com,Bayburt,0
4869,Ece Aydın,customer04869@example.com,Adana,0
4870,Arda Yılmaz,customer04870@example.com,Muğla,0
4871,Burak Doğan,customer04871@example.com,Bartın,0
4872,Furkan Özdemir,customer04872@example.com,Zonguldak,0
4873,Emre Özdemir,customer04873@example.com,Kayseri,0
4874,Derya Şahin,customer04874@example.com,Bursa,0
4875,Kaan Kurt,customer04875@example.com,Uşak,0
4876,Eren Demir,customer04876@example.com,Çankırı,0
4877,Eren Şahin,customer04877@example.com,Kahramanmaraş,0
4878,Ece Demir,customer04878@example.com,Gümüşhane,0
4879,Fatma Demir,customer04879@example.com,Konya,0
4880,Yusuf Erdoğan,customer04880@example.com,Kütahya,0
4881,Eren Özdemir,customer04881@example.com,Düzce,0
4882,Fatma Erdoğan,customer04882@example.com,Balıkesir,0
4883,Ayşe Kılıç,customer04883@example.com,Amasya,0
4884,Furkan Şahin,customer04884@example.com,Zonguldak,0
4885,Ömer Aydın,customer04885@example.com,Batman,0
4886,Zeynep Kaya,customer04886@example.com,Düzce,0
4887,Ahmet Öztürk,customer04887@example.com,Çankırı,0
4888,Hakan Koç,customer04888@example.com,Gümüşhane,0
4889,Zeynep Aydın,customer04889@example.com,İstanbul,0
4890,Arda Çelik,customer04890@example.com,Şanlıurfa,0
4891,Ceren Yıldız,customer04891@example.com,Uşak,0
4892,Mert Çelik,customer04892@example.com,Eskişehir,0
4893,Elif Demir,customer04893@example.com,Zonguldak,0
4894,Buse Aydın,customer04894@example.com,Adana,0
4895,Furkan Demir,customer04895@example.com,Şanlıurfa,0
4896,Onur Tekin,customer04896@example.com,Gaziantep,0
4897,Ayşe Yıldız,customer04897@example.com,Amasya,0
4898,Furkan Arslan,customer04898@example.com,Kilis,0
4899,Berk Güneş,customer04899@example.com,Hatay,0
4900,Elif Aslan,customer04900@example.com,Tunceli,0
4901,Serkan Yıldız,customer04901@example.com,Kırklareli,0
4902,Ceren Öztürk,customer04902@example.com,Kayseri,0
4903,Zeynep Polat,customer04903@example.com,Şanlıurfa,0
4904,Ece Koç,customer04904@example.com,Yalova,0
4905,Kerem Aksoy,customer04905@example.com,Tunceli,0
4906,Mert Şahin,customer04906@example.com,Gümüşhane,0
4907,Ali Doğan,customer04907@example.com,Sakarya,0
4908,Kaan Kılıç,customer04908@example.com,Isparta,0
4909,Zeynep Kurt,customer04909@example.com,Burdur,0
4910,Yusuf Özdemir,customer04910@example.com,Kocaeli,0
4911,Zeynep Şahin,customer04911@example.com,Manisa,0
4912,Ayşe Koç,customer04912@example.com,Çanakkale,0
4913,Seda Polat,customer04913@example.com,Şanlıurfa,0
4914,Barış Kurt,customer04914@example.com,Hatay,0
4915,Ahmet Doğan,customer04915@example.com,İzmir,0
4916,Serkan Aydın,customer04916@example.com,Rize,0
4917,Mehmet Aksoy,customer04917@example.com,Konya,0
4918,Eren Kılıç,customer04918@example.com,Rize,0
4919,Berk Özdemir,customer04919@example.com,Samsun,0
4920,Berk Arslan,customer04920@example.com,Antalya,0
4921,Eren Polat,customer04921@example.com,Gümüşhane,0
4922,Ömer Kaya,customer04922@example.com,Kırşehir,0
4923,Kaan Kurt,customer04923@example.com,Gümüşhane,0
4924,Hakan Yıldız,customer04924@example.com,Bayburt,0
4925,Burak Şahin,customer04925@example.com,Kilis,0
4926,Barış Kılıç,customer04926@example.com,Çanakkale,0
4927,Barış Aksoy,customer04927@example.com,Afyonkarahisar,0
4928,Fatma Yılmaz,customer04928@example.com,Muş,0
4929,Mustafa Kılıç,customer04929@example.com,Kahramanmaraş,0
4930,Seda Aksoy,customer04930@example.com,Aydın,0
4931,Elif Kaya,customer04931@example.com,Zonguldak,0
4932,Burak Aslan,customer04932@example.com,Bayburt,0
4933,Burak Yıldız,customer04933@example.com,Bayburt,0
4934,Berk Öztürk,customer04934@example.com,Kayseri,0
4935,Ece Yıldız,customer04935@example.com,Muğla,0
4936,Ömer Kurt,customer04936@example.com,Giresun,0
4937,Onur Öztürk,customer04937@example.com,Adıyaman,0
4938,Mehmet Yılmaz,customer04938@example.com,Aksaray,0
4939,Ali Erdoğan,customer04939@example.com,Niğde,0
4940,Ece Polat,customer04940@example.com,Ankara,0
4941,Yusuf Doğan,customer04941@example.com,Kırklareli,0
4942,Ahmet Öztürk,customer04942@example.com,Düzce,0
4943,Seda Öztürk,customer04943@example.com,Amasya,0
4944,Eren Şahin,customer04944@example.com,Muş,0
4945,Elif Koç,customer04945@example.com,Çanakkale,0
4946,Ceren Arslan,customer04946@example.com,Bilecik,0
4947,Mustafa Demir,customer04947@example.com,Van,0
4948,Fatma Kurt,customer04948@example.com,Afyonkarahisar,0
4949,Ahmet Aksoy,customer04949@example.com,Karabük,0
4950,Derya Çelik,customer04950@example.com,Bitlis,0
4951,Fatma Güneş,customer04951@example.com,Niğde,0
4952,Burak Tekin,customer04952@example.com,Kırşehir,0
4953,Ece Kılıç,customer04953@example.com,Samsun,0
4954,Serkan Yılmaz,customer04954@example.com,Kırklareli,0
4955,Eren Özdemir,customer04955@example.com,Eskişehir,0
4956,Ali Arslan,customer04956@example.com,Bartın,0
4957,Arda Koç,customer04957@example.com,Kayseri,0
4958,Furkan Demir,customer04958@example.com,Gümüşhane,0
4959,Furkan Aksoy,customer04959@example.com,Kars,0
4960,Arda Doğan,customer04960@example.com,Bayburt,0
4961,Serkan Öztürk,customer04961@example.com,Muş,0
4962,Ahmet Polat,customer04962@example.com,Niğde,0
4963,Kerem Aksoy,customer04963@example.com,Bolu,0
4964,Kaan Öztürk,customer04964@example.com,Bartın,0
4965,Ahmet Koç,customer04965@example.com,Hakkari,0
4966,Kaan Aslan,customer04966@example.com,Tunceli,0
4967,Hakan Şahin,customer04967@example.com,Kırşehir,0
4968,Ömer Çelik,customer04968@example.com,Düzce,0
4969,Mustafa Şahin,customer04969@example.com,Batman,0
4970,Yusuf Aydın,customer04970@example.com,Şanlıurfa,0
4971,Hakan Öztürk,customer04971@example.com,Bilecik,0
4972,Emre Koç,customer04972@example.com,Kilis,0
4973,Ceren Polat,customer04973@example.com,Zonguldak,0
4974,Fatma Güneş,customer04974@example.com,Hakkari,0
4975,Mehmet Polat,customer04975@example.com,Mersin,0
4976,Furkan Doğan,customer04976@example.com,Malatya,0
4977,Ceren Çelik,customer04977@example.com,Amasya,0
4978,Ömer Güneş,customer04978@example.com,Yalova,0
4979,Furkan Yılmaz,customer04979@example.com,İzmir,0
4980,Ayşe Aydın,customer04980@example.com,Batman,0
4981,Ece Polat,customer04981@example.com,Karaman,0
4982,Arda Kılıç,customer04982@example.com,Hatay,0
4983,Ömer Özdemir,customer04983@example.com,Tunceli,0
4984,Serkan Aksoy,customer04984@example.com,Bilecik,0
4985,Derya Şahin,customer04985@example.com,Samsun,0
4986,Ayşe Demir,customer04986@example.com,Muş,0
4987,Emre Yılmaz,customer04987@example.com,Diyarbakır,0
4988,Serkan Şahin,customer04988@example.com,Edirne,0
4989,Burak Özdemir,customer04989@example.com,Burdur,0
4990,Mehmet Kurt,customer04990@example.com,Uşak,0
4991,Yusuf Erdoğan,customer04991@example.com,Şanlıurfa,0
4992,Emre Aksoy,customer04992@example.com,Sakarya,0
4993,Berk Yılmaz,customer04993@example.com,Kayseri,0
4994,Ali Kurt,customer04994@example.com,Kayseri,0
4995,Fatma Arslan,customer04995@example.com,Zonguldak,0
4996,Ömer Tekin,customer04996@example.com,Muğla,0
4997,Hakan Yıldız,customer04997@example.com,Çorum,0
4998,Mert Erdoğan,customer04998@example.com,Gaziantep,0
4999,Ece Tekin,customer04999@example.com,Muğla,0
5000,Serkan Tekin,customer05000@example.com,Mersin,0
5001,Arda Özdemir,customer05001@example.com,Gaziantep,0
5002,Derya Kılıç,customer05002@example.com,Çankırı,0
5003,Yusuf Erdoğan,customer05003@example.com,Trabzon,0
5004,Ahmet Kılıç,customer05004@example.com,Sakarya,0
5005,Yusuf Çelik,customer05005@example.com,Trabzon,0
5006,Mustafa Yılmaz,customer05006@example.com,Kırşehir,0
5007,Ayşe Aydın,customer05007@example.com,Eskişehir,0
5008,Ayşe Şahin,customer05008@example.com,Bayburt,0
5009,Kaan Kılıç,customer05009@example.com,Bitlis,0
5010,Mehmet Tekin,customer05010@example.com,Tokat,0
5011,Barış Yıldız,customer05011@example.com,Aydın,0
5012,Kerem Aksoy,customer05012@example.com,Gümüşhane,0
5013,Kerem Yılmaz,customer05013@example.com,Erzurum,0
5014,Eren Doğan,customer05014@example.com,Samsun,0
5015,Hakan Doğan,customer05015@example.com,Muğla,0
5016,Barış Koç,customer05016@example.com,Mersin,0
5017,Onur Aksoy,customer05017@example.com,Eskişehir,0
5018,Mustafa Güneş,customer05018@example.com,Denizli,0
5019,Ali Aydın,customer05019@example.com,Kars,0
5020,Yusuf Arslan,customer05020@example.com,Şırnak,0
5021,Ali Çelik,customer05021@example.com,Zonguldak,0
5022,Hakan Koç,customer05022@example.com,Kütahya,0
5023,Hakan Güneş,customer05023@example.com,Karabük,0
5024,Eren Tekin,customer05024@example.com,Trabzon,0
5025,Burak Yıldız,customer05025@example.com,Adana,0
5026,Ece Öztürk,customer05026@example.com,Giresun,0
5027,Mustafa Tekin,customer05027@example.com,Çorum,0
5028,Emre Yıldız,customer05028@example.com,Trabzon,0
5029,Buse Yılmaz,customer05029@example.com,Konya,0
5030,Mustafa Kaya,customer05030@example.com,Çankırı,0
5031,Serkan Özdemir,customer05031@example.com,Samsun,0
5032,Zeynep Polat,customer05032@example.com,Konya,0
5033,Mert Erdoğan,customer05033@example.com,Bursa,0
5034,Can Aksoy,customer05034@example.com,Niğde,0
5035,Berk Koç,customer05035@example.com,Trabzon,0
5036,Kerem Doğan,customer05036@example.com,Zonguldak,0
5037,Ömer Erdoğan,customer05037@example.com,Bilecik,0
5038,Melis Tekin,customer05038@example.com,Giresun,0
5039,Yusuf Arslan,customer05039@example.com,Çorum,0
5040,Ceren Kurt,customer05040@example.com,Batman,0
5041,Kaan Polat,customer05041@example.com,Mersin,0
5042,Zeynep Şahin,customer05042@example.com,Batman,0
5043,Melis Kurt,customer05043@example.com,Manisa,0
5044,Yusuf Yılmaz,customer05044@example.com,Mardin,0
5045,Buse Özdemir,customer05045@example.com,Manisa,0
5046,Fatma Kurt,customer05046@example.com,Giresun,0
5047,Barış Aksoy,customer05047@example.com,Erzurum,0
5048,Berk Aslan,customer05048@example.com,Elazığ,0
5049,Derya Yılmaz,customer05049@example.com,Eskişehir,0
5050,Kaan Aslan,customer05050@example.com,Aksaray,0
5051,Burak Yılmaz,customer05051@example.com,Iğdır,0
5052,Mert Kılıç,customer05052@example.com,Bitlis,0
5053,Derya Aslan,customer05053@example.com,Mersin,0
5054,Serkan Yılmaz,customer05054@example.com,Karabük,0
5055,Eren Kaya,customer05055@example.com,Kars,0
5056,Elif Polat,customer05056@example.com,Niğde,0
5057,Mehmet Arslan,customer05057@example.com,Kars,0
5058,Elif Kaya,customer05058@example.com,Bartın,0
5059,Ceren Yılmaz,customer05059@example.com,Trabzon,0
5060,Barış Özdemir,customer05060@example.com,Şanlıurfa,0
5061,Yusuf Polat,customer05061@example.com,Karaman,0
5062,Ece Şahin,customer05062@example.com,Amasya,0
5063,Kerem Yılmaz,customer05063@example.com,Kilis,0
5064,Melis Çelik,customer05064@example.com,Elazığ,0
5065,Buse Çelik,customer05065@example.com,Bilecik,0
5066,Furkan Şahin,customer05066@example.com,Artvin,0
5067,Kaan Kaya,customer05067@example.com,Kocaeli,0
5068,Ali Aksoy,customer05068@example.com,Kars,0
5069,Buse Aydın,customer05069@example.com,Kilis,0
5070,Fatma Yılmaz,customer05070@example.com,Kütahya,0
5071,Ceren Kılıç,customer05071@example.com,Edirne,0
5072,Melis Güneş,customer05072@example.com,Mardin,0
5073,Serkan Yılmaz,customer05073@example.com,Ordu,0
5074,Furkan Kaya,customer05074@example.com,Aydın,0
5075,Burak Erdoğan,customer05075@example.com,Çorum,0
5076,Fatma Arslan,customer05076@example.com,Bilecik,0
5077,Yusuf Özdemir,customer05077@example.com,Ankara,0
5078,Eren Tekin,customer05078@example.com,Eskişehir,0
5079,Ayşe Erdoğan,customer05079@example.com,Rize,0
5080,Yusuf Yılmaz,customer05080@example.com,Kırşehir,0
5081,Eren Aksoy,customer05081@example.com,Manisa,0
5082,Ali Kılıç,customer05082@example.com,Tokat,0
5083,Hakan Demir,customer05083@example.com,Şırnak,0
5084,Derya Özdemir,customer05084@example.com,Bingöl,0
5085,Ali Demir,customer05085@example.com,Erzincan,0
5086,Fatma Demir,customer05086@example.com,Erzincan,0
5087,Ömer Güneş,customer05087@example.com,Düzce,0
5088,Ahmet Yıldız,customer05088@example.com,Adıyaman,0
5089,Burak Aslan,customer05089@example.com,Tekirdağ,0
5090,Mustafa Öztürk,customer05090@example.com,Kırşehir,0
5091,Ceren Aydın,customer05091@example.com,Çanakkale,0
5092,Mert Kaya,customer05092@example.com,Muş,0
5093,Ayşe Doğan,customer05093@example.com,Elazığ,0
5094,Eren Çelik,customer05094@example.com,Şırnak,0
5095,Ömer Kurt,customer05095@example.com,Gümüşhane,0
5096,Ceren Aydın,customer05096@example.com,İzmir,0
5097,Melis Aydın,customer05097@example.com,Elazığ,0
5098,Mert Arslan,customer05098@example.com,Sinop,0
5099,Eren Demir,customer05099@example.com,Şanlıurfa,0
5100,Kerem Güneş,customer05100@example.com,Mardin,0
5101,Kerem Erdoğan,customer05101@example.com,Sivas,0
5102,Ceren Yıldız,customer05102@example.com,Amasya,0
5103,Ceren Güneş,customer05103@example.com,Nevşehir,0
5104,Emre Aksoy,customer05104@example.com,Şırnak,0
5105,Burak Kurt,customer05105@example.com,Manisa,0
5106,Elif Doğan,customer05106@example.com,Gaziantep,0
5107,Ömer Erdoğan,customer05107@example.com,Kırıkkale,0
5108,Ceren Arslan,customer05108@example.com,Bingöl,0
5109,Serkan Aydın,customer05109@example.com,İstanbul,0
5110,Burak Özdemir,customer05110@example.com,İstanbul,0
5111,Mehmet Şahin,customer05111@example.com,Zonguldak,0
5112,Zeynep Yıldız,customer05112@example.com,Trabzon,0
5113,Emre Özdemir,customer05113@example.com,Iğdır,0
5114,Ömer Aslan,customer05114@example.com,Şırnak,0
5115,Berk Güneş,customer05115@example.com,Amasya,0
5116,Ömer Şahin,customer05116@example.com,Düzce,0
5117,Kerem Yılmaz,customer05117@example.com,Diyarbakır,0
5118,Furkan Polat,customer05118@example.com,Kütahya,0
5119,Ömer Şahin,customer05119@example.com,Erzincan,0
5120,Derya Aslan,customer05120@example.com,Kırşehir,0
5121,Yusuf Özdemir,customer05121@example.com,Karaman,0
5122,Yusuf Yılmaz,customer05122@example.com,Sinop,0
5123,Ece Tekin,customer05123@example.com,Tekirdağ,0
5124,Hakan Güneş,customer05124@example.com,Siirt,0
5125,Fatma Koç,customer05125@example.com,Trabzon,0
5126,Ceren Öztürk,customer05126@example.com,Mersin,0
5127,Fatma Aslan,customer05127@example.com,Yalova,0
5128,Ömer Polat,customer05128@example.com,Ordu,0
5129,Mert Kaya,customer05129@example.com,Hakkari,0
5130,Seda Erdoğan,customer05130@example.com,Bolu,0
5131,Furkan Kurt,customer05131@example.com,İzmir,0
5132,Hakan Koç,customer05132@example.com,Iğdır,0
5133,Ahmet Yıldız,customer05133@example.com,Yozgat,0
5134,Yusuf Doğan,customer05134@example.com,Yalova,0
5135,Ayşe Erdoğan,customer05135@example.com,Eskişehir,0
5136,Hakan Çelik,customer05136@example.com,Çanakkale,0
5137,Zeynep Kılıç,customer05137@example.com,Antalya,0
5138,Mustafa Doğan,customer05138@example.com,Çorum,0
5139,Ece Aslan,customer05139@example.com,Tekirdağ,0
5140,Berk Yıldız,customer05140@example.com,Tekirdağ,0
5141,Ahmet Çelik,customer05141@example.com,Eskişehir,0
5142,Melis Yıldız,customer05142@example.com,Kırklareli,0
5143,Mert Demir,customer05143@example.com,Erzincan,0
5144,Can Aydın,customer05144@example.com,Siirt,0
5145,Mustafa Öztürk,customer05145@example.com,Denizli,0
5146,Zeynep Aksoy,customer05146@example.com,Muğla,0
5147,Ahmet Polat,customer05147@example.com,Diyarbakır,0
5148,Kerem Şahin,customer05148@example.com,Trabzon,0
5149,Onur Koç,customer05149@example.com,Giresun,0
5150,Derya Polat,customer05150@example.com,Muş,0
5151,Ceren Özdemir,customer05151@example.com,Isparta,0
5152,Seda Şahin,customer05152@example.com,Nevşehir,0
5153,Emre Kılıç,customer05153@example.com,Çankırı,0
5154,Berk Kılıç,customer05154@example.com,Kastamonu,0
5155,Ceren Kurt,customer05155@example.com,Yalova,0
5156,Berk Aksoy,customer05156@example.com,Balıkesir,0
5157,Kerem Polat,customer05157@example.com,Iğdır,0
5158,Ahmet Öztürk,customer05158@example.com,Karabük,0
5159,Yusuf Öztürk,customer05159@example.com,Muğla,0
5160,Kerem Kılıç,customer05160@example.com,Van,0
5161,Ceren Yılmaz,customer05161@example.com,Kilis,0
5162,Barış Koç,customer05162@example.com,Balıkesir,0
5163,Elif Öztürk,customer05163@example.com,Çankırı,0
5164,Arda Aydın,customer05164@example.com,Ankara,0
5165,Burak Doğan,customer05165@example.com,Siirt,0
5166,Mustafa Kılıç,customer05166@example.com,Nevşehir,0
5167,Elif Yıldız,customer05167@example.com,Samsun,0
5168,Emre Doğan,customer05168@example.com,Kırşehir,0
5169,Berk Polat,customer05169@example.com,Amasya,0
5170,Eren Kurt,customer05170@example.com,Elazığ,0
5171,Yusuf Koç,customer05171@example.com,Zonguldak,0
5172,Ceren Şahin,customer05172@example.com,Tokat,0
5173,Ece Demir,customer05173@example.com,Manisa,0
5174,Zeynep Şahin,customer05174@example.com,Ordu,0
5175,Ece Yılmaz,customer05175@example.com,Diyarbakır,0
5176,Ömer Çelik,customer05176@example.com,Bartın,0
5177,Serkan Koç,customer05177@example.com,Tekirdağ,0
5178,Ahmet Polat,customer05178@example.com,Ordu,0
5179,Furkan Kaya,customer05179@example.com,Kırklareli,0
5180,Furkan Arslan,customer05180@example.com,Burdur,0
5181,Barış Özdemir,customer05181@example.com,Van,0
5182,Kerem Polat,customer05182@example.com,Kütahya,0
5183,Buse Aksoy,customer05183@example.com,Mardin,0
5184,Ali Yıldız,customer05184@example.com,Samsun,0
5185,Onur Koç,customer05185@example.com,Bilecik,0
5186,Emre Yılmaz,customer05186@example.com,Malatya,0
5187,Derya Güneş,customer05187@example.com,İstanbul,0
5188,Burak Erdoğan,customer05188@example.com,Kilis,0
5189,Fatma Özdemir,customer05189@example.com,Siirt,0
5190,Mehmet Özdemir,customer05190@example.com,Kastamonu,0
5191,Mehmet Şahin,customer05191@example.com,Şanlıurfa,0
5192,Kaan Aslan,customer05192@example.com,Antalya,0
5193,Melis Tekin,customer05193@example.com,Muğla,0
5194,Eren Kurt,customer05194@example.com,Malatya,0
5195,Zeynep Doğan,customer05195@example.com,Ağrı,0
5196,Onur Arslan,customer05196@example.com,Elazığ,0
5197,Mert Aslan,customer05197@example.com,Sakarya,0
5198,Ahmet Özdemir,customer05198@example.com,Konya,0
5199,Mert Kaya,customer05199@example.com,Yalova,0
5200,Ali Aslan,customer05200@example.com,Amasya,0
5201,Onur Koç,customer05201@example.com,Isparta,0
5202,Yusuf Demir,customer05202@example.com,Bayburt,0
5203,Ali Çelik,customer05203@example.com,Çorum,0
5204,Elif Polat,customer05204@example.com,Siirt,0
5205,Melis Arslan,customer05205@example.com,Manisa,0
5206,Kaan Tekin,customer05206@example.com,Isparta,0
5207,Derya Erdoğan,customer05207@example.com,Şırnak,0
5208,Kaan Kaya,customer05208@example.com,Balıkesir,0
5209,Ömer Aslan,customer05209@example.com,Amasya,0
5210,Emre Tekin,customer05210@example.com,Bitlis,0
5211,Berk Erdoğan,customer05211@example.com,Bilecik,0
5212,Ömer Doğan,customer05212@example.com,Samsun,0
5213,Berk Yılmaz,customer05213@example.com,Erzincan,0
5214,Fatma Arslan,customer05214@example.com,Bilecik,0
5215,Ceren Kurt,customer05215@example.com,Burdur,0
5216,Ece Aydın,customer05216@example.com,Bartın,0
5217,Eren Doğan,customer05217@example.com,Kilis,0
5218,Serkan Aksoy,customer05218@example.com,Isparta,0
5219,Ayşe Kaya,customer05219@example.com,Muğla,0
5220,Hakan Polat,customer05220@example.com,Giresun,0
5221,Seda Kurt,customer05221@example.com,Kars,0
5222,Fatma Yıldız,customer05222@example.com,Kars,0
5223,Serkan Kaya,customer05223@example.com,Karabük,0
5224,Berk Yıldız,customer05224@example.com,Kastamonu,0
5225,Eren Yılmaz,customer05225@example.com,Rize,0
5226,Burak Yılmaz,customer05226@example.com,Sakarya,0
5227,Zeynep Çelik,customer05227@example.com,Kars,0
5228,Eren Özdemir,customer05228@example.com,Yalova,0
5229,Ece Kılıç,customer05229@example.com,Bitlis,0
5230,Can Öztürk,customer05230@example.com,Afyonkarahisar,0
5231,Ayşe Kılıç,customer05231@example.com,Gümüşhane,0
5232,Mustafa Tekin,customer05232@example.com,Kastamonu,0
5233,Fatma Tekin,customer05233@example.com,Tekirdağ,0
5234,Hakan Kurt,customer05234@example.com,Yalova,0
5235,Ömer Aksoy,customer05235@example.com,Nevşehir,0
5236,Arda Aksoy,customer05236@example.com,Adıyaman,0
5237,Ömer Kılıç,customer05237@example.com,Kocaeli,0
5238,Kerem Özdemir,customer05238@example.com,Denizli,0
5239,Kaan Polat,customer05239@example.com,Gaziantep,0
5240,Onur Yıldız,customer05240@example.com,Nevşehir,0
5241,Eren Koç,customer05241@example.com,Amasya,0
5242,Zeynep Güneş,customer05242@example.com,Bilecik,0
5243,Elif Polat,customer05243@example.com,Batman,0
5244,Kerem Demir,customer05244@example.com,Gaziantep,0
5245,Fatma Erdoğan,customer05245@example.com,Muğla,0
5246,Mert Doğan,customer05246@example.com,Kocaeli,0
5247,Kaan Özdemir,customer05247@example.com,Ağrı,0
5248,Emre Tekin,customer05248@example.com,Ardahan,0
5249,Yusuf Tekin,customer05249@example.com,Kahramanmaraş,0
5250,Hakan Kurt,customer05250@example.com,Sakarya,0
5251,Seda Yılmaz,customer05251@example.com,Kastamonu,0
5252,Onur Polat,customer05252@example.com,Hatay,0
5253,Berk Aksoy,customer05253@example.com,Çanakkale,0
5254,Berk Tekin,customer05254@example.com,Bursa,0
5255,Ali Koç,customer05255@example.com,Giresun,0
5256,Burak Şahin,customer05256@example.com,Bartın,0
5257,Mert Yıldız,customer05257@example.com,Diyarbakır,0
5258,Seda Koç,customer05258@example.com,Kırıkkale,0
5259,Furkan Aslan,customer05259@example.com,Giresun,0
5260,Furkan Tekin,customer05260@example.com,Kars,0
5261,Ömer Aslan,customer05261@example.com,Düzce,0
5262,Ali Kılıç,customer05262@example.com,Van,0
5263,Onur Aksoy,customer05263@example.com,Niğde,0
5264,Can Koç,customer05264@example.com,Uşak,0
5265,Seda Özdemir,customer05265@example.com,Kastamonu,0
5266,Ceren Özdemir,customer05266@example.com,Diyarbakır,0
5267,Derya Yıldız,customer05267@example.com,Ordu,0
5268,Mert Yılmaz,customer05268@example.com,Bayburt,0
5269,Ceren Kılıç,customer05269@example.com,Tokat,0
5270,Elif Yıldız,customer05270@example.com,Bitlis,0
5271,Berk Güneş,customer05271@example.com,Sakarya,0
5272,Furkan Kurt,customer05272@example.com,Erzurum,0
5273,Elif Yılmaz,customer05273@example.com,Osmaniye,0
5274,Can Çelik,customer05274@example.com,Kilis,0
5275,Barış Erdoğan,customer05275@example.com,Bilecik,0
5276,Barış Güneş,customer05276@example.com,Rize,0
5277,Ahmet Kılıç,customer05277@example.com,Kilis,0
5278,Can Yıldız,customer05278@example.com,Şırnak,0
5279,Elif Polat,customer05279@example.com,Bingöl,0
5280,Kerem Yılmaz,customer05280@example.com,Yalova,0
5281,Melis Koç,customer05281@example.com,Kırıkkale,0
5282,Serkan Aydın,customer05282@example.com,Diyarbakır,0
5283,Kaan Aslan,customer05283@example.com,Hatay,0
5284,Yusuf Polat,customer05284@example.com,Eskişehir,0
5285,Ömer Çelik,customer05285@example.com,Kayseri,0
5286,Mustafa Yılmaz,customer05286@example.com,Gaziantep,0
5287,Hakan Özdemir,customer05287@example.com,Tekirdağ,0
5288,Can Tekin,customer05288@example.com,Sinop,0
5289,Can Yıldız,customer05289@example.com,Tokat,0
5290,Serkan Şahin,customer05290@example.com,Karabük,0
5291,Ceren Kılıç,customer05291@example.com,Diyarbakır,0
5292,Can Özdemir,customer05292@example.com,Aydın,0
5293,Ahmet Kaya,customer05293@example.com,Rize,0
5294,Buse Erdoğan,customer05294@example.com,Trabzon,0
5295,Buse Koç,customer05295@example.com,Balıkesir,0
5296,Ece Kurt,customer05296@example.com,İstanbul,0
5297,Melis Aksoy,customer05297@example.com,Bursa,0
5298,Ayşe Tekin,customer05298@example.com,Bayburt,0
5299,Ayşe Yılmaz,customer05299@example.com,Sinop,0
5300,Arda Kaya,customer05300@example.com,Kayseri,0
5301,Ece Koç,customer05301@example.com,Ankara,0
5302,Kerem Koç,customer05302@example.com,Yozgat,0
5303,Elif Özdemir,customer05303@example.com,Samsun,0
5304,Ece Şahin,customer05304@example.com,Bolu,0
5305,Emre Arslan,customer05305@example.com,Ardahan,0
5306,Seda Şahin,customer05306@example.com,Edirne,0
5307,Kerem Kurt,customer05307@example.com,Malatya,0
5308,Emre Öztürk,customer05308@example.com,Tunceli,0
5309,Burak Arslan,customer05309@example.com,Bitlis,0
5310,Ömer Demir,customer05310@example.com,Tekirdağ,0
5311,Melis Polat,customer05311@example.com,Isparta,0
5312,Seda Arslan,customer05312@example.com,Malatya,0
5313,Mert Özdemir,customer05313@example.com,Kütahya,0
5314,Ece Özdemir,customer05314@example.com,İstanbul,0
5315,Hakan Arslan,customer05315@example.com,Yalova,0
5316,Mehmet Çelik,customer05316@example.com,Çorum,0
5317,Serkan Doğan,customer05317@example.com,Ağrı,0
5318,Can Aslan,customer05318@example.com,Şırnak,0
5319,Kerem Doğan,customer05319@example.com,Kırşehir,0
5320,Ayşe Yıldız,customer05320@example.com,Şırnak,0
5321,Elif Doğan,customer05321@example.com,Trabzon,0
5322,Ayşe Özdemir,customer05322@example.com,Kayseri,0
5323,Emre Çelik,customer05323@example.com,Çorum,0
5324,Barış Doğan,customer05324@example.com,Nevşehir,0
5325,Eren Öztürk,customer05325@example.com,Ağrı,0
5326,Buse Aydın,customer05326@example.com,Ardahan,0
5327,Mert Çelik,customer05327@example.com,Ardahan,0
5328,Ahmet Arslan,customer05328@example.com,Mardin,0
5329,Fatma Erdoğan,customer05329@example.com,Zonguldak,0
5330,Berk Polat,customer05330@example.com,Osmaniye,0
5331,Melis Yıldız,customer05331@example.com,Manisa,0
5332,Elif Çelik,customer05332@example.com,Iğdır,0
5333,Buse Erdoğan,customer05333@example.com,Kocaeli,0
5334,Serkan Aslan,customer05334@example.com,Muş,0
5335,Buse Polat,customer05335@example.com,Edirne,0
5336,Buse Erdoğan,customer05336@example.com,Tunceli,0
5337,Yusuf Polat,customer05337@example.com,Muş,0
5338,Ahmet Demir,customer05338@example.com,Malatya,0
5339,Can Doğan,customer05339@example.com,Gaziantep,0
5340,Can Çelik,customer05340@example.com,Kars,0
5341,Barış Şahin,customer05341@example.com,Eskişehir,0
5342,Kerem Polat,customer05342@example.com,Tekirdağ,0
5343,Hakan Yılmaz,customer05343@example.com,Aksaray,0
5344,Melis Öztürk,customer05344@example.com,Eskişehir,0
5345,Kerem Kaya,customer05345@example.com,Ordu,0
5346,Elif Şahin,customer05346@example.com,Kütahya,0
5347,Serkan Demir,customer05347@example.com,İzmir,0
5348,Onur Aksoy,customer05348@example.com,Bayburt,0
5349,Buse Demir,customer05349@example.com,Artvin,0
5350,Kaan Güneş,customer05350@example.com,Zonguldak,0
5351,Can Öztürk,customer05351@example.com,Mersin,0
5352,Ece Yıldız,customer05352@example.com,Isparta,0
5353,Can Özdemir,customer05353@example.com,Elazığ,0
5354,Mehmet Tekin,customer05354@example.com,İzmir,0
5355,Onur Arslan,customer05355@example.com,Bingöl,0
5356,Fatma Aydın,customer05356@example.com,Aydın,0
5357,Melis Çelik,customer05357@example.com,Zonguldak,0
5358,Mert Kaya,customer05358@example.com,Gaziantep,0
5359,Can Öztürk,customer05359@example.com,Ardahan,0
5360,Seda Güneş,customer05360@example.com,Tunceli,0
5361,Kaan Şahin,customer05361@example.com,Bayburt,0
5362,Melis Kaya,customer05362@example.com,Kocaeli,0
5363,Ece Demir,customer05363@example.com,Eskişehir,0
5364,Arda Şahin,customer05364@example.com,Sinop,0
5365,Mustafa Polat,customer05365@example.com,Eskişehir,0
5366,Ali Aksoy,customer05366@example.com,Iğdır,0
5367,Burak Tekin,customer05367@example.com,Şanlıurfa,0
5368,Mert Güneş,customer05368@example.com,Adıyaman,0
5369,Hakan Kurt,customer05369@example.com,Burdur,0
5370,Fatma Özdemir,customer05370@example.com,Erzurum,0
5371,Hakan Tekin,customer05371@example.com,Tekirdağ,0
5372,Ahmet Arslan,customer05372@example.com,Rize,0
5373,Barış Arslan,customer05373@example.com,Uşak,0
5374,Elif Yıldız,customer05374@example.com,Kütahya,0
5375,Serkan Polat,customer05375@example.com,Yozgat,0
5376,Mert Doğan,customer05376@example.com,İstanbul,0
5377,Buse Aksoy,customer05377@example.com,Isparta,0
5378,Ömer Arslan,customer05378@example.com,Batman,0
5379,Serkan Doğan,customer05379@example.com,Düzce,0
5380,Kaan Şahin,customer05380@example.com,Erzincan,0
5381,Arda Yılmaz,customer05381@example.com,Kocaeli,0
5382,Melis Erdoğan,customer05382@example.com,Trabzon,0
5383,Arda Yıldız,customer05383@example.com,Elazığ,0
5384,Mustafa Kurt,customer05384@example.com,Kırklareli,0
5385,Ali Özdemir,customer05385@example.com,Malatya,0
5386,Elif Aksoy,customer05386@example.com,Erzincan,0
5387,Burak Şahin,customer05387@example.com,Hakkari,0
5388,Burak Doğan,customer05388@example.com,Van,0
5389,Mert Kılıç,customer05389@example.com,Aksaray,0
5390,Arda Şahin,customer05390@example.com,Kırklareli,0
5391,Derya Tekin,customer05391@example.com,Gaziantep,0
5392,Hakan Çelik,customer05392@example.com,Konya,0
5393,Yusuf Aydın,customer05393@example.com,Niğde,0
5394,Ece Yıldız,customer05394@example.com,Diyarbakır,0
5395,Barış Yıldız,customer05395@example.com,Konya,0
5396,Serkan Polat,customer05396@example.com,Yalova,0
5397,Ece Kurt,customer05397@example.com,İzmir,0
5398,Can Arslan,customer05398@example.com,Trabzon,0
5399,Derya Doğan,customer05399@example.com,Muğla,0
5400,Emre Doğan,customer05400@example.com,Kütahya,0
5401,Fatma Aslan,customer05401@example.com,Kocaeli,0
5402,Kaan Doğan,customer05402@example.com,Samsun,0
5403,Hakan Koç,customer05403@example.com,Sakarya,0
5404,Ahmet Koç,customer05404@example.com,Artvin,0
5405,Furkan Aslan,customer05405@example.com,Çankırı,0
5406,Kaan Arslan,customer05406@example.com,Afyonkarahisar,0
5407,Ceren Aydın,customer05407@example.com,Gaziantep,0
5408,Zeynep Arslan,customer05408@example.com,Kayseri,0
5409,Ceren Aslan,customer05409@example.com,Ağrı,0
5410,Ömer Kurt,customer05410@example.com,Muş,0
5411,Ömer Aksoy,customer05411@example.com,Batman,0
5412,Fatma Aydın,customer05412@example.com,Giresun,0
5413,Barış Erdoğan,customer05413@example.com,Sinop,0
5414,Buse Arslan,customer05414@example.com,Bolu,0
5415,Mustafa Öztürk,customer05415@example.com,Diyarbakır,0
5416,Ömer Polat,customer05416@example.com,Iğdır,0
5417,Arda Kaya,customer05417@example.com,Nevşehir,0
5418,Ayşe Polat,customer05418@example.com,Isparta,0
5419,Eren Tekin,customer05419@example.com,Iğdır,0
5420,Berk Kaya,customer05420@example.com,Bitlis,0
5421,Mehmet Kılıç,customer05421@example.com,Kars,0
5422,Onur Aslan,customer05422@example.com,Sinop,0
5423,Derya Doğan,customer05423@example.com,Burdur,0
5424,Arda Çelik,customer05424@example.com,Balıkesir,0
5425,Ömer Kurt,customer05425@example.com,Denizli,0
5426,Buse Çelik,customer05426@example.com,Iğdır,0
5427,Mert Güneş,customer05427@example.com,Eskişehir,0
5428,Onur Demir,customer05428@example.com,Sinop,0
5429,Can Kılıç,customer05429@example.com,Bartın,0
5430,Onur Arslan,customer05430@example.com,Batman,0
5431,Serkan Doğan,customer05431@example.com,Afyonkarahisar,0
5432,Emre Demir,customer05432@example.com,Kocaeli,0
5433,Buse Aslan,customer05433@example.com,Sivas,0
5434,Fatma Aydın,customer05434@example.com,Erzincan,0
5435,Ömer Özdemir,customer05435@example.com,Hakkari,0
5436,Kaan Aslan,customer05436@example.com,Kütahya,0
5437,Burak Arslan,customer05437@example.com,Mersin,0
5438,Barış Yılmaz,customer05438@example.com,Çankırı,0
5439,Ali Kurt,customer05439@example.com,Samsun,0
5440,Berk Polat,customer05440@example.com,Antalya,0
5441,Ceren Erdoğan,customer05441@example.com,Artvin,0
5442,Derya Erdoğan,customer05442@example.com,Muğla,0
5443,Ahmet Güneş,customer05443@example.com,Siirt,0
5444,Mehmet Erdoğan,customer05444@example.com,Konya,0
5445,Ece Aksoy,customer05445@example.com,Şanlıurfa,0
5446,Mert Güneş,customer05446@example.com,Kütahya,0
5447,Elif Demir,customer05447@example.com,Balıkesir,0
5448,Hakan Demir,customer05448@example.com,Batman,0
5449,Seda Şahin,customer05449@example.com,Bayburt,0
5450,Yusuf Erdoğan,customer05450@example.com,Bingöl,0
5451,Hakan Özdemir,customer05451@example.com,Kilis,0
5452,Elif Aydın,customer05452@example.com,Balıkesir,0
5453,Seda Kurt,customer05453@example.com,Kars,0
5454,Kaan Özdemir,customer05454@example.com,Denizli,0
5455,Elif Kılıç,customer05455@example.com,Balıkesir,0
5456,Yusuf Güneş,customer05456@example.com,Malatya,0
5457,Kaan Erdoğan,customer05457@example.com,Siirt,0
5458,Melis Yılmaz,customer05458@example.com,Ordu,0
5459,Hakan Doğan,customer05459@example.com,Adana,0
5460,Barış Koç,customer05460@example.com,Afyonkarahisar,0
5461,Ahmet Öztürk,customer05461@example.com,Konya,0
5462,Furkan Çelik,customer05462@example.com,İstanbul,0
5463,Buse Öztürk,customer05463@example.com,Ardahan,0
5464,Zeynep Kılıç,customer05464@example.com,Bayburt,0
5465,Kaan Aydın,customer05465@example.com,Bartın,0
5466,Derya Aslan,customer05466@example.com,Bartın,0
5467,Emre Aydın,customer05467@example.com,Çorum,0
5468,Burak Doğan,customer05468@example.com,Erzincan,0
5469,Ali Yılmaz,customer05469@example.com,Bayburt,0
5470,Barış Kaya,customer05470@example.com,Çanakkale,0
5471,Onur Aslan,customer05471@example.com,Aydın,0
5472,Ömer Kılıç,customer05472@example.com,Hakkari,0
5473,Zeynep Aydın,customer05473@example.com,Eskişehir,0
5474,Mert Yıldız,customer05474@example.com,Samsun,0
5475,Eren Öztürk,customer05475@example.com,Giresun,0
5476,Seda Aslan,customer05476@example.com,Ağrı,0
5477,Emre Özdemir,customer05477@example.com,Bursa,0
5478,Ceren Koç,customer05478@example.com,Ağrı,0
5479,Kaan Aydın,customer05479@example.com,Muş,0
5480,Mehmet Özdemir,customer05480@example.com,Sinop,0
5481,Berk Aydın,customer05481@example.com,Gaziantep,0
5482,Seda Koç,customer05482@example.com,Iğdır,0
5483,Ceren Şahin,customer05483@example.com,Bingöl,0
5484,Yusuf Erdoğan,customer05484@example.com,Ardahan,0
5485,Fatma Erdoğan,customer05485@example.com,Bursa,0
5486,Yusuf Aydın,customer05486@example.com,Bursa,0
5487,Arda Tekin,customer05487@example.com,Kahramanmaraş,0
5488,Fatma Kılıç,customer05488@example.com,Sakarya,0
5489,Burak Aydın,customer05489@example.com,Bingöl,0
5490,Ece Erdoğan,customer05490@example.com,Mardin,0
5491,Arda Arslan,customer05491@example.com,Yozgat,0
5492,Ali Özdemir,customer05492@example.com,Afyonkarahisar,0
5493,Ahmet Koç,customer05493@example.com,Sakarya,0
5494,Berk Şahin,customer05494@example.com,Kahramanmaraş,0
5495,Kerem Doğan,customer05495@example.com,Aydın,0
5496,Furkan Doğan,customer05496@example.com,Hakkari,0
5497,Ayşe Demir,customer05497@example.com,Nevşehir,0
5498,Melis Polat,customer05498@example.com,Afyonkarahisar,0
5499,Eren Kılıç,customer05499@example.com,Ankara,0
5500,Emre Öztürk,customer05500@example.com,Elazığ,0
5501,Hakan Yılmaz,customer05501@example.com,Çanakkale,0
5502,Serkan Çelik,customer05502@example.com,Çankırı,0
5503,Ayşe Polat,customer05503@example.com,Amasya,0
5504,Mehmet Tekin,customer05504@example.com,Gaziantep,0
5505,Buse Doğan,customer05505@example.com,Muğla,0
5506,Barış Kurt,customer05506@example.com,Diyarbakır,0
5507,Furkan Yıldız,customer05507@example.com,Elazığ,0
5508,Derya Erdoğan,customer05508@example.com,Denizli,0
5509,Fatma Yıldız,customer05509@example.com,Mardin,0
5510,Melis Şahin,customer05510@example.com,Diyarbakır,0
5511,Ahmet Polat,customer05511@example.com,Gaziantep,0
5512,Mert Koç,customer05512@example.com,Düzce,0
5513,Kerem Arslan,customer05513@example.com,Osmaniye,0
5514,Ömer Yılmaz,customer05514@example.com,Ağrı,0
5515,Ömer Yılmaz,customer05515@example.com,Trabzon,0
5516,Mehmet Çelik,customer05516@example.com,Rize,0
5517,Mehmet Aksoy,customer05517@example.com,Muş,0
5518,Seda Tekin,customer05518@example.com,Aksaray,0
5519,Yusuf Yıldız,customer05519@example.com,Bitlis,0
5520,Ahmet Aslan,customer05520@example.com,Gümüşhane,0
5521,Mustafa Kurt,customer05521@example.com,Aydın,0
5522,Ali Polat,customer05522@example.com,Tokat,0
5523,Furkan Aksoy,customer05523@example.com,Sinop,0
5524,Emre Tekin,customer05524@example.com,Adana,0
5525,Mert Polat,customer05525@example.com,Trabzon,0
5526,Melis Arslan,customer05526@example.com,Çanakkale,0
5527,Ömer Aksoy,customer05527@example.com,Mardin,0
5528,Barış Şahin,customer05528@example.com,Tunceli,0
5529,Arda Güneş,customer05529@example.com,Eskişehir,0
5530,Emre Öztürk,customer05530@example.com,Yozgat,0
5531,Emre Çelik,customer05531@example.com,Gümüşhane,0
5532,Zeynep Demir,customer05532@example.com,Bitlis,0
5533,Ayşe Koç,customer05533@example.com,Kastamonu,0
5534,Melis Tekin,customer05534@example.com,Bolu,0
5535,Can Öztürk,customer05535@example.com,Mersin,0
5536,Yusuf Doğan,customer05536@example.com,Kütahya,0
5537,Ayşe Özdemir,customer05537@example.com,Iğdır,0
5538,Serkan Erdoğan,customer05538@example.com,Bartın,0
5539,Melis Arslan,customer05539@example.com,Çanakkale,0
5540,Ömer Kurt,customer05540@example.com,Muğla,0
5541,Zeynep Çelik,customer05541@example.com,Ardahan,0
5542,Fatma Kaya,customer05542@example.com,Nevşehir,0
5543,Elif Kaya,customer05543@example.com,Eskişehir,0
5544,Yusuf Yılmaz,customer05544@example.com,Çorum,0
5545,Elif Kaya,customer05545@example.com,Hatay,0
5546,Yusuf Koç,customer05546@example.com,Konya,0
5547,Ahmet Güneş,customer05547@example.com,Tunceli,0
5548,Arda Aslan,customer05548@example.com,Erzurum,0
5549,Elif Güneş,customer05549@example.com,Ordu,0
5550,Kaan Aydın,customer05550@example.com,Tekirdağ,0
5551,Barış Arslan,customer05551@example.com,Karaman,0
5552,Kaan Şahin,customer05552@example.com,Kars,0
5553,Elif Erdoğan,customer05553@example.com,Malatya,0
5554,Ömer Yıldız,customer05554@example.com,Mersin,0
5555,Ömer Polat,customer05555@example.com,Kırıkkale,0
5556,Kaan Şahin,customer05556@example.com,Malatya,0
5557,Seda Erdoğan,customer05557@example.com,İstanbul,0
5558,Mustafa Aslan,customer05558@example.com,Samsun,0
5559,Elif Yılmaz,customer05559@example.com,Karaman,0
5560,Emre Şahin,customer05560@example.com,Hakkari,0
5561,Kaan Şahin,customer05561@example.com,Bursa,0
5562,Onur Doğan,customer05562@example.com,Çanakkale,0
5563,Buse Aslan,customer05563@example.com,Kırşehir,0
5564,Kaan Kurt,customer05564@example.com,Kırıkkale,0
5565,Mustafa Erdoğan,customer05565@example.com,Erzincan,0
5566,Berk Erdoğan,customer05566@example.com,Erzurum,0
5567,Emre Öztürk,customer05567@example.com,Afyonkarahisar,0
5568,Burak Aslan,customer05568@example.com,Aksaray,0
5569,Barış Çelik,customer05569@example.com,Şırnak,0
5570,Buse Erdoğan,customer05570@example.com,Aksaray,0
5571,Mehmet Aksoy,customer05571@example.com,Mardin,0
5572,Onur Öztürk,customer05572@example.com,Aksaray,0
5573,Yusuf Aslan,customer05573@example.com,Diyarbakır,0
5574,Ali Yıldız,customer05574@example.com,Osmaniye,0
5575,Can Çelik,customer05575@example.com,Karaman,0
5576,Barış Kurt,customer05576@example.com,Eskişehir,0
5577,Eren Kaya,customer05577@example.com,Ordu,0
5578,Mert Koç,customer05578@example.com,Zonguldak,0
5579,Furkan Polat,customer05579@example.com,Tokat,0
5580,Ömer Çelik,customer05580@example.com,Kırklareli,0
5581,Ahmet Demir,customer05581@example.com,Mersin,0
5582,Ayşe Aksoy,customer05582@example.com,Kırşehir,0
5583,Burak Tekin,customer05583@example.com,Yalova,0
5584,Mustafa Kaya,customer05584@example.com,Rize,0
5585,Emre Çelik,customer05585@example.com,Tunceli,0
5586,Ceren Yıldız,customer05586@example.com,Isparta,0
5587,Berk Yıldız,customer05587@example.com,Sakarya,0
5588,Berk Güneş,customer05588@example.com,Erzurum,0
5589,Can Aslan,customer05589@example.com,Balıkesir,0
5590,Can Arslan,customer05590@example.com,Çankırı,0
5591,Melis Koç,customer05591@example.com,Bursa,0
5592,Fatma Güneş,customer05592@example.com,Denizli,0
5593,Burak Özdemir,customer05593@example.com,Çorum,0
5594,Zeynep Arslan,customer05594@example.com,Konya,0
5595,Ahmet Şahin,customer05595@example.com,Zonguldak,0
5596,Mert Erdoğan,customer05596@example.com,Bolu,0
5597,Seda Tekin,customer05597@example.com,Trabzon,0
5598,Can Özdemir,customer05598@example.com,Kırklareli,0
5599,Ceren Şahin,customer05599@example.com,Karaman,0
5600,Fatma Tekin,customer05600@example.com,Tekirdağ,0
5601,Emre Demir,customer05601@example.com,Malatya,0
5602,Melis Arslan,customer05602@example.com,Ankara,0
5603,Berk Arslan,customer05603@example.com,Burdur,0
5604,Elif Özdemir,customer05604@example.com,Samsun,0
5605,Hakan Yıldız,customer05605@example.com,Şanlıurfa,0
5606,Seda Doğan,customer05606@example.com,Gümüşhane,0
5607,Serkan Şahin,customer05607@example.com,Bingöl,0
5608,Fatma Tekin,customer05608@example.com,Yalova,0
5609,Buse Aslan,customer05609@example.com,Hatay,0
5610,Buse Polat,customer05610@example.com,Siirt,0
5611,Furkan Kaya,customer05611@example.com,Bolu,0
5612,Buse Arslan,customer05612@example.com,Kars,0
5613,Melis Arslan,customer05613@example.com,Yozgat,0
5614,Ömer Kurt,customer05614@example.com,Mersin,0
5615,Kerem Demir,customer05615@example.com,Adıyaman,0
5616,Ali Polat,customer05616@example.com,Isparta,0
5617,Hakan Polat,customer05617@example.com,Gümüşhane,0
5618,Hakan Kurt,customer05618@example.com,İzmir,0
5619,Ali Polat,customer05619@example.com,Batman,0
5620,Barış Güneş,customer05620@example.com,Muş,0
5621,Barış Erdoğan,customer05621@example.com,Muş,0
5622,Mehmet Tekin,customer05622@example.com,Bolu,0
5623,Hakan Şahin,customer05623@example.com,Bartın,0
5624,Ali Şahin,customer05624@example.com,Hatay,0
5625,Kerem Güneş,customer05625@example.com,Karabük,0
5626,Furkan Koç,customer05626@example.com,Ankara,0
5627,Kerem Özdemir,customer05627@example.com,Tekirdağ,0
5628,Hakan Erdoğan,customer05628@example.com,Amasya,0
5629,Berk Kurt,customer05629@example.com,Ağrı,0
5630,Burak Güneş,customer05630@example.com,Erzincan,0
5631,Ahmet Kılıç,customer05631@example.com,Bitlis,0
5632,Mert Kurt,customer05632@example.com,Ağrı,0
5633,Fatma Özdemir,customer05633@example.com,Mersin,0
5634,Kerem Aslan,customer05634@example.com,Kahramanmaraş,0
5635,Can Arslan,customer05635@example.com,Sivas,0
5636,Ece Kaya,customer05636@example.com,Konya,0
5637,Kaan Arslan,customer05637@example.com,Diyarbakır,0
5638,Burak Aksoy,customer05638@example.com,Kırıkkale,0
5639,Elif Kılıç,customer05639@example.com,Ordu,0
5640,Seda Aslan,customer05640@example.com,Elazığ,0
5641,Buse Polat,customer05641@example.com,Bingöl,0
5642,Ömer Aslan,customer05642@example.com,Kilis,0
5643,Onur Öztürk,customer05643@example.com,Kocaeli,0
5644,Ceren Doğan,customer05644@example.com,Bitlis,0
5645,Derya Demir,customer05645@example.com,Ordu,0
5646,Ömer Tekin,customer05646@example.com,Uşak,0
5647,Elif Yıldız,customer05647@example.com,Muş,0
5648,Burak Arslan,customer05648@example.com,Şanlıurfa,0
5649,Kerem Kılıç,customer05649@example.com,Sinop,0
5650,Melis Aslan,customer05650@example.com,Diyarbakır,0
5651,Yusuf Kılıç,customer05651@example.com,Afyonkarahisar,0
5652,Ali Aydın,customer05652@example.com,Ardahan,0
5653,Mert Erdoğan,customer05653@example.com,Batman,0
5654,Mert Aksoy,customer05654@example.com,Bayburt,0
5655,Yusuf Koç,customer05655@example.com,Osmaniye,0
5656,Ayşe Demir,customer05656@example.com,Eskişehir,0
5657,Mustafa Demir,customer05657@example.com,Yalova,0
5658,Derya Koç,customer05658@example.com,İstanbul,0
5659,Emre Kılıç,customer05659@example.com,Bayburt,0
5660,Kerem Koç,customer05660@example.com,Çankırı,0
5661,Derya Koç,customer05661@example.com,Bolu,0
5662,Buse Doğan,customer05662@example.com,Kilis,0
5663,Hakan Demir,customer05663@example.com,Konya,0
5664,Can Özdemir,customer05664@example.com,Ankara,0
5665,Can Aksoy,customer05665@example.com,Denizli,0
5666,Zeynep Arslan,customer05666@example.com,Ağrı,0
5667,Arda Öztürk,customer05667@example.com,Gümüşhane,0
5668,Can Öztürk,customer05668@example.com,Sinop,0
5669,Elif Aydın,customer05669@example.com,Çorum,0
5670,Ahmet Doğan,customer05670@example.com,Isparta,0
5671,Ahmet Tekin,customer05671@example.com,Tunceli,0
5672,Ceren Özdemir,customer05672@example.com,Sakarya,0
5673,Onur Aksoy,customer05673@example.com,Şırnak,0
5674,Burak Kurt,customer05674@example.com,Erzincan,0
5675,Buse Erdoğan,customer05675@example.com,Ardahan,0
5676,Berk Güneş,customer05676@example.com,Nevşehir,0
5677,Fatma Arslan,customer05677@example.com,Mardin,0
5678,Ece Arslan,customer05678@example.com,Siirt,0
5679,Kerem Aslan,customer05679@example.com,Hatay,0
5680,Ömer Aksoy,customer05680@example.com,Kahramanmaraş,0
5681,Mustafa Çelik,customer05681@example.com,Konya,0
5682,Buse Öztürk,customer05682@example.com,Bayburt,0
5683,Hakan Çelik,customer05683@example.com,Bitlis,0
5684,Derya Erdoğan,customer05684@example.com,Trabzon,0
5685,Onur Kılıç,customer05685@example.com,Bolu,0
5686,Ece Tekin,customer05686@example.com,Hakkari,0
5687,Fatma Aslan,customer05687@example.com,Kırıkkale,0
5688,Ceren Öztürk,customer05688@example.com,Tokat,0
5689,Eren Güneş,customer05689@example.com,Antalya,0
5690,Kaan Tekin,customer05690@example.com,Sinop,0
5691,Arda Güneş,customer05691@example.com,Siirt,0
5692,Mustafa Yıldız,customer05692@example.com,Afyonkarahisar,0
5693,Onur Özdemir,customer05693@example.com,Batman,0
5694,Elif Kaya,customer05694@example.com,Manisa,0
5695,Arda Çelik,customer05695@example.com,Aydın,0
5696,Zeynep Aslan,customer05696@example.com,Aydın,0
5697,Fatma Arslan,customer05697@example.com,Şırnak,0
5698,Eren Yılmaz,customer05698@example.com,Yalova,0
5699,Arda Kurt,customer05699@example.com,Çankırı,0
5700,Berk Aydın,customer05700@example.com,Sivas,0
5701,Mert Aksoy,customer05701@example.com,Kırklareli,0
5702,Ömer Öztürk,customer05702@example.com,Şırnak,0
5703,Ece Erdoğan,customer05703@example.com,Rize,0
5704,Emre Aksoy,customer05704@example.com,Iğdır,0
5705,Ömer Yılmaz,customer05705@example.com,Kilis,0
5706,Mehmet Aslan,customer05706@example.com,Iğdır,0
5707,Ali Demir,customer05707@example.com,Kilis,0
5708,Mustafa Erdoğan,customer05708@example.com,Rize,0
5709,Fatma Yıldız,customer05709@example.com,Erzurum,0
5710,Can Tekin,customer05710@example.com,Elazığ,0
5711,Ceren Yıldız,customer05711@example.com,Ağrı,0
5712,Elif Polat,customer05712@example.com,Bursa,0
5713,Ömer Demir,customer05713@example.com,Bitlis,0
5714,Berk Güneş,customer05714@example.com,Nevşehir,0
5715,Ece Kurt,customer05715@example.com,Muş,0
5716,Ayşe Polat,customer05716@example.com,Çankırı,0
5717,Buse Kılıç,customer05717@example.com,Erzincan,0
5718,Ali Doğan,customer05718@example.com,Kahramanmaraş,0
5719,Yusuf Kurt,customer05719@example.com,Mersin,0
5720,Arda Demir,customer05720@example.com,Erzincan,0
5721,Eren Koç,customer05721@example.com,Eskişehir,0
5722,Can Aslan,customer05722@example.com,Bilecik,0
5723,Ömer Özdemir,customer05723@example.com,Bitlis,0
5724,Serkan Arslan,customer05724@example.com,Afyonkarahisar,0
5725,Melis Tekin,customer05725@example.com,Artvin,0
5726,Onur Kaya,customer05726@example.com,Muğla,0
5727,Ali Yıldız,customer05727@example.com,Adana,0
5728,Serkan Yılmaz,customer05728@example.com,Adana,0
5729,Ömer Koç,customer05729@example.com,Kırşehir,0
5730,Ahmet Güneş,customer05730@example.com,Şırnak,0
5731,Kerem Demir,customer05731@example.com,Elazığ,0
5732,Burak Tekin,customer05732@example.com,Uşak,0
5733,Yusuf Aksoy,customer05733@example.com,Giresun,0
5734,Kerem Şahin,customer05734@example.com,Denizli,0
5735,Barış Aslan,customer05735@example.com,Bartın,0
5736,Yusuf Özdemir,customer05736@example.com,Elazığ,0
5737,Serkan Çelik,customer05737@example.com,Sinop,0
5738,Ahmet Tekin,customer05738@example.com,Amasya,0
5739,Derya Aksoy,customer05739@example.com,Bursa,0
5740,Ece Doğan,customer05740@example.com,Kayseri,0
5741,Ali Aslan,customer05741@example.com,Erzincan,0
5742,Hakan Erdoğan,customer05742@example.com,Edirne,0
5743,Melis Şahin,customer05743@example.com,Uşak,0
5744,Burak Tekin,customer05744@example.com,Denizli,0
5745,Barış Kılıç,customer05745@example.com,Tekirdağ,0
5746,Derya Aksoy,customer05746@example.com,Nevşehir,0
5747,Ece Özdemir,customer05747@example.com,Burdur,0
5748,Zeynep Aksoy,customer05748@example.com,Aydın,0
5749,Ömer Öztürk,customer05749@example.com,Mardin,0
5750,Emre Öztürk,customer05750@example.com,Şanlıurfa,0
5751,Burak Koç,customer05751@example.com,Ankara,0
5752,Kerem Kaya,customer05752@example.com,Tunceli,0
5753,Ece Güneş,customer05753@example.com,Bitlis,0
5754,Buse Erdoğan,customer05754@example.com,Bingöl,0
5755,Zeynep Kılıç,customer05755@example.com,Aksaray,0
5756,Hakan Güneş,customer05756@example.com,Bayburt,0
5757,Serkan Koç,customer05757@example.com,Karaman,0
5758,Elif Aydın,customer05758@example.com,Kastamonu,0
5759,Ömer Çelik,customer05759@example.com,Sivas,0
5760,Seda Aydın,customer05760@example.com,Kayseri,0
5761,Elif Kurt,customer05761@example.com,Ordu,0
5762,Furkan Koç,customer05762@example.com,Bilecik,0
5763,Arda Yılmaz,customer05763@example.com,Şanlıurfa,0
5764,Ali Kılıç,customer05764@example.com,Batman,0
5765,Arda Tekin,customer05765@example.com,Nevşehir,0
5766,Mert Polat,customer05766@example.com,Kastamonu,0
5767,Seda Kaya,customer05767@example.com,Aksaray,0
5768,Ceren Kaya,customer05768@example.com,Erzurum,0
5769,Mustafa Doğan,customer05769@example.com,Iğdır,0
5770,Fatma Güneş,customer05770@example.com,Karaman,0
5771,Yusuf Kılıç,customer05771@example.com,Antalya,0
5772,Onur Yılmaz,customer05772@example.com,Antalya,0
5773,Mert Koç,customer05773@example.com,Erzurum,0
5774,Kerem Aksoy,customer05774@example.com,Antalya,0
5775,Ceren Kurt,customer05775@example.com,Yozgat,0
5776,Serkan Yıldız,customer05776@example.com,Yozgat,0
5777,Kerem Kaya,customer05777@example.com,Giresun,0
5778,Ali Özdemir,customer05778@example.com,Erzincan,0
5779,Melis Öztürk,customer05779@example.com,Kocaeli,0
5780,Mustafa Aydın,customer05780@example.com,Uşak,0
5781,Burak Güneş,customer05781@example.com,Kilis,0
5782,Ahmet Kaya,customer05782@example.com,Muş,0
5783,Burak Şahin,customer05783@example.com,Kayseri,0
5784,Ahmet Öztürk,customer05784@example.com,Kütahya,0
5785,Yusuf Koç,customer05785@example.com,Hakkari,0
5786,Kerem Koç,customer05786@example.com,Ankara,0
5787,Emre Çelik,customer05787@example.com,Yalova,0
5788,Can Tekin,customer05788@example.com,İstanbul,0
5789,Melis Kurt,customer05789@example.com,Bartın,0
5790,Ayşe Doğan,customer05790@example.com,Gaziantep,0
5791,Melis Arslan,customer05791@example.com,Rize,0
5792,Ayşe Yılmaz,customer05792@example.com,Sakarya,0
5793,Ceren Kurt,customer05793@example.com,Muş,0
5794,Eren Aydın,customer05794@example.com,Şanlıurfa,0
5795,Eren Tekin,customer05795@example.com,Adıyaman,0
5796,Elif Koç,customer05796@example.com,Ankara,0
5797,Ayşe Özdemir,customer05797@example.com,Çanakkale,0
5798,Zeynep Öztürk,customer05798@example.com,Balıkesir,0
5799,Elif Şahin,customer05799@example.com,Burdur,0
5800,Yusuf Polat,customer05800@example.com,Aydın,0
5801,Yusuf Aksoy,customer05801@example.com,Konya,0
5802,Yusuf Arslan,customer05802@example.com,Niğde,0
5803,Mert Aksoy,customer05803@example.com,Kastamonu,0
5804,Mert Güneş,customer05804@example.com,İstanbul,0
5805,Ali Şahin,customer05805@example.com,Niğde,0
5806,Ceren Aydın,customer05806@example.com,Bingöl,0
5807,Onur Polat,customer05807@example.com,Eskişehir,0
5808,Emre Erdoğan,customer05808@example.com,Amasya,0
5809,Arda Polat,customer05809@example.com,Bolu,0
5810,Ali Öztürk,customer05810@example.com,Amasya,0
5811,Ceren Koç,customer05811@example.com,Erzincan,0
5812,Mustafa Demir,customer05812@example.com,Hatay,0
5813,Furkan Tekin,customer05813@example.com,Muğla,0
5814,Kaan Çelik,customer05814@example.com,Sinop,0
5815,Barış Kaya,customer05815@example.com,Van,0
5816,Seda Aydın,customer05816@example.com,Gaziantep,0
5817,Fatma Kılıç,customer05817@example.com,Ankara,0
5818,Hakan Yılmaz,customer05818@example.com,Denizli,0
5819,Ömer Arslan,customer05819@example.com,Elazığ,0
5820,Kerem Özdemir,customer05820@example.com,Eskişehir,0
5821,Melis Kaya,customer05821@example.com,Niğde,0
5822,Berk Çelik,customer05822@example.com,Kayseri,0
5823,Serkan Demir,customer05823@example.com,Gümüşhane,0
5824,Yusuf Aydın,customer05824@example.com,Kütahya,0
5825,Zeynep Özdemir,customer05825@example.com,Ağrı,0
5826,Buse Özdemir,customer05826@example.com,Aydın,0
5827,Ceren Öztürk,customer05827@example.com,Karabük,0
5828,Serkan Doğan,customer05828@example.com,Batman,0
5829,Yusuf Çelik,customer05829@example.com,Kırıkkale,0
5830,Ömer Kaya,customer05830@example.com,Burdur,0
5831,Zeynep Demir,customer05831@example.com,Rize,0
5832,Serkan Aksoy,customer05832@example.com,Afyonkarahisar,0
5833,Barış Yıldız,customer05833@example.com,Konya,0
5834,Kerem Kaya,customer05834@example.com,Çorum,0
5835,Melis Şahin,customer05835@example.com,Hakkari,0
5836,Ahmet Koç,customer05836@example.com,Adana,0
5837,Hakan Kaya,customer05837@example.com,Nevşehir,0
5838,Seda Güneş,customer05838@example.com,Bursa,0
5839,Buse Öztürk,customer05839@example.com,Düzce,0
5840,Mehmet Güneş,customer05840@example.com,Karaman,0
5841,Mustafa Yılmaz,customer05841@example.com,Trabzon,0
5842,Derya Güneş,customer05842@example.com,Nevşehir,0
5843,Mert Tekin,customer05843@example.com,Nevşehir,0
5844,Kaan Öztürk,customer05844@example.com,Şanlıurfa,0
5845,Barış Arslan,customer05845@example.com,Manisa,0
5846,Elif Özdemir,customer05846@example.com,Tunceli,0
5847,Derya Çelik,customer05847@example.com,Tekirdağ,0
5848,Onur Aslan,customer05848@example.com,Gümüşhane,0
5849,Emre Doğan,customer05849@example.com,Elazığ,0
5850,Berk Arslan,customer05850@example.com,Diyarbakır,0
5851,Kerem Yılmaz,customer05851@example.com,Siirt,0
5852,Ece Doğan,customer05852@example.com,Çorum,0
5853,Mehmet Özdemir,customer05853@example.com,Rize,0
5854,Ayşe Aksoy,customer05854@example.com,Hakkari,0
5855,Berk Çelik,customer05855@example.com,Düzce,0
5856,Kerem Aydın,customer05856@example.com,Ordu,0
5857,Furkan Kurt,customer05857@example.com,Tekirdağ,0
5858,Fatma Özdemir,customer05858@example.com,Sinop,0
5859,Berk Özdemir,customer05859@example.com,Mardin,0
5860,Ömer Kılıç,customer05860@example.com,Ordu,0
5861,Emre Erdoğan,customer05861@example.com,Gaziantep,0
5862,Can Aydın,customer05862@example.com,Erzurum,0
5863,Hakan Aydın,customer05863@example.com,Osmaniye,0
5864,Kerem Özdemir,customer05864@example.com,Kırıkkale,0
5865,Buse Kurt,customer05865@example.com,Muğla,0
5866,Elif Doğan,customer05866@example.com,Giresun,0
5867,Berk Çelik,customer05867@example.com,Trabzon,0
5868,Ali Aksoy,customer05868@example.com,Sivas,0
5869,Mert Tekin,customer05869@example.com,Rize,0
5870,Mehmet Aydın,customer05870@example.com,Giresun,0
5871,Ömer Aksoy,customer05871@example.com,Diyarbakır,0
5872,Zeynep Koç,customer05872@example.com,Zonguldak,0
5873,Furkan Yıldız,customer05873@example.com,Sinop,0
5874,Ahmet Aydın,customer05874@example.com,Nevşehir,0
5875,Hakan Yıldız,customer05875@example.com,İzmir,0
5876,Fatma Güneş,customer05876@example.com,Denizli,0
5877,Elif Koç,customer05877@example.com,Bartın,0
5878,Ece Aydın,customer05878@example.com,Denizli,0
5879,Furkan Kılıç,customer05879@example.com,Tokat,0
5880,Can Çelik,customer05880@example.com,Şanlıurfa,0
5881,Ömer Tekin,customer05881@example.com,Kilis,0
5882,Serkan Kaya,customer05882@example.com,Bitlis,0
5883,Ece Demir,customer05883@example.com,Bilecik,0
5884,Ahmet Yılmaz,customer05884@example.com,Antalya,0
5885,Ömer Demir,customer05885@example.com,Kocaeli,0
5886,Derya Aslan,customer05886@example.com,Eskişehir,0
5887,Fatma Çelik,customer05887@example.com,Giresun,0
5888,Mert Demir,customer05888@example.com,Mardin,0
5889,Barış Kılıç,customer05889@example.com,Ardahan,0
5890,Melis Özdemir,customer05890@example.com,Trabzon,0
5891,Ömer Yıldız,customer05891@example.com,Kayseri,0
5892,Mert Şahin,customer05892@example.com,Batman,0
5893,Yusuf Çelik,customer05893@example.com,Diyarbakır,0
5894,Furkan Şahin,customer05894@example.com,Bayburt,0
5895,Derya Tekin,customer05895@example.com,Rize,0
5896,Yusuf Aksoy,customer05896@example.com,Kırıkkale,0
5897,Elif Polat,customer05897@example.com,Kars,0
5898,Ayşe Öztürk,customer05898@example.com,Burdur,0
5899,Zeynep Çelik,customer05899@example.com,Sinop,0
5900,Ali Kaya,customer05900@example.com,Çankırı,0
5901,Melis Koç,customer05901@example.com,Trabzon,0
5902,Berk Polat,customer05902@example.com,Edirne,0
5903,Seda Yılmaz,customer05903@example.com,Iğdır,0
5904,Ayşe Aslan,customer05904@example.com,Sinop,0
5905,Hakan Güneş,customer05905@example.com,Erzincan,0
5906,Kaan Yılmaz,customer05906@example.com,Şanlıurfa,0
5907,Zeynep Güneş,customer05907@example.com,Manisa,0
5908,Melis Kılıç,customer05908@example.com,Bilecik,0
5909,Melis Aslan,customer05909@example.com,Aydın,0
5910,Yusuf Çelik,customer05910@example.com,Osmaniye,0
5911,Mert Koç,customer05911@example.com,Denizli,0
5912,Ali Aydın,customer05912@example.com,Konya,0
5913,Mert Demir,customer05913@example.com,Kahramanmaraş,0
5914,Barış Polat,customer05914@example.com,Afyonkarahisar,0
5915,Barış Güneş,customer05915@example.com,Sakarya,0
5916,Yusuf Aslan,customer05916@example.com,Mersin,0
5917,Burak Erdoğan,customer05917@example.com,Kars,0
5918,Serkan Yılmaz,customer05918@example.com,Şanlıurfa,0
5919,Ömer Yıldız,customer05919@example.com,Antalya,0
5920,Elif Öztürk,customer05920@example.com,Kırşehir,0
5921,Eren Özdemir,customer05921@example.com,Siirt,0
5922,Ömer Kaya,customer05922@example.com,İzmir,0
5923,Fatma Özdemir,customer05923@example.com,Bilecik,0
5924,Ömer Aksoy,customer05924@example.com,Amasya,0
5925,Emre Tekin,customer05925@example.com,Adıyaman,0
5926,Fatma Güneş,customer05926@example.com,Afyonkarahisar,0
5927,Mert Koç,customer05927@example.com,Eskişehir,0
5928,Melis Polat,customer05928@example.com,Muş,0
5929,Berk Kaya,customer05929@example.com,İzmir,0
5930,Ayşe Koç,customer05930@example.com,Kütahya,0
5931,Kerem Erdoğan,customer05931@example.com,Samsun,0
5932,Furkan Kılıç,customer05932@example.com,Çanakkale,0
5933,Kerem Arslan,customer05933@example.com,Kırıkkale,0
5934,Burak Polat,customer05934@example.com,Kastamonu,0
5935,Eren Demir,customer05935@example.com,Sivas,0
5936,Derya Demir,customer05936@example.com,Kocaeli,0
5937,Buse Erdoğan,customer05937@example.com,Burdur,0
5938,Ahmet Çelik,customer05938@example.com,Bolu,0
5939,Can Demir,customer05939@example.com,Elazığ,0
5940,Kerem Demir,customer05940@example.com,Denizli,0
5941,Hakan Öztürk,customer05941@example.com,Bingöl,0
5942,Buse Demir,customer05942@example.com,Adıyaman,0
5943,Fatma Yılmaz,customer05943@example.com,Malatya,0
5944,Buse Tekin,customer05944@example.com,Balıkesir,0
5945,Emre Güneş,customer05945@example.com,Düzce,0
5946,Buse Özdemir,customer05946@example.com,Düzce,0
5947,Buse Kılıç,customer05947@example.com,Bolu,0
5948,Barış Şahin,customer05948@example.com,Artvin,0
5949,Ayşe Çelik,customer05949@example.com,Eskişehir,0
5950,Derya Demir,customer05950@example.com,Erzincan,0
5951,Mustafa Demir,customer05951@example.com,Adana,0
5952,Furkan Öztürk,customer05952@example.com,Gaziantep,0
5953,Mehmet Demir,customer05953@example.com,Nevşehir,0
5954,Ömer Erdoğan,customer05954@example.com,Erzurum,0
5955,Arda Aydın,customer05955@example.com,Uşak,0
5956,Barış Yıldız,customer05956@example.com,Trabzon,0
5957,Mert Güneş,customer05957@example.com,Artvin,0
5958,Kaan Yıldız,customer05958@example.com,Van,0
5959,Ahmet Demir,customer05959@example.com,Elazığ,0
5960,Burak Arslan,customer05960@example.com,Çorum,0
5961,Melis Aksoy,customer05961@example.com,Bartın,0
5962,Burak Şahin,customer05962@example.com,Balıkesir,0
5963,Burak Yıldız,customer05963@example.com,Konya,0
5964,Seda Öztürk,customer05964@example.com,Diyarbakır,0
5965,Berk Güneş,customer05965@example.com,Kayseri,0
5966,Barış Kurt,customer05966@example.com,Van,0
5967,Elif Doğan,customer05967@example.com,Giresun,0
5968,Furkan Arslan,customer05968@example.com,Manisa,0
5969,Fatma Öztürk,customer05969@example.com,Aksaray,0
5970,Ahmet Arslan,customer05970@example.com,Kastamonu,0
5971,Seda Yıldız,customer05971@example.com,Aydın,0
5972,Mehmet Demir,customer05972@example.com,Uşak,0
5973,Kerem Kaya,customer05973@example.com,Osmaniye,0
5974,Seda Kurt,customer05974@example.com,Bilecik,0
5975,Zeynep Özdemir,customer05975@example.com,Adıyaman,0
5976,Fatma Demir,customer05976@example.com,Kocaeli,0
5977,Hakan Aslan,customer05977@example.com,Karabük,0
5978,Zeynep Demir,customer05978@example.com,Şırnak,0
5979,Eren Kılıç,customer05979@example.com,Sivas,0
5980,Kerem Polat,customer05980@example.com,Muğla,0
5981,Arda Doğan,customer05981@example.com,Şanlıurfa,0
5982,Ömer Aksoy,customer05982@example.com,Erzurum,0
5983,Can Güneş,customer05983@example.com,Edirne,0
5984,Mehmet Aslan,customer05984@example.com,Rize,0
5985,Kaan Özdemir,customer05985@example.com,Konya,0
5986,Derya Koç,customer05986@example.com,Tokat,0
5987,Buse Özdemir,customer05987@example.com,Sivas,0
5988,Emre Çelik,customer05988@example.com,Nevşehir,0
5989,Furkan Yılmaz,customer05989@example.com,Çankırı,0
5990,Ece Kılıç,customer05990@example.com,Muş,0
5991,Buse Çelik,customer05991@example.com,Ordu,0
5992,Kerem Yılmaz,customer05992@example.com,Siirt,0
5993,Ece Yıldız,customer05993@example.com,Denizli,0
5994,Hakan Yıldız,customer05994@example.com,Giresun,0
5995,Ali Yılmaz,customer05995@example.com,Niğde,0
5996,Arda Çelik,customer05996@example.com,İzmir,0
5997,Ömer Aydın,customer05997@example.com,Afyonkarahisar,0
5998,Arda Koç,customer05998@example.com,Diyarbakır,0
5999,Mert Aksoy,customer05999@example.com,Kars,0
6000,Can Aydın,customer06000@example.com,Şanlıurfa,0
6001,Barış Polat,customer06001@example.com,Siirt,0
6002,Furkan Yıldız,customer06002@example.com,Şanlıurfa,0
6003,Zeynep Kaya,customer06003@example.com,Kahramanmaraş,0
6004,Ali Demir,customer06004@example.com,Konya,0
6005,Ayşe Polat,customer06005@example.com,Karabük,0
6006,Mert Çelik,customer06006@example.com,Hatay,0
6007,Serkan Polat,customer06007@example.com,Giresun,0
6008,Furkan Polat,customer06008@example.com,Adıyaman,0
6009,Mert Yıldız,customer06009@example.com,Malatya,0
6010,Elif Doğan,customer06010@example.com,Osmaniye,0
6011,Furkan Tekin,customer06011@example.com,Bursa,0
6012,Barış Çelik,customer06012@example.com,Aksaray,0
6013,Mert Kılıç,customer06013@example.com,Muğla,0
6014,Ece Çelik,customer06014@example.com,Muğla,0
6015,Hakan Polat,customer06015@example.com,Aydın,0
6016,Ahmet Özdemir,customer06016@example.com,Muğla,0
6017,Furkan Öztürk,customer06017@example.com,Gaziantep,0
6018,Ömer Öztürk,customer06018@example.com,Kocaeli,0
6019,Elif Polat,customer06019@example.com,Kars,0
6020,Onur Kılıç,customer06020@example.com,Bartın,0
6021,Ece Kılıç,customer06021@example.com,Erzurum,0
6022,Melis Çelik,customer06022@example.com,Konya,0
6023,Ece Güneş,customer06023@example.com,Hakkari,0
6024,Ayşe Güneş,customer06024@example.com,Kilis,0
6025,Can Öztürk,customer06025@example.com,Şanlıurfa,0
6026,Hakan Polat,customer06026@example.com,Afyonkarahisar,0
6027,Ömer Erdoğan,customer06027@example.com,Bitlis,0
6028,Berk Çelik,customer06028@example.com,Osmaniye,0
6029,Ömer Demir,customer06029@example.com,Aksaray,0
6030,Arda Özdemir,customer06030@example.com,Karabük,0
6031,Melis Arslan,customer06031@example.com,Aydın,0
6032,Kaan Koç,customer06032@example.com,Erzurum,0
6033,Ece Arslan,customer06033@example.com,Çorum,0
6034,Kerem Kaya,customer06034@example.com,Trabzon,0
6035,Can Öztürk,customer06035@example.com,Adana,0
6036,Ömer Aslan,customer06036@example.com,Osmaniye,0
6037,Arda Aksoy,customer06037@example.com,Çorum,0
6038,Ece Arslan,customer06038@example.com,Kocaeli,0
6039,Arda Kılıç,customer06039@example.com,Karabük,0
6040,Melis Aksoy,customer06040@example.com,Eskişehir,0
6041,Ceren Aydın,customer06041@example.com,Yalova,0
6042,Barış Şahin,customer06042@example.com,Kayseri,0
6043,Fatma Kaya,customer06043@example.com,Erzurum,0
6044,Serkan Erdoğan,customer06044@example.com,Kastamonu,0
6045,Can Koç,customer06045@example.com,Samsun,0
6046,Ayşe Yılmaz,customer06046@example.com,Kırklareli,0
6047,Eren Aydın,customer06047@example.com,Çorum,0
6048,Mert Yılmaz,customer06048@example.com,Ağrı,0
6049,Elif Kurt,customer06049@example.com,Bilecik,0
6050,Kerem Özdemir,customer06050@example.com,Çorum,0
6051,Kaan Koç,customer06051@example.com,Batman,0
6052,Yusuf Tekin,customer06052@example.com,Sinop,0
6053,Seda Kılıç,customer06053@example.com,Bolu,0
6054,Derya Arslan,customer06054@example.com,Tekirdağ,0
6055,Eren Aydın,customer06055@example.com,Karabük,0
6056,Kaan Doğan,customer06056@example.com,Diyarbakır,0
6057,Hakan Çelik,customer06057@example.com,Konya,0
6058,Ahmet Şahin,customer06058@example.com,Antalya,0
6059,Buse Kılıç,customer06059@example.com,Kırıkkale,0
6060,Arda Aslan,customer06060@example.com,Çorum,0
6061,Ömer Koç,customer06061@example.com,Kırıkkale,0
6062,Ahmet Kurt,customer06062@example.com,Konya,0
6063,Berk Yıldız,customer06063@example.com,Konya,0
6064,Barış Kaya,customer06064@example.com,Kastamonu,0
6065,Ömer Güneş,customer06065@example.com,Şırnak,0
6066,Mehmet Erdoğan,customer06066@example.com,Artvin,0
6067,Fatma Çelik,customer06067@example.com,Uşak,0
6068,Mustafa Demir,customer06068@example.com,Çankırı,0
6069,Emre Şahin,customer06069@example.com,Zonguldak,0
6070,Yusuf Öztürk,customer06070@example.com,Bingöl,0
6071,Seda Aslan,customer06071@example.com,Kahramanmaraş,0
6072,Ömer Demir,customer06072@example.com,Rize,0
6073,Ömer Demir,customer06073@example.com,Uşak,0
6074,Berk Aksoy,customer06074@example.com,Artvin,0
6075,Serkan Kurt,customer06075@example.com,Niğde,0
6076,Ayşe Çelik,customer06076@example.com,Kırıkkale,0
6077,Ceren Demir,customer06077@example.com,Gaziantep,0
6078,Kaan Yıldız,customer06078@example.com,Burdur,0
6079,Seda Arslan,customer06079@example.com,Hakkari,0
6080,Can Kaya,customer06080@example.com,Batman,0
6081,Ahmet Kaya,customer06081@example.com,Gümüşhane,0
6082,Arda Kaya,customer06082@example.com,Ankara,0
6083,Can Öztürk,customer06083@example.com,Denizli,0
6084,Buse Çelik,customer06084@example.com,Van,0
6085,Ömer Kılıç,customer06085@example.com,Nevşehir,0
6086,Seda Koç,customer06086@example.com,Afyonkarahisar,0
6087,Serkan Doğan,customer06087@example.com,Uşak,0
6088,Ahmet Kurt,customer06088@example.com,Kırıkkale,0
6089,Mustafa Kaya,customer06089@example.com,Eskişehir,0
6090,Hakan Kaya,customer06090@example.com,Gaziantep,0
6091,Can Güneş,customer06091@example.com,Şanlıurfa,0
6092,Ahmet Aslan,customer06092@example.com,Bilecik,0
6093,Hakan Aslan,customer06093@example.com,Yozgat,0
6094,Melis Yıldız,customer06094@example.com,Niğde,0
6095,Burak Çelik,customer06095@example.com,Bayburt,0
6096,Ahmet Tekin,customer06096@example.com,Kastamonu,0
6097,Eren Aksoy,customer06097@example.com,Muğla,0
6098,Serkan Koç,customer06098@example.com,Diyarbakır,0
6099,Ceren Aydın,customer06099@example.com,Karabük,0
6100,Eren Kılıç,customer06100@example.com,Eskişehir,0
6101,Ömer Arslan,customer06101@example.com,Niğde,0
6102,Ali Doğan,customer06102@example.com,Sivas,0
6103,Ahmet Özdemir,customer06103@example.com,Karabük,0
6104,Elif Erdoğan,customer06104@example.com,Ordu,0
6105,Burak Yıldız,customer06105@example.com,Burdur,0
6106,Mehmet Koç,customer06106@example.com,Bolu,0
6107,Fatma Aydın,customer06107@example.com,Eskişehir,0
6108,Seda Güneş,customer06108@example.com,Kırklareli,0
6109,Ceren Aydın,customer06109@example.com,Iğdır,0
6110,Ceren Doğan,customer06110@example.com,Mardin,0
6111,Kaan Kaya,customer06111@example.com,Düzce,0
6112,Can Güneş,customer06112@example.com,Mersin,0
6113,Burak Erdoğan,customer06113@example.com,Ağrı,0
6114,Mert Yılmaz,customer06114@example.com,Giresun,0
6115,Ceren Yıldız,customer06115@example.com,Kütahya,0
6116,Burak Polat,customer06116@example.com,Nevşehir,0
6117,Fatma Kılıç,customer06117@example.com,Tekirdağ,0
6118,Berk Tekin,customer06118@example.com,Edirne,0
6119,Derya Polat,customer06119@example.com,Tunceli,0
6120,Onur Tekin,customer06120@example.com,Kastamonu,0
6121,Ece Öztürk,customer06121@example.com,Balıkesir,0
6122,Barış Şahin,customer06122@example.com,Adana,0
6123,Buse Yılmaz,customer06123@example.com,Osmaniye,0
6124,Mehmet Yılmaz,customer06124@example.com,Kars,0
6125,Derya Yılmaz,customer06125@example.com,Kırklareli,0
6126,Kaan Koç,customer06126@example.com,Şırnak,0
6127,Yusuf Şahin,customer06127@example.com,Antalya,0
6128,Kerem Aydın,customer06128@example.com,Erzurum,0
6129,Furkan Aslan,customer06129@example.com,Balıkesir,0
6130,Eren Kurt,customer06130@example.com,Afyonkarahisar,0
6131,Mert Kaya,customer06131@example.com,Bursa,0
6132,Mert Çelik,customer06132@example.com,İstanbul,0
6133,Kaan Aydın,customer06133@example.com,Bursa,0
6134,Derya Yılmaz,customer06134@example.com,Trabzon,0
6135,Yusuf Yılmaz,customer06135@example.com,Burdur,0
6136,Mustafa Öztürk,customer06136@example.com,Tekirdağ,0
6137,Buse Güneş,customer06137@example.com,Batman,0
6138,Eren Arslan,customer06138@example.com,Afyonkarahisar,0
6139,Ayşe Güneş,customer06139@example.com,Tunceli,0
6140,Mustafa Çelik,customer06140@example.com,Giresun,0
6141,Mustafa Koç,customer06141@example.com,Muş,0
6142,Ahmet Kaya,customer06142@example.com,Uşak,0
6143,Furkan Özdemir,customer06143@example.com,Rize,0
6144,Yusuf Yılmaz,customer06144@example.com,Bartın,0
6145,Melis Kaya,customer06145@example.com,Aydın,0
6146,Seda Arslan,customer06146@example.com,Kastamonu,0
6147,Fatma Polat,customer06147@example.com,Eskişehir,0
6148,Ece Arslan,customer06148@example.com,Ağrı,0
6149,Zeynep Arslan,customer06149@example.com,Erzurum,0
6150,Can Özdemir,customer06150@example.com,Adana,0
6151,Elif Kaya,customer06151@example.com,Şırnak,0
6152,Ceren Kurt,customer06152@example.com,Batman,0
6153,Ayşe Polat,customer06153@example.com,Hakkari,0
6154,Ayşe Kaya,customer06154@example.com,Kastamonu,0
6155,Kerem Demir,customer06155@example.com,Yalova,0
6156,Kerem Özdemir,customer06156@example.com,Trabzon,0
6157,Onur Yıldız,customer06157@example.com,Muğla,0
6158,Zeynep Aslan,customer06158@example.com,Kırıkkale,0
6159,Onur Çelik,customer06159@example.com,Konya,0
6160,Fatma Aslan,customer06160@example.com,Rize,0
6161,Yusuf Güneş,customer06161@example.com,Ordu,0
6162,Kerem Özdemir,customer06162@example.com,Manisa,0
6163,Seda Doğan,customer06163@example.com,Çorum,0
6164,Ceren Polat,customer06164@example.com,Karaman,0
6165,Furkan Aslan,customer06165@example.com,Siirt,0
6166,Mustafa Tekin,customer06166@example.com,Mersin,0
6167,Melis Çelik,customer06167@example.com,Kütahya,0
6168,Derya Aslan,customer06168@example.com,Tokat,0
6169,Kaan Aksoy,customer06169@example.com,Edirne,0
6170,Melis Kaya,customer06170@example.com,Malatya,0
6171,Serkan Çelik,customer06171@example.com,Yalova,0
6172,Ömer Aksoy,customer06172@example.com,Düzce,0
6173,Ceren Yıldız,customer06173@example.com,Bartın,0
6174,Emre Aydın,customer06174@example.com,Niğde,0
6175,Mustafa Kurt,customer06175@example.com,Burdur,0
6176,Serkan Aksoy,customer06176@example.com,Ankara,0
6177,Serkan Şahin,customer06177@example.com,Bartın,0
6178,Ahmet Arslan,customer06178@example.com,Kırıkkale,0
6179,Zeynep Yıldız,customer06179@example.com,Hakkari,0
6180,Zeynep Kılıç,customer06180@example.com,Şanlıurfa,0
6181,Ali Kılıç,customer06181@example.com,Muğla,0
6182,Onur Koç,customer06182@example.com,Zonguldak,0
6183,Zeynep Koç,customer06183@example.com,Gümüşhane,0
6184,Hakan Aslan,customer06184@example.com,Rize,0
6185,Ayşe Şahin,customer06185@example.com,Gümüşhane,0
6186,Elif Özdemir,customer06186@example.com,Denizli,0
6187,Ceren Aydın,customer06187@example.com,Adana,0
6188,Melis Erdoğan,customer06188@example.com,Bolu,0
6189,Arda Çelik,customer06189@example.com,Balıkesir,0
6190,Ayşe Doğan,customer06190@example.com,Hatay,0
6191,Seda Koç,customer06191@example.com,Kırklareli,0
6192,Ceren Aydın,customer06192@example.com,Karaman,0
6193,Elif Şahin,customer06193@example.com,Erzurum,0
6194,Ahmet Yılmaz,customer06194@example.com,Ağrı,0
6195,Mert Şahin,customer06195@example.com,Gaziantep,0
6196,Yusuf Demir,customer06196@example.com,Aydın,0
6197,Eren Özdemir,customer06197@example.com,Bursa,0
6198,Furkan Aslan,customer06198@example.com,Ordu,0
6199,Ahmet Tekin,customer06199@example.com,Kırklareli,0
6200,Ömer Koç,customer06200@example.com,Muğla,0
6201,Burak Doğan,customer06201@example.com,Samsun,0
6202,Barış Güneş,customer06202@example.com,Tunceli,0
6203,Elif Tekin,customer06203@example.com,Iğdır,0
6204,Mehmet Polat,customer06204@example.com,Amasya,0
6205,Arda Kılıç,customer06205@example.com,Manisa,0
6206,Ahmet Arslan,customer06206@example.com,Trabzon,0
6207,Buse Koç,customer06207@example.com,Bayburt,0
6208,Seda Şahin,customer06208@example.com,Samsun,0
6209,Ayşe Güneş,customer06209@example.com,Osmaniye,0
6210,Melis Aslan,customer06210@example.com,Şanlıurfa,0
6211,Ahmet Koç,customer06211@example.com,Amasya,0
6212,Arda Demir,customer06212@example.com,Trabzon,0
6213,Eren Aksoy,customer06213@example.com,Bingöl,0
6214,Mustafa Öztürk,customer06214@example.com,Düzce,0
6215,Derya Şahin,customer06215@example.com,Tekirdağ,0
6216,Berk Kılıç,customer06216@example.com,Hatay,0
6217,Barış Polat,customer06217@example.com,Amasya,0
6218,Ömer Doğan,customer06218@example.com,Kırıkkale,0
6219,Seda Özdemir,customer06219@example.com,Giresun,0
6220,Barış Kurt,customer06220@example.com,Bitlis,0
6221,Ahmet Çelik,customer06221@example.com,Iğdır,0
6222,Buse Yılmaz,customer06222@example.com,Van,0
6223,Kaan Demir,customer06223@example.com,Van,0
6224,Yusuf Özdemir,customer06224@example.com,Kars,0
6225,Ayşe Güneş,customer06225@example.com,Nevşehir,0
6226,Ece Aksoy,customer06226@example.com,Antalya,0
6227,Eren Güneş,customer06227@example.com,Bursa,0
6228,Ayşe Erdoğan,customer06228@example.com,Şanlıurfa,0
6229,Yusuf Özdemir,customer06229@example.com,Kayseri,0
6230,Buse Yıldız,customer06230@example.com,Ankara,0
6231,Mert Tekin,customer06231@example.com,Kütahya,0
6232,Furkan Şahin,customer06232@example.com,Denizli,0
6233,Ceren Demir,customer06233@example.com,Eskişehir,0
6234,Arda Polat,customer06234@example.com,Isparta,0
6235,Ahmet Koç,customer06235@example.com,Elazığ,0
6236,Seda Koç,customer06236@example.com,Ankara,0
6237,Mert Yıldız,customer06237@example.com,Gümüşhane,0
6238,Ömer Güneş,customer06238@example.com,Uşak,0
6239,Can Özdemir,customer06239@example.com,Burdur,0
6240,Ali Yıldız,customer06240@example.com,Çankırı,0
6241,Emre Tekin,customer06241@example.com,Şırnak,0
6242,Ahmet Özdemir,customer06242@example.com,Uşak,0
6243,Kerem Kurt,customer06243@example.com,Afyonkarahisar,0
6244,Ayşe Erdoğan,customer06244@example.com,Muğla,0
6245,Elif Aksoy,customer06245@example.com,Bolu,0
6246,Furkan Polat,customer06246@example.com,Amasya,0
6247,Eren Kurt,customer06247@example.com,Batman,0
6248,Ayşe Kurt,customer06248@example.com,Aydın,0
6249,Mustafa Demir,customer06249@example.com,İstanbul,0
6250,Melis Aslan,customer06250@example.com,Trabzon,0
6251,Berk Erdoğan,customer06251@example.com,Isparta,0
6252,Derya Çelik,customer06252@example.com,Bursa,0
6253,Ahmet Yıldız,customer06253@example.com,Bingöl,0
6254,Hakan Yıldız,customer06254@example.com,Eskişehir,0
6255,Kaan Aksoy,customer06255@example.com,Muğla,0
6256,Onur Arslan,customer06256@example.com,Tunceli,0
6257,Mustafa Yıldız,customer06257@example.com,Ardahan,0
6258,Furkan Şahin,customer06258@example.com,Batman,0
6259,Mehmet Öztürk,customer06259@example.com,Eskişehir,0
6260,Emre Doğan,customer06260@example.com,Çankırı,0
6261,Fatma Koç,customer06261@example.com,Adıyaman,0
6262,Kerem Kaya,customer06262@example.com,Yozgat,0
6263,Ece Yılmaz,customer06263@example.com,Burdur,0
6264,Serkan Arslan,customer06264@example.com,Ardahan,0
6265,Serkan Yılmaz,customer06265@example.com,Kırklareli,0
6266,Melis Çelik,customer06266@example.com,Kocaeli,0
6267,Derya Öztürk,customer06267@example.com,Tunceli,0
6268,Ece Aydın,customer06268@example.com,Erzurum,0
6269,Zeynep Polat,customer06269@example.com,Tunceli,0
6270,Arda Aydın,customer06270@example.com,Bitlis,0
6271,Yusuf Koç,customer06271@example.com,Kırıkkale,0
6272,Elif Aksoy,customer06272@example.com,Balıkesir,0
6273,Emre Çelik,customer06273@example.com,Yozgat,0
6274,Emre Demir,customer06274@example.com,Tunceli,0
6275,Serkan Demir,customer06275@example.com,Şırnak,0
6276,Yusuf Öztürk,customer06276@example.com,Düzce,0
6277,Seda Kurt,customer06277@example.com,Düzce,0
6278,Kerem Öztürk,customer06278@example.com,İstanbul,0
6279,Furkan Kaya,customer06279@example.com,Siirt,0
6280,Mehmet Kılıç,customer06280@example.com,Niğde,0
6281,Ahmet Aydın,customer06281@example.com,Muğla,0
6282,Berk Özdemir,customer06282@example.com,Karabük,0
6283,Ceren Öztürk,customer06283@example.com,Çanakkale,0
6284,Arda Tekin,customer06284@example.com,Yozgat,0
6285,Melis Kurt,customer06285@example.com,Diyarbakır,0
6286,Can Tekin,customer06286@example.com,Zonguldak,0
6287,Mert Polat,customer06287@example.com,Balıkesir,0
6288,Furkan Tekin,customer06288@example.com,Ağrı,0
6289,Furkan Demir,customer06289@example.com,Batman,0
6290,Mustafa Çelik,customer06290@example.com,Ankara,0
6291,Kerem Arslan,customer06291@example.com,Niğde,0
6292,Eren Özdemir,customer06292@example.com,Malatya,0
6293,Mert Aksoy,customer06293@example.com,Karabük,0
6294,Ömer Doğan,customer06294@example.com,Trabzon,0
6295,Serkan Polat,customer06295@example.com,Nevşehir,0
6296,Seda Güneş,customer06296@example.com,Batman,0
6297,Derya Tekin,customer06297@example.com,Yalova,0
6298,Zeynep Güneş,customer06298@example.com,Çankırı,0
6299,Arda Kılıç,customer06299@example.com,Bingöl,0
6300,Ayşe Polat,customer06300@example.com,Malatya,0
6301,Onur Erdoğan,customer06301@example.com,Kilis,0
6302,Elif Demir,customer06302@example.com,Mersin,0
6303,Elif Arslan,customer06303@example.com,İzmir,0
6304,Buse Doğan,customer06304@example.com,Yalova,0
6305,Serkan Öztürk,customer06305@example.com,Kocaeli,0
6306,Derya Kılıç,customer06306@example.com,Hatay,0
6307,Hakan Aydın,customer06307@example.com,Manisa,0
6308,Mert Aydın,customer06308@example.com,Kütahya,0
6309,Serkan Kurt,customer06309@example.com,Kars,0
6310,Eren Tekin,customer06310@example.com,Samsun,0
6311,Zeynep Aydın,customer06311@example.com,Kilis,0
6312,Melis Çelik,customer06312@example.com,Kayseri,0
6313,Burak Aslan,customer06313@example.com,Karaman,0
6314,Onur Kılıç,customer06314@example.com,Gaziantep,0
6315,Ece Özdemir,customer06315@example.com,Ardahan,0
6316,Serkan Yıldız,customer06316@example.com,Bursa,0
6317,Fatma Doğan,customer06317@example.com,Isparta,0
6318,Burak Tekin,customer06318@example.com,Malatya,0
6319,Yusuf Polat,customer06319@example.com,Muğla,0
6320,Can Koç,customer06320@example.com,Tunceli,0
6321,Ayşe Arslan,customer06321@example.com,Şırnak,0
6322,Kaan Aksoy,customer06322@example.com,Malatya,0
6323,Emre Arslan,customer06323@example.com,Karabük,0
6324,Mustafa Arslan,customer06324@example.com,Bursa,0
6325,Berk Aksoy,customer06325@example.com,Niğde,0
6326,Ahmet Demir,customer06326@example.com,Erzurum,0
6327,Ece Arslan,customer06327@example.com,Uşak,0
6328,Kaan Aksoy,customer06328@example.com,Ardahan,0
6329,Ceren Arslan,customer06329@example.com,Yozgat,0
6330,Hakan Kurt,customer06330@example.com,Eskişehir,0
6331,Eren Kaya,customer06331@example.com,Samsun,0
6332,Elif Polat,customer06332@example.com,Yalova,0
6333,Ali Polat,customer06333@example.com,Siirt,0
6334,Berk Kılıç,customer06334@example.com,Bursa,0
6335,Emre Yıldız,customer06335@example.com,Bursa,0
6336,Kerem Kaya,customer06336@example.com,Ankara,0
6337,Buse Demir,customer06337@example.com,Kars,0
6338,Ali Aksoy,customer06338@example.com,Bayburt,0
6339,Eren Çelik,customer06339@example.com,Bitlis,0
6340,Derya Kurt,customer06340@example.com,Gaziantep,0
6341,Mehmet Güneş,customer06341@example.com,Artvin,0
6342,Ahmet Şahin,customer06342@example.com,Malatya,0
6343,Barış Arslan,customer06343@example.com,Kastamonu,0
6344,Furkan Öztürk,customer06344@example.com,Hakkari,0
6345,Can Tekin,customer06345@example.com,Karabük,0
6346,Hakan Arslan,customer06346@example.com,Kırıkkale,0
6347,Kerem Öztürk,customer06347@example.com,Denizli,0
6348,Ahmet Aksoy,customer06348@example.com,Ardahan,0
6349,Ömer Öztürk,customer06349@example.com,Edirne,0
6350,Ece Koç,customer06350@example.com,Gaziantep,0
6351,Onur Tekin,customer06351@example.com,Afyonkarahisar,0
6352,Yusuf Demir,customer06352@example.com,Bartın,0
6353,Fatma Tekin,customer06353@example.com,İzmir,0
6354,Ece Polat,customer06354@example.com,Bursa,0
6355,Ali Öztürk,customer06355@example.com,Rize,0
6356,Can Öztürk,customer06356@example.com,Tekirdağ,0
6357,Barış Yıldız,customer06357@example.com,Elazığ,0
6358,Derya Öztürk,customer06358@example.com,Kars,0
6359,Ali Yılmaz,customer06359@example.com,Hatay,0
6360,Zeynep Doğan,customer06360@example.com,Siirt,0
6361,Hakan Tekin,customer06361@example.com,Nevşehir,0
6362,Kaan Aydın,customer06362@example.com,Hakkari,0
6363,Ali Demir,customer06363@example.com,Rize,0
6364,Ayşe Özdemir,customer06364@example.com,Sinop,0
6365,Emre Koç,customer06365@example.com,Kilis,0
6366,Seda Koç,customer06366@example.com,Afyonkarahisar,0
6367,Onur Arslan,customer06367@example.com,Gaziantep,0
6368,Melis Polat,customer06368@example.com,Siirt,0
6369,Ece Erdoğan,customer06369@example.com,Malatya,0
6370,Ömer Yılmaz,customer06370@example.com,Uşak,0
6371,Serkan Tekin,customer06371@example.com,Nevşehir,0
6372,Ceren Özdemir,customer06372@example.com,Karabük,0
6373,Burak Aslan,customer06373@example.com,Çorum,0
6374,Ayşe Demir,customer06374@example.com,Yalova,0
6375,Ceren Koç,customer06375@example.com,Edirne,0
6376,Ece Koç,customer06376@example.com,Gaziantep,0
6377,Burak Kılıç,customer06377@example.com,Kahramanmaraş,0
6378,Berk Arslan,customer06378@example.com,Isparta,0
6379,Ayşe Doğan,customer06379@example.com,Hakkari,0
6380,Berk Tekin,customer06380@example.com,Trabzon,0
6381,Ahmet Güneş,customer06381@example.com,Isparta,0
6382,Elif Demir,customer06382@example.com,Sivas,0
6383,Ayşe Yılmaz,customer06383@example.com,Nevşehir,0
6384,Hakan Aslan,customer06384@example.com,Mardin,0
6385,Berk Yılmaz,customer06385@example.com,Şanlıurfa,0
6386,Furkan Özdemir,customer06386@example.com,Samsun,0
6387,Mustafa Kurt,customer06387@example.com,Mersin,0
6388,Kerem Öztürk,customer06388@example.com,İzmir,0
6389,Kerem Arslan,customer06389@example.com,Tunceli,0
6390,Yusuf Yıldız,customer06390@example.com,Gümüşhane,0
6391,Buse Güneş,customer06391@example.com,Zonguldak,0
6392,Barış Erdoğan,customer06392@example.com,Eskişehir,0
6393,Buse Kaya,customer06393@example.com,Muş,0
6394,Kerem Kaya,customer06394@example.com,Hakkari,0
6395,Mustafa Yıldız,customer06395@example.com,Bingöl,0
6396,Barış Aksoy,customer06396@example.com,Antalya,0
6397,Eren Demir,customer06397@example.com,Aksaray,0
6398,Derya Arslan,customer06398@example.com,Sivas,0
6399,Emre Doğan,customer06399@example.com,Çorum,0
6400,Buse Kurt,customer06400@example.com,Kars,0
6401,Buse Yıldız,customer06401@example.com,Hakkari,0
6402,Furkan Doğan,customer06402@example.com,Edirne,0
6403,Serkan Demir,customer06403@example.com,Hakkari,0
6404,Buse Demir,customer06404@example.com,Osmaniye,0
6405,Mehmet Güneş,customer06405@example.com,Elazığ,0
6406,Mert Aksoy,customer06406@example.com,Trabzon,0
6407,Furkan Yıldız,customer06407@example.com,Hatay,0
6408,Ahmet Aydın,customer06408@example.com,Karabük,0
6409,Ayşe Demir,customer06409@example.com,Aydın,0
6410,Seda Şahin,customer06410@example.com,İzmir,0
6411,Ceren Yıldız,customer06411@example.com,Bayburt,0
6412,Ali Özdemir,customer06412@example.com,Kırıkkale,0
6413,Seda Aslan,customer06413@example.com,Elazığ,0
6414,Emre Aksoy,customer06414@example.com,Erzincan,0
6415,Can Yılmaz,customer06415@example.com,Konya,0
6416,Buse Yıldız,customer06416@example.com,İzmir,0
6417,Serkan Yılmaz,customer06417@example.com,Van,0
6418,Serkan Kaya,customer06418@example.com,Niğde,0
6419,Emre Yıldız,customer06419@example.com,Antalya,0
6420,Arda Çelik,customer06420@example.com,Çanakkale,0
6421,Can Tekin,customer06421@example.com,Muğla,0
6422,Hakan Arslan,customer06422@example.com,Tokat,0
6423,Can Özdemir,customer06423@example.com,Elazığ,0
6424,Ayşe Şahin,customer06424@example.com,Isparta,0
6425,Yusuf Tekin,customer06425@example.com,Ankara,0
6426,Mustafa Koç,customer06426@example.com,Çankırı,0
6427,Ahmet Doğan,customer06427@example.com,Tekirdağ,0
6428,Serkan Polat,customer06428@example.com,Niğde,0
6429,Onur Aksoy,customer06429@example.com,Ordu,0
6430,Melis Erdoğan,customer06430@example.com,Tokat,0
6431,Elif Erdoğan,customer06431@example.com,Kahramanmaraş,0
6432,Ece Tekin,customer06432@example.com,Bartın,0
6433,Ayşe Koç,customer06433@example.com,Mersin,0
6434,Serkan Kurt,customer06434@example.com,Edirne,0
6435,Serkan Polat,customer06435@example.com,Çanakkale,0
6436,Ece Kaya,customer06436@example.com,Gaziantep,0
6437,Mustafa Tekin,customer06437@example.com,Muğla,0
6438,Ceren Doğan,customer06438@example.com,Burdur,0
6439,Barış Kurt,customer06439@example.com,Muş,0
6440,Berk Doğan,customer06440@example.com,Muğla,0
6441,Ahmet Kılıç,customer06441@example.com,Şanlıurfa,0
6442,Burak Yılmaz,customer06442@example.com,Giresun,0
6443,Furkan Çelik,customer06443@example.com,Sivas,0
6444,Buse Güneş,customer06444@example.com,Çankırı,0
6445,Elif Doğan,customer06445@example.com,Niğde,0
6446,Can Çelik,customer06446@example.com,Afyonkarahisar,0
6447,Melis Öztürk,customer06447@example.com,Sinop,0
6448,Eren Polat,customer06448@example.com,Ordu,0
6449,Kaan Özdemir,customer06449@example.com,Muğla,0
6450,Melis Aydın,customer06450@example.com,Tokat,0
6451,Emre Kurt,customer06451@example.com,Antalya,0
6452,Can Çelik,customer06452@example.com,Bitlis,0
6453,Mert Aslan,customer06453@example.com,Antalya,0
6454,Kerem Özdemir,customer06454@example.com,Nevşehir,0
6455,Melis Kurt,customer06455@example.com,Balıkesir,0
6456,Barış Doğan,customer06456@example.com,Kahramanmaraş,0
6457,Ceren Erdoğan,customer06457@example.com,Kırıkkale,0
6458,Arda Kaya,customer06458@example.com,Tunceli,0
6459,Mustafa Aslan,customer06459@example.com,Kütahya,0
6460,Burak Doğan,customer06460@example.com,Van,0
6461,Yusuf Yılmaz,customer06461@example.com,Bitlis,0
6462,Emre Aksoy,customer06462@example.com,İzmir,0
6463,Mehmet Yılmaz,customer06463@example.com,Yozgat,0
6464,Burak Erdoğan,customer06464@example.com,Muğla,0
6465,Ahmet Özdemir,customer06465@example.com,Ordu,0
6466,Ömer Tekin,customer06466@example.com,Tekirdağ,0
6467,Kerem Tekin,customer06467@example.com,Konya,0
6468,Mert Aslan,customer06468@example.com,Antalya,0
6469,Ece Erdoğan,customer06469@example.com,Ardahan,0
6470,Ali Özdemir,customer06470@example.com,Şanlıurfa,0
6471,Furkan Erdoğan,customer06471@example.com,Amasya,0
6472,Zeynep Aksoy,customer06472@example.com,Şırnak,0
6473,Serkan Demir,customer06473@example.com,Denizli,0
6474,Derya Koç,customer06474@example.com,Kütahya,0
6475,Zeynep Özdemir,customer06475@example.com,İzmir,0
6476,Emre Çelik,customer06476@example.com,Eskişehir,0
6477,Mustafa Tekin,customer06477@example.com,Nevşehir,0
6478,Eren Koç,customer06478@example.com,Gümüşhane,0
6479,Mehmet Kaya,customer06479@example.com,Kırklareli,0
6480,Ahmet Çelik,customer06480@example.com,Erzurum,0
6481,Furkan Güneş,customer06481@example.com,Erzurum,0
6482,Furkan Çelik,customer06482@example.com,Samsun,0
6483,Onur Güneş,customer06483@example.com,Mersin,0
6484,Derya Aydın,customer06484@example.com,Adana,0
6485,Mustafa Yıldız,customer06485@example.com,Amasya,0
6486,Eren Polat,customer06486@example.com,Aydın,0
6487,Can Özdemir,customer06487@example.com,Edirne,0
6488,Derya Polat,customer06488@example.com,Burdur,0
6489,Mustafa Özdemir,customer06489@example.com,Malatya,0
6490,Barış Aslan,customer06490@example.com,Trabzon,0
6491,Eren Güneş,customer06491@example.com,Batman,0
6492,Onur Kılıç,customer06492@example.com,Düzce,0
6493,Zeynep Kılıç,customer06493@example.com,Aksaray,0
6494,Emre Güneş,customer06494@example.com,Zonguldak,0
6495,Zeynep Arslan,customer06495@example.com,Yalova,0
6496,Seda Öztürk,customer06496@example.com,Gümüşhane,0
6497,Ceren Yılmaz,customer06497@example.com,Siirt,0
6498,Arda Arslan,customer06498@example.com,Kütahya,0
6499,Serkan Doğan,customer06499@example.com,Uşak,0
6500,Fatma Koç,customer06500@example.com,Antalya,0
6501,Hakan Doğan,customer06501@example.com,Mersin,0
6502,Ali Çelik,customer06502@example.com,Batman,0
6503,Can Öztürk,customer06503@example.com,Isparta,0
6504,Kaan Çelik,customer06504@example.com,Bitlis,0
6505,Ayşe Aksoy,customer06505@example.com,Van,0
6506,Kerem Kurt,customer06506@example.com,Ordu,0
6507,Furkan Güneş,customer06507@example.com,Kütahya,0
6508,Mert Demir,customer06508@example.com,Isparta,0
6509,Yusuf Tekin,customer06509@example.com,Tunceli,0
6510,Derya Demir,customer06510@example.com,Kocaeli,0
6511,Derya Kaya,customer06511@example.com,Siirt,0
6512,Berk Kurt,customer06512@example.com,Denizli,0
6513,Furkan Polat,customer06513@example.com,Ağrı,0
6514,Ömer Aslan,customer06514@example.com,Bursa,0
6515,Mert Öztürk,customer06515@example.com,Şanlıurfa,0
6516,Melis Polat,customer06516@example.com,Niğde,0
6517,Hakan Aydın,customer06517@example.com,Ordu,0
6518,Furkan Öztürk,customer06518@example.com,Kastamonu,0
6519,Can Tekin,customer06519@example.com,Edirne,0
6520,Ömer Yıldız,customer06520@example.com,Yalova,0
6521,Ömer Güneş,customer06521@example.com,Muş,0
6522,Buse Demir,customer06522@example.com,Bitlis,0
6523,Mustafa Demir,customer06523@example.com,Adıyaman,0
6524,Emre Aksoy,customer06524@example.com,Samsun,0
6525,Arda Demir,customer06525@example.com,Denizli,0
6526,Mehmet Yılmaz,customer06526@example.com,Trabzon,0
6527,Yusuf Kaya,customer06527@example.com,Çankırı,0
6528,Mert Aslan,customer06528@example.com,Kahramanmaraş,0
6529,Zeynep Güneş,customer06529@example.com,Bingöl,0
6530,Mehmet Yıldız,customer06530@example.com,Kırşehir,0
6531,Ömer Şahin,customer06531@example.com,Amasya,0
6532,Hakan Demir,customer06532@example.com,Ankara,0
6533,Barış Yılmaz,customer06533@example.com,Erzurum,0
6534,Ece Yıldız,customer06534@example.com,Niğde,0
6535,Ceren Polat,customer06535@example.com,Bolu,0
6536,Eren Güneş,customer06536@example.com,Kayseri,0
6537,Barış Erdoğan,customer06537@example.com,Balıkesir,0
6538,Ceren Tekin,customer06538@example.com,Kastamonu,0
6539,Emre Demir,customer06539@example.com,Tokat,0
6540,Barış Arslan,customer06540@example.com,Diyarbakır,0
6541,Elif Erdoğan,customer06541@example.com,Bitlis,0
6542,Arda Tekin,customer06542@example.com,Gümüşhane,0
6543,Ayşe Doğan,customer06543@example.com,Amasya,0
6544,Berk Kılıç,customer06544@example.com,Diyarbakır,0
6545,Ayşe Polat,customer06545@example.com,Sivas,0
6546,Kerem Erdoğan,customer06546@example.com,Kırşehir,0
6547,Mert Koç,customer06547@example.com,Sakarya,0
6548,Ece Öztürk,customer06548@example.com,Kırşehir,0
6549,Zeynep Kılıç,customer06549@example.com,Gaziantep,0
6550,Can Özdemir,customer06550@example.com,Denizli,0
6551,Ayşe Çelik,customer06551@example.com,Amasya,0
6552,Mustafa Kaya,customer06552@example.com,Iğdır,0
6553,Melis Şahin,customer06553@example.com,Çorum,0
6554,Ali Özdemir,customer06554@example.com,Çanakkale,0
6555,Emre Demir,customer06555@example.com,Kastamonu,0
6556,Seda Kılıç,customer06556@example.com,Kocaeli,0
6557,Hakan Öztürk,customer06557@example.com,Tunceli,0
6558,Furkan Kurt,customer06558@example.com,Bursa,0
6559,Derya Aksoy,customer06559@example.com,Iğdır,0
6560,Mert Aydın,customer06560@example.com,Trabzon,0
6561,Elif Kaya,customer06561@example.com,Mardin,0
6562,Yusuf Koç,customer06562@example.com,Erzurum,0
6563,Kerem Demir,customer06563@example.com,Antalya,0
6564,Mehmet Arslan,customer06564@example.com,Nevşehir,0
6565,Yusuf Polat,customer06565@example.com,Tokat,0
6566,Zeynep Koç,customer06566@example.com,Konya,0
6567,Kaan Çelik,customer06567@example.com,Konya,0
6568,Fatma Kurt,customer06568@example.com,Kocaeli,0
6569,Derya Güneş,customer06569@example.com,Erzincan,0
6570,Ahmet Yıldız,customer06570@example.com,Mersin,0
6571,Furkan Demir,customer06571@example.com,Şanlıurfa,0
6572,Melis Kılıç,customer06572@example.com,Çorum,0
6573,Mehmet Çelik,customer06573@example.com,Hatay,0
6574,Serkan Tekin,customer06574@example.com,Uşak,0
6575,Eren Aydın,customer06575@example.com,Erzincan,0
6576,Furkan Kaya,customer06576@example.com,Adıyaman,0
6577,Elif Aslan,customer06577@example.com,Malatya,0
6578,Ece Tekin,customer06578@example.com,Muğla,0
6579,Ömer Yılmaz,customer06579@example.com,Bolu,0
6580,Arda Erdoğan,customer06580@example.com,Eskişehir,0
6581,Burak Çelik,customer06581@example.com,Kütahya,0
6582,Zeynep Erdoğan,customer06582@example.com,Kars,0
6583,Serkan Koç,customer06583@example.com,Aksaray,0
6584,Hakan Tekin,customer06584@example.com,Kilis,0
6585,Burak Kurt,customer06585@example.com,Ankara,0
6586,Kaan Güneş,customer06586@example.com,Kırıkkale,0
6587,Mert Aksoy,customer06587@example.com,Tekirdağ,0
6588,Mehmet Doğan,customer06588@example.com,Kütahya,0
6589,Ahmet Kurt,customer06589@example.com,Iğdır,0
6590,Elif Demir,customer06590@example.com,Trabzon,0
6591,Ceren Kurt,customer06591@example.com,Tokat,0
6592,Derya Tekin,customer06592@example.com,Bartın,0
6593,Can Kılıç,customer06593@example.com,Iğdır,0
6594,Can Özdemir,customer06594@example.com,İstanbul,0
6595,Mert Kaya,customer06595@example.com,Hakkari,0
6596,Zeynep Güneş,customer06596@example.com,Mersin,0
6597,Berk Arslan,customer06597@example.com,Adana,0
6598,Serkan Öztürk,customer06598@example.com,Ankara,0
6599,Can Özdemir,customer06599@example.com,Hatay,0
6600,Berk Yılmaz,customer06600@example.com,Siirt,0
6601,Mehmet Demir,customer06601@example.com,Kars,0
6602,Onur Aksoy,customer06602@example.com,Sakarya,0
6603,Ahmet Erdoğan,customer06603@example.com,Kırşehir,0
6604,Seda Tekin,customer06604@example.com,Antalya,0
6605,Arda Güneş,customer06605@example.com,Giresun,0
6606,Onur Aksoy,customer06606@example.com,Kastamonu,0
6607,Seda Şahin,customer06607@example.com,Hatay,0
6608,Derya Koç,customer06608@example.com,Batman,0
6609,Fatma Kılıç,customer06609@example.com,Elazığ,0
6610,Onur Aydın,customer06610@example.com,Adıyaman,0
6611,Zeynep Kurt,customer06611@example.com,Bilecik,0
6612,Ömer Öztürk,customer06612@example.com,Tunceli,0
6613,Ahmet Şahin,customer06613@example.com,Çanakkale,0
6614,Derya Arslan,customer06614@example.com,Edirne,0
6615,Zeynep Doğan,customer06615@example.com,Mersin,0
6616,Furkan Yıldız,customer06616@example.com,Samsun,0
6617,Burak Yıldız,customer06617@example.com,Mardin,0
6618,Ali Doğan,customer06618@example.com,Kırşehir,0
6619,Onur Aksoy,customer06619@example.com,Aydın,0
6620,Mustafa Çelik,customer06620@example.com,Bursa,0
6621,Buse Yılmaz,customer06621@example.com,Hatay,0
6622,Mustafa Arslan,customer06622@example.com,Elazığ,0
6623,Ali Özdemir,customer06623@example.com,Malatya,0
6624,Ali Erdoğan,customer06624@example.com,Bayburt,0
6625,Kaan Erdoğan,customer06625@example.com,Bursa,0
6626,Arda Tekin,customer06626@example.com,Kars,0
6627,Ece Demir,customer06627@example.com,Kahramanmaraş,0
6628,Ece Demir,customer06628@example.com,Kahramanmaraş,0
6629,Yusuf Koç,customer06629@example.com,Erzurum,0
6630,Onur Arslan,customer06630@example.com,Afyonkarahisar,0
6631,Derya Tekin,customer06631@example.com,Bingöl,0
6632,Mustafa Yıldız,customer06632@example.com,Çorum,0
6633,Ömer Yıldız,customer06633@example.com,Zonguldak,0
6634,Ceren Aksoy,customer06634@example.com,Erzurum,0
6635,Arda Aslan,customer06635@example.com,Ağrı,0
6636,Ömer Koç,customer06636@example.com,Siirt,0
6637,Ali Erdoğan,customer06637@example.com,Ordu,0
6638,Burak Yıldız,customer06638@example.com,Erzurum,0
6639,Barış Polat,customer06639@example.com,Iğdır,0
6640,Fatma Demir,customer06640@example.com,Hakkari,0
6641,Ceren Polat,customer06641@example.com,Batman,0
6642,Seda Özdemir,customer06642@example.com,Nevşehir,0
6643,Ömer Aslan,customer06643@example.com,Eskişehir,0
6644,Melis Kaya,customer06644@example.com,Amasya,0
6645,Kaan Aydın,customer06645@example.com,Adana,0
6646,Hakan Aslan,customer06646@example.com,Afyonkarahisar,0
6647,Zeynep Aslan,customer06647@example.com,Malatya,0
6648,Furkan Yılmaz,customer06648@example.com,Kocaeli,0
6649,Buse Özdemir,customer06649@example.com,Bilecik,0
6650,Emre Şahin,customer06650@example.com,Yalova,0
6651,Serkan Aksoy,customer06651@example.com,Burdur,0
6652,Hakan Çelik,customer06652@example.com,Trabzon,0
6653,Arda Aksoy,customer06653@example.com,Kırıkkale,0
6654,Fatma Kılıç,customer06654@example.com,Bursa,0
6655,Barış Kaya,customer06655@example.com,Kocaeli,0
6656,Can Doğan,customer06656@example.com,Bayburt,0
6657,Ceren Kurt,customer06657@example.com,Kayseri,0
6658,Mehmet Şahin,customer06658@example.com,Artvin,0
6659,Mert Çelik,customer06659@example.com,İstanbul,0
6660,Ceren Koç,customer06660@example.com,Denizli,0
6661,Eren Kılıç,customer06661@example.com,Rize,0
6662,Mustafa Erdoğan,customer06662@example.com,Mardin,0
6663,Mustafa Polat,customer06663@example.com,Kırşehir,0
6664,Fatma Doğan,customer06664@example.com,Rize,0
6665,Ahmet Yılmaz,customer06665@example.com,Kastamonu,0
6666,Ömer Yıldız,customer06666@example.com,Bingöl,0
6667,Buse Çelik,customer06667@example.com,Aksaray,0
6668,Barış Tekin,customer06668@example.com,Bitlis,0
6669,Kerem Şahin,customer06669@example.com,Bitlis,0
6670,Eren Kılıç,customer06670@example.com,Kocaeli,0
6671,Melis Şahin,customer06671@example.com,Erzincan,0
6672,Hakan Aydın,customer06672@example.com,Ardahan,0
6673,Ece Demir,customer06673@example.com,Hakkari,0
6674,Mehmet Arslan,customer06674@example.com,Kırşehir,0
6675,Ceren Aksoy,customer06675@example.com,Karaman,0
6676,Derya Demir,customer06676@example.com,Kırıkkale,0
6677,Derya Güneş,customer06677@example.com,Karaman,0
6678,Mert Aksoy,customer06678@example.com,Kırklareli,0
6679,Ali Koç,customer06679@example.com,Ankara,0
6680,Mert Kurt,customer06680@example.com,Bingöl,0
6681,Zeynep Kılıç,customer06681@example.com,İzmir,0
6682,Fatma Kaya,customer06682@example.com,Çankırı,0
6683,Mustafa Şahin,customer06683@example.com,Iğdır,0
6684,Ahmet Şahin,customer06684@example.com,Tunceli,0
6685,Mehmet Polat,customer06685@example.com,Mardin,0
6686,Berk Aksoy,customer06686@example.com,Bolu,0
6687,Eren Yıldız,customer06687@example.com,Iğdır,0
6688,Onur Öztürk,customer06688@example.com,Bilecik,0
6689,Ömer Yıldız,customer06689@example.com,Erzincan,0
6690,Elif Güneş,customer06690@example.com,Bolu,0
6691,Elif Yılmaz,customer06691@example.com,Trabzon,0
6692,Burak Çelik,customer06692@example.com,Edirne,0
6693,Fatma Erdoğan,customer06693@example.com,Hatay,0
6694,Furkan Yılmaz,customer06694@example.com,Zonguldak,0
6695,Melis Arslan,customer06695@example.com,Bartın,0
6696,Ece Aydın,customer06696@example.com,Uşak,0
6697,Onur Öztürk,customer06697@example.com,Artvin,0
6698,Furkan Aydın,customer06698@example.com,Kilis,0
6699,Zeynep Koç,customer06699@example.com,Erzurum,0
6700,Ceren Erdoğan,customer06700@example.com,Kayseri,0
6701,Kerem Çelik,customer06701@example.com,Ordu,0
6702,Hakan Kurt,customer06702@example.com,Ardahan,0
6703,Mert Arslan,customer06703@example.com,Isparta,0
6704,Barış Şahin,customer06704@example.com,Sakarya,0
6705,Eren Tekin,customer06705@example.com,Uşak,0
6706,Ahmet Şahin,customer06706@example.com,Ordu,0
6707,Hakan Aydın,customer06707@example.com,Mersin,0
6708,Ayşe Çelik,customer06708@example.com,Bartın,0
6709,Yusuf Güneş,customer06709@example.com,Bursa,0
6710,Zeynep Öztürk,customer06710@example.com,Çanakkale,0
6711,Ayşe Kaya,customer06711@example.com,Hakkari,0
6712,Can Kaya,customer06712@example.com,Balıkesir,0
6713,Zeynep Koç,customer06713@example.com,Çankırı,0
6714,Burak Arslan,customer06714@example.com,Burdur,0
6715,Hakan Yılmaz,customer06715@example.com,Gaziantep,0
6716,Ayşe Şahin,customer06716@example.com,Adıyaman,0
6717,Furkan Şahin,customer06717@example.com,Malatya,0
6718,Burak Özdemir,customer06718@example.com,Çorum,0
6719,Emre Şahin,customer06719@example.com,Muğla,0
6720,Ömer Kurt,customer06720@example.com,Muş,0
6721,Zeynep Erdoğan,customer06721@example.com,Kars,0
6722,Kaan Aydın,customer06722@example.com,Çorum,0
6723,Burak Koç,customer06723@example.com,Kahramanmaraş,0
6724,Burak Öztürk,customer06724@example.com,Şanlıurfa,0
6725,Arda Arslan,customer06725@example.com,Siirt,0
6726,Mehmet Arslan,customer06726@example.com,Adana,0
6727,Furkan Özdemir,customer06727@example.com,Diyarbakır,0
6728,Mehmet Kaya,customer06728@example.com,Tekirdağ,0
6729,Serkan Doğan,customer06729@example.com,Gaziantep,0
6730,Furkan Şahin,customer06730@example.com,Kastamonu,0
6731,Emre Doğan,customer06731@example.com,Kars,0
6732,Yusuf Kurt,customer06732@example.com,Adıyaman,0
6733,Arda Erdoğan,customer06733@example.com,Aydın,0
6734,Hakan Özdemir,customer06734@example.com,Manisa,0
6735,Mert Öztürk,customer06735@example.com,Sivas,0
6736,Burak Arslan,customer06736@example.com,Tunceli,0
6737,Berk Arslan,customer06737@example.com,Diyarbakır,0
6738,Arda Öztürk,customer06738@example.com,Sinop,0
6739,Melis Çelik,customer06739@example.com,Afyonkarahisar,0
6740,Seda Öztürk,customer06740@example.com,Şanlıurfa,0
6741,Berk Öztürk,customer06741@example.com,Kırıkkale,0
6742,Serkan Çelik,customer06742@example.com,Burdur,0
6743,Eren Aslan,customer06743@example.com,Zonguldak,0
6744,Eren Şahin,customer06744@example.com,İzmir,0
6745,Buse Erdoğan,customer06745@example.com,Kırşehir,0
6746,Fatma Koç,customer06746@example.com,Afyonkarahisar,0
6747,Mustafa Güneş,customer06747@example.com,Bolu,0
6748,Can Doğan,customer06748@example.com,Mersin,0
6749,Ece Öztürk,customer06749@example.com,Batman,0
6750,Buse Tekin,customer06750@example.com,Bartın,0
6751,Ece Erdoğan,customer06751@example.com,Erzincan,0
6752,Elif Polat,customer06752@example.com,Aksaray,0
6753,Ahmet Çelik,customer06753@example.com,Afyonkarahisar,0
6754,Ömer Aksoy,customer06754@example.com,Sakarya,0
6755,Hakan Kılıç,customer06755@example.com,Adana,0
6756,Arda Aydın,customer06756@example.com,Erzincan,0
6757,Ali Doğan,customer06757@example.com,Samsun,0
6758,Eren Arslan,customer06758@example.com,Iğdır,0
6759,Burak Koç,customer06759@example.com,Karabük,0
6760,Hakan Güneş,customer06760@example.com,Kahramanmaraş,0
6761,Ali Koç,customer06761@example.com,Trabzon,0
6762,Barış Aydın,customer06762@example.com,Isparta,0
6763,Ömer Kaya,customer06763@example.com,Malatya,0
6764,Kerem Polat,customer06764@example.com,Hatay,0
6765,Onur Kılıç,customer06765@example.com,Uşak,0
6766,Can Kurt,customer06766@example.com,Batman,0
6767,Ahmet Demir,customer06767@example.com,Bolu,0
6768,Hakan Çelik,customer06768@example.com,Hakkari,0
6769,Furkan Kaya,customer06769@example.com,Gaziantep,0
6770,Kaan Kurt,customer06770@example.com,Bayburt,0
6771,Fatma Demir,customer06771@example.com,Bolu,0
6772,Zeynep Aksoy,customer06772@example.com,Sinop,0
6773,Ayşe Çelik,customer06773@example.com,Gümüşhane,0
6774,Fatma Aydın,customer06774@example.com,Giresun,0
6775,Kerem Şahin,customer06775@example.com,Amasya,0
6776,Eren Yılmaz,customer06776@example.com,Iğdır,0
6777,Furkan Şahin,customer06777@example.com,Kars,0
6778,Elif Güneş,customer06778@example.com,Sivas,0
6779,Melis Aydın,customer06779@example.com,Bingöl,0
6780,Ömer Öztürk,customer06780@example.com,Kilis,0
6781,Ali Demir,customer06781@example.com,Mersin,0
6782,Ece Tekin,customer06782@example.com,Bayburt,0
6783,Fatma Öztürk,customer06783@example.com,Ankara,0
6784,Arda Arslan,customer06784@example.com,Karaman,0
6785,Yusuf Yılmaz,customer06785@example.com,Şanlıurfa,0
6786,Ceren Aydın,customer06786@example.com,Rize,0
6787,Melis Kılıç,customer06787@example.com,Bitlis,0
6788,Mustafa Erdoğan,customer06788@example.com,Ardahan,0
6789,Can Güneş,customer06789@example.com,Kars,0
6790,Ahmet Kurt,customer06790@example.com,Manisa,0
6791,Derya Aslan,customer06791@example.com,Sivas,0
6792,Onur Yıldız,customer06792@example.com,Ağrı,0
6793,Fatma Şahin,customer06793@example.com,Düzce,0
6794,Hakan Yılmaz,customer06794@example.com,Kars,0
6795,Burak Yıldız,customer06795@example.com,Diyarbakır,0
6796,Can Kaya,customer06796@example.com,Elazığ,0
6797,Burak Aydın,customer06797@example.com,Eskişehir,0
6798,Emre Doğan,customer06798@example.com,Tekirdağ,0
6799,Mehmet Özdemir,customer06799@example.com,Gümüşhane,0
6800,Barış Çelik,customer06800@example.com,Amasya,0
6801,Ali Aydın,customer06801@example.com,Mardin,0
6802,Elif Doğan,customer06802@example.com,Siirt,0
6803,Emre Demir,customer06803@example.com,Diyarbakır,0
6804,Arda Koç,customer06804@example.com,Adana,0
6805,Yusuf Aslan,customer06805@example.com,Amasya,0
6806,Onur Yıldız,customer06806@example.com,Sakarya,0
6807,Ali Demir,customer06807@example.com,Diyarbakır,0
6808,Burak Demir,customer06808@example.com,Denizli,0
6809,Furkan Şahin,customer06809@example.com,Siirt,0
6810,Can Yıldız,customer06810@example.com,İzmir,0
6811,Ayşe Erdoğan,customer06811@example.com,Batman,0
6812,Melis Erdoğan,customer06812@example.com,Iğdır,0
6813,Melis Güneş,customer06813@example.com,Kütahya,0
6814,Melis Özdemir,customer06814@example.com,Diyarbakır,0
6815,Ceren Tekin,customer06815@example.com,Bayburt,0
6816,Zeynep Güneş,customer06816@example.com,Giresun,0
6817,Kaan Kurt,customer06817@example.com,Elazığ,0
6818,Barış Özdemir,customer06818@example.com,Kars,0
6819,Ömer Arslan,customer06819@example.com,Karabük,0
6820,Burak Yılmaz,customer06820@example.com,Eskişehir,0
6821,Berk Doğan,customer06821@example.com,Muş,0
6822,Seda Aksoy,customer06822@example.com,Tokat,0
6823,Derya Demir,customer06823@example.com,Ardahan,0
6824,Ali Çelik,customer06824@example.com,Antalya,0
6825,Can Aksoy,customer06825@example.com,Burdur,0
6826,Onur Polat,customer06826@example.com,Niğde,0
6827,Derya Güneş,customer06827@example.com,Çankırı,0
6828,Mehmet Erdoğan,customer06828@example.com,Erzincan,0
6829,Onur Öztürk,customer06829@example.com,Çanakkale,0
6830,Can Kaya,customer06830@example.com,Yozgat,0
6831,Buse Tekin,customer06831@example.com,Karaman,0
6832,Melis Demir,customer06832@example.com,Hatay,0
6833,Onur Aksoy,customer06833@example.com,Bilecik,0
6834,Ömer Erdoğan,customer06834@example.com,Bayburt,0
6835,Mustafa Arslan,customer06835@example.com,İstanbul,0
6836,Ömer Aksoy,customer06836@example.com,Çankırı,0
6837,Ceren Yıldız,customer06837@example.com,Ankara,0
6838,Furkan Polat,customer06838@example.com,Gaziantep,0
6839,Emre Öztürk,customer06839@example.com,Bingöl,0
6840,Serkan Çelik,customer06840@example.com,Osmaniye,0
6841,Kaan Demir,customer06841@example.com,Samsun,0
6842,Fatma Aksoy,customer06842@example.com,Bilecik,0
6843,Fatma Kılıç,customer06843@example.com,Tekirdağ,0
6844,Yusuf Arslan,customer06844@example.com,Malatya,0
6845,Ahmet Kaya,customer06845@example.com,Adıyaman,0
6846,Seda Yılmaz,customer06846@example.com,Ağrı,0
6847,Buse Yılmaz,customer06847@example.com,Bilecik,0
6848,Ömer Yıldız,customer06848@example.com,Ardahan,0
6849,Mustafa Demir,customer06849@example.com,Erzurum,0
6850,Arda Şahin,customer06850@example.com,Sinop,0
6851,Ece Aksoy,customer06851@example.com,Muğla,0
6852,Mehmet Tekin,customer06852@example.com,Ağrı,0
6853,Fatma Çelik,customer06853@example.com,Kahramanmaraş,0
6854,Ömer Koç,customer06854@example.com,Burdur,0
6855,Ece Erdoğan,customer06855@example.com,Kayseri,0
6856,Seda Doğan,customer06856@example.com,İstanbul,0
6857,Yusuf Demir,customer06857@example.com,Karaman,0
6858,Ceren Çelik,customer06858@example.com,Yalova,0
6859,Zeynep Güneş,customer06859@example.com,Karaman,0
6860,Arda Doğan,customer06860@example.com,Şanlıurfa,0
6861,Serkan Demir,customer06861@example.com,Denizli,0
6862,Yusuf Doğan,customer06862@example.com,Van,0
6863,Barış Kaya,customer06863@example.com,Kocaeli,0
6864,Berk Polat,customer06864@example.com,Ankara,0
6865,Serkan Kurt,customer06865@example.com,Tokat,0
6866,Ahmet Kaya,customer06866@example.com,Yalova,0
6867,Mehmet Yılmaz,customer06867@example.com,İstanbul,0
6868,Melis Öztürk,customer06868@example.com,Muş,0
6869,Kerem Kılıç,customer06869@example.com,Bingöl,0
6870,Kerem Erdoğan,customer06870@example.com,Kars,0
6871,Serkan Çelik,customer06871@example.com,Ordu,0
6872,Berk Güneş,customer06872@example.com,Bursa,0
6873,Can Kurt,customer06873@example.com,Denizli,0
6874,Ece Arslan,customer06874@example.com,Yozgat,0
6875,Can Kılıç,customer06875@example.com,Muğla,0
6876,Zeynep Kaya,customer06876@example.com,Mardin,0
6877,Mert Yıldız,customer06877@example.com,Bartın,0
6878,Berk Kaya,customer06878@example.com,Kırıkkale,0
6879,Ayşe Kaya,customer06879@example.com,Düzce,0
6880,Arda Kaya,customer06880@example.com,Rize,0
6881,Burak Öztürk,customer06881@example.com,Rize,0
6882,Barış Tekin,customer06882@example.com,Batman,0
6883,Kaan Tekin,customer06883@example.com,Kahramanmaraş,0
6884,Ece Yılmaz,customer06884@example.com,Osmaniye,0
6885,Seda Erdoğan,customer06885@example.com,Erzincan,0
6886,Emre Demir,customer06886@example.com,Artvin,0
6887,Eren Kaya,customer06887@example.com,Bursa,0
6888,Buse Koç,customer06888@example.com,Mersin,0
6889,Ceren Erdoğan,customer06889@example.com,Bursa,0
6890,Melis Aksoy,customer06890@example.com,Aksaray,0
6891,Fatma Yılmaz,customer06891@example.com,İstanbul,0
6892,Elif Arslan,customer06892@example.com,Elazığ,0
6893,Onur Polat,customer06893@example.com,Uşak,0
6894,Melis Öztürk,customer06894@example.com,Zonguldak,0
6895,Burak Koç,customer06895@example.com,Erzurum,0
6896,Serkan Demir,customer06896@example.com,Ordu,0
6897,Eren Öztürk,customer06897@example.com,Denizli,0
6898,Zeynep Demir,customer06898@example.com,Çorum,0
6899,Ayşe Koç,customer06899@example.com,Osmaniye,0
6900,Zeynep Doğan,customer06900@example.com,Edirne,0
6901,Serkan Güneş,customer06901@example.com,Kırşehir,0
6902,Furkan Doğan,customer06902@example.com,Diyarbakır,0
6903,Ahmet Öztürk,customer06903@example.com,Sakarya,0
6904,Seda Çelik,customer06904@example.com,Muğla,0
6905,Fatma Erdoğan,customer06905@example.com,Siirt,0
6906,Burak Şahin,customer06906@example.com,Kırşehir,0
6907,Seda Arslan,customer06907@example.com,Bilecik,0
6908,Kaan Kaya,customer06908@example.com,Nevşehir,0
6909,Mert Koç,customer06909@example.com,Diyarbakır,0
6910,Kerem Aslan,customer06910@example.com,Kayseri,0
6911,Buse Kaya,customer06911@example.com,Erzincan,0
6912,Berk Öztürk,customer06912@example.com,Muğla,0
6913,Ömer Aksoy,customer06913@example.com,Erzincan,0
6914,Mert Aydın,customer06914@example.com,Afyonkarahisar,0
6915,Zeynep Demir,customer06915@example.com,Trabzon,0
6916,Berk Doğan,customer06916@example.com,Rize,0
6917,Ece Arslan,customer06917@example.com,Kayseri,0
6918,Serkan Güneş,customer06918@example.com,Aksaray,0
6919,Serkan Yılmaz,customer06919@example.com,Gümüşhane,0
6920,Fatma Şahin,customer06920@example.com,Muğla,0
6921,Can Aksoy,customer06921@example.com,Van,0
6922,Serkan Yıldız,customer06922@example.com,Kars,0
6923,Ömer Çelik,customer06923@example.com,Tokat,0
6924,Barış Kaya,customer06924@example.com,Malatya,0
6925,Mehmet Doğan,customer06925@example.com,Artvin,0
6926,Buse Doğan,customer06926@example.com,Hatay,0
6927,Burak Aydın,customer06927@example.com,Gaziantep,0
6928,Seda Aslan,customer06928@example.com,Erzurum,0
6929,Ceren Erdoğan,customer06929@example.com,Mersin,0
6930,Hakan Kılıç,customer06930@example.com,Bursa,0
6931,Berk Öztürk,customer06931@example.com,Çorum,0
6932,Ece Şahin,customer06932@example.com,Bingöl,0
6933,Ali Tekin,customer06933@example.com,Tekirdağ,0
6934,Serkan Özdemir,customer06934@example.com,Bursa,0
6935,Onur Kaya,customer06935@example.com,Karabük,0
6936,Burak Öztürk,customer06936@example.com,Iğdır,0
6937,Mustafa Aydın,customer06937@example.com,Uşak,0
6938,Burak Çelik,customer06938@example.com,Ordu,0
6939,Elif Kılıç,customer06939@example.com,Gümüşhane,0
6940,Mehmet Kurt,customer06940@example.com,Amasya,0
6941,Fatma Demir,customer06941@example.com,Bilecik,0
6942,Derya Tekin,customer06942@example.com,Van,0
6943,Arda Kılıç,customer06943@example.com,Nevşehir,0
6944,Ali Özdemir,customer06944@example.com,Van,0
6945,Buse Kurt,customer06945@example.com,Kırıkkale,0
6946,Fatma Erdoğan,customer06946@example.com,Adıyaman,0
6947,Ahmet Yıldız,customer06947@example.com,Gaziantep,0
6948,Ceren Yılmaz,customer06948@example.com,Ağrı,0
6949,Hakan Şahin,customer06949@example.com,Kütahya,0
6950,Seda Kurt,customer06950@example.com,Burdur,0
6951,Onur Çelik,customer06951@example.com,Yalova,0
6952,Serkan Yılmaz,customer06952@example.com,Isparta,0
6953,Ayşe Koç,customer06953@example.com,Kütahya,0
6954,Arda Polat,customer06954@example.com,İstanbul,0
6955,Fatma Doğan,customer06955@example.com,Yalova,0
6956,Ali Kurt,customer06956@example.com,Adana,0
6957,Melis Tekin,customer06957@example.com,Giresun,0
6958,Berk Aslan,customer06958@example.com,Kilis,0
6959,Ece Aslan,customer06959@example.com,Çankırı,0
6960,Melis Kaya,customer06960@example.com,Balıkesir,0
6961,Mert Tekin,customer06961@example.com,Balıkesir,0
6962,Ece Şahin,customer06962@example.com,Aksaray,0
6963,Elif Güneş,customer06963@example.com,Kastamonu,0
6964,Ali Aksoy,customer06964@example.com,Kayseri,0
6965,Can Öztürk,customer06965@example.com,Niğde,0
6966,Serkan Polat,customer06966@example.com,Malatya,0
6967,Ceren Yılmaz,customer06967@example.com,Iğdır,0
6968,Emre Kurt,customer06968@example.com,Erzurum,0
6969,Yusuf Yıldız,customer06969@example.com,Giresun,0
6970,Barış Tekin,customer06970@example.com,Van,0
6971,Emre Demir,customer06971@example.com,Hatay,0
6972,Kaan Arslan,customer06972@example.com,Kütahya,0
6973,Ömer Kurt,customer06973@example.com,Balıkesir,0
6974,Mustafa Arslan,customer06974@example.com,Amasya,0
6975,Ayşe Doğan,customer06975@example.com,Çanakkale,0
6976,Serkan Aksoy,customer06976@example.com,Rize,0
6977,Fatma Kaya,customer06977@example.com,Mardin,0
6978,Elif Yılmaz,customer06978@example.com,Malatya,0
6979,Can Polat,customer06979@example.com,Niğde,0
6980,Furkan Kurt,customer06980@example.com,Ankara,0
6981,Serkan Şahin,customer06981@example.com,Burdur,0
6982,Fatma Çelik,customer06982@example.com,Samsun,0
6983,Seda Yılmaz,customer06983@example.com,Ankara,0
6984,Burak Kaya,customer06984@example.com,Zonguldak,0
6985,Melis Aydın,customer06985@example.com,Mardin,0
6986,Berk Koç,customer06986@example.com,Karabük,0
6987,Mustafa Yılmaz,customer06987@example.com,Nevşehir,0
6988,Emre Özdemir,customer06988@example.com,Balıkesir,0
6989,Ömer Aydın,customer06989@example.com,Bitlis,0
6990,Yusuf Aydın,customer06990@example.com,Mersin,0
6991,Melis Kılıç,customer06991@example.com,Kahramanmaraş,0
6992,Mehmet Kurt,customer06992@example.com,Yozgat,0
6993,Onur Yıldız,customer06993@example.com,Siirt,0
6994,Hakan Şahin,customer06994@example.com,Şanlıurfa,0
6995,Elif Polat,customer06995@example.com,Samsun,0
6996,Seda Aksoy,customer06996@example.com,Çorum,0
6997,Barış Aydın,customer06997@example.com,Aksaray,0
6998,Ceren Arslan,customer06998@example.com,Kayseri,0
6999,Fatma Kaya,customer06999@example.com,Burdur,0
7000,Can Doğan,customer07000@example.com,Kırıkkale,0
7001,Ahmet Erdoğan,customer07001@example.com,Sivas,0
7002,Seda Aydın,customer07002@example.com,Malatya,0
7003,Mert Öztürk,customer07003@example.com,Tunceli,0
7004,Buse Aksoy,customer07004@example.com,Aksaray,0
7005,Emre Kurt,customer07005@example.com,Ankara,0
7006,Burak Öztürk,customer07006@example.com,Muğla,0
7007,Barış Şahin,customer07007@example.com,Antalya,0
7008,Ali Aslan,customer07008@example.com,Sivas,0
7009,Ayşe Yılmaz,customer07009@example.com,Karabük,0
7010,Ceren Kaya,customer07010@example.com,Van,0
7011,Kerem Güneş,customer07011@example.com,Ardahan,0
7012,Ayşe Demir,customer07012@example.com,Kayseri,0
7013,Mert Güneş,customer07013@example.com,Erzincan,0
7014,Derya Yılmaz,customer07014@example.com,Sivas,0
7015,Eren Güneş,customer07015@example.com,Edirne,0
7016,Berk Tekin,customer07016@example.com,Bartın,0
7017,Barış Kurt,customer07017@example.com,Osmaniye,0
7018,Hakan Koç,customer07018@example.com,Kayseri,0
7019,Ceren Aksoy,customer07019@example.com,Karabük,0
7020,Seda Tekin,customer07020@example.com,Tekirdağ,0
7021,Mustafa Erdoğan,customer07021@example.com,Kayseri,0
7022,Emre Aksoy,customer07022@example.com,Mardin,0
7023,Hakan Koç,customer07023@example.com,Şırnak,0
7024,Can Çelik,customer07024@example.com,Kütahya,0
7025,Hakan Şahin,customer07025@example.com,Kayseri,0
7026,Ahmet Erdoğan,customer07026@example.com,Kırşehir,0
7027,Hakan Tekin,customer07027@example.com,Erzurum,0
7028,Yusuf Aydın,customer07028@example.com,Bolu,0
7029,Yusuf Öztürk,customer07029@example.com,Kayseri,0
7030,Seda Çelik,customer07030@example.com,Siirt,0
7031,Berk Güneş,customer07031@example.com,Batman,0
7032,Mehmet Kurt,customer07032@example.com,Osmaniye,0
7033,Ayşe Yılmaz,customer07033@example.com,Batman,0
7034,Arda Çelik,customer07034@example.com,Niğde,0
7035,Elif Şahin,customer07035@example.com,Tekirdağ,0
7036,Seda Kurt,customer07036@example.com,Ağrı,0
7037,Elif Özdemir,customer07037@example.com,Elazığ,0
7038,Fatma Aydın,customer07038@example.com,Kırşehir,0
7039,Onur Öztürk,customer07039@example.com,Zonguldak,0
7040,Barış Öztürk,customer07040@example.com,Konya,0
7041,Zeynep Tekin,customer07041@example.com,Mardin,0
7042,Elif Öztürk,customer07042@example.com,Zonguldak,0
7043,Emre Aksoy,customer07043@example.com,Afyonkarahisar,0
7044,Ceren Doğan,customer07044@example.com,Adana,0
7045,Melis Aslan,customer07045@example.com,Rize,0
7046,Melis Şahin,customer07046@example.com,Çorum,0
7047,Melis Güneş,customer07047@example.com,Kilis,0
7048,Furkan Kılıç,customer07048@example.com,Ağrı,0
7049,Onur Çelik,customer07049@example.com,Ordu,0
7050,Hakan Aslan,customer07050@example.com,Karaman,0
7051,Zeynep Çelik,customer07051@example.com,Siirt,0
7052,Zeynep Arslan,customer07052@example.com,Bingöl,0
7053,Ece Aksoy,customer07053@example.com,Muş,0
7054,Hakan Koç,customer07054@example.com,Manisa,0
7055,Furkan Demir,customer07055@example.com,Giresun,0
7056,Ahmet Aksoy,customer07056@example.com,Tunceli,0
7057,Ece Kurt,customer07057@example.com,Bitlis,0
7058,Zeynep Çelik,customer07058@example.com,Erzurum,0
7059,Ece Erdoğan,customer07059@example.com,Kocaeli,0
7060,Hakan Kılıç,customer07060@example.com,Bursa,0
7061,Eren Aydın,customer07061@example.com,İzmir,0
7062,Berk Aksoy,customer07062@example.com,Denizli,0
7063,Can Güneş,customer07063@example.com,Kırşehir,0
7064,Buse Erdoğan,customer07064@example.com,İzmir,0
7065,Elif Kaya,customer07065@example.com,Ağrı,0
7066,Ceren Yıldız,customer07066@example.com,Tunceli,0
7067,Seda Öztürk,customer07067@example.com,Adana,0
7068,Ahmet Erdoğan,customer07068@example.com,Siirt,0
7069,Barış Koç,customer07069@example.com,Nevşehir,0
7070,Mustafa Kaya,customer07070@example.com,Burdur,0
7071,Ceren Koç,customer07071@example.com,Van,0
7072,Burak Demir,customer07072@example.com,Bilecik,0
7073,Zeynep Aydın,customer07073@example.com,Kilis,0
7074,Ömer Yılmaz,customer07074@example.com,Antalya,0
7075,Mustafa Koç,customer07075@example.com,Aksaray,0
7076,Mehmet Tekin,customer07076@example.com,Kars,0
7077,Mustafa Doğan,customer07077@example.com,Düzce,0
7078,Barış Demir,customer07078@example.com,Konya,0
7079,Mehmet Özdemir,customer07079@example.com,Rize,0
7080,Seda Yıldız,customer07080@example.com,Düzce,0
7081,Serkan Aydın,customer07081@example.com,Ardahan,0
7082,Kaan Kurt,customer07082@example.com,Düzce,0
7083,Emre Kaya,customer07083@example.com,Muğla,0
7084,Can Arslan,customer07084@example.com,İzmir,0
7085,Ahmet Polat,customer07085@example.com,Sinop,0
7086,Kaan Tekin,customer07086@example.com,Kastamonu,0
7087,Berk Yıldız,customer07087@example.com,Artvin,0
7088,Ayşe Özdemir,customer07088@example.com,Çankırı,0
7089,Fatma Koç,customer07089@example.com,Rize,0
7090,Zeynep Çelik,customer07090@example.com,Yalova,0
7091,Emre Aslan,customer07091@example.com,Afyonkarahisar,0
7092,Onur Demir,customer07092@example.com,Şanlıurfa,0
7093,Fatma Polat,customer07093@example.com,Nevşehir,0
7094,Derya Kaya,customer07094@example.com,Diyarbakır,0
7095,Hakan Tekin,customer07095@example.com,Aydın,0
7096,Seda Arslan,customer07096@example.com,Afyonkarahisar,0
7097,Berk Erdoğan,customer07097@example.com,Bayburt,0
7098,Eren Demir,customer07098@example.com,Erzurum,0
7099,Burak Aydın,customer07099@example.com,Tekirdağ,0
7100,Can Demir,customer07100@example.com,Çanakkale,0
7101,Derya Kılıç,customer07101@example.com,Kahramanmaraş,0
7102,Ayşe Yıldız,customer07102@example.com,Eskişehir,0
7103,Kerem Koç,customer07103@example.com,Bolu,0
7104,Kaan Aksoy,customer07104@example.com,Bilecik,0
7105,Kaan Yılmaz,customer07105@example.com,Gaziantep,0
7106,Buse Yıldız,customer07106@example.com,Bolu,0
7107,Mustafa Tekin,customer07107@example.com,Diyarbakır,0
7108,Ahmet Koç,customer07108@example.com,Burdur,0
7109,Can Kurt,customer07109@example.com,Hatay,0
7110,Ceren Erdoğan,customer07110@example.com,Kocaeli,0
7111,Emre Özdemir,customer07111@example.com,Uşak,0
7112,Onur Güneş,customer07112@example.com,Manisa,0
7113,Berk Şahin,customer07113@example.com,Erzurum,0
7114,Burak Özdemir,customer07114@example.com,Balıkesir,0
7115,Melis Aksoy,customer07115@example.com,Kayseri,0
7116,Mert Arslan,customer07116@example.com,Iğdır,0
7117,Mehmet Yıldız,customer07117@example.com,Ardahan,0
7118,Ömer Kaya,customer07118@example.com,Çorum,0
7119,Buse Koç,customer07119@example.com,Kayseri,0
7120,Serkan Kaya,customer07120@example.com,Bitlis,0
7121,Furkan Arslan,customer07121@example.com,Kastamonu,0
7122,Mehmet Öztürk,customer07122@example.com,Sivas,0
7123,Burak Arslan,customer07123@example.com,Bolu,0
7124,Berk Polat,customer07124@example.com,Bayburt,0
7125,Ali Çelik,customer07125@example.com,Tokat,0
7126,Fatma Polat,customer07126@example.com,Yozgat,0
7127,Yusuf Yıldız,customer07127@example.com,Balıkesir,0
7128,Ahmet Yıldız,customer07128@example.com,Bingöl,0
7129,Melis Polat,customer07129@example.com,Iğdır,0
7130,Onur Yıldız,customer07130@example.com,Bolu,0
7131,Elif Aydın,customer07131@example.com,İstanbul,0
7132,Serkan Kurt,customer07132@example.com,Edirne,0
7133,Hakan Aksoy,customer07133@example.com,Malatya,0
7134,Fatma Polat,customer07134@example.com,Karabük,0
7135,Kaan Öztürk,customer07135@example.com,Samsun,0
7136,Buse Öztürk,customer07136@example.com,Karaman,0
7137,Can Şahin,customer07137@example.com,Yozgat,0
7138,Yusuf Aksoy,customer07138@example.com,Kocaeli,0
7139,Furkan Yılmaz,customer07139@example.com,Malatya,0
7140,Can Güneş,customer07140@example.com,Sivas,0
7141,Fatma Yılmaz,customer07141@example.com,Uşak,0
7142,Ece Güneş,customer07142@example.com,Karaman,0
7143,Fatma Kurt,customer07143@example.com,Ordu,0
7144,Zeynep Şahin,customer07144@example.com,Tekirdağ,0
7145,Arda Kaya,customer07145@example.com,Ordu,0
7146,Buse Polat,customer07146@example.com,Hatay,0
7147,Melis Koç,customer07147@example.com,Zonguldak,0
7148,Seda Çelik,customer07148@example.com,Adıyaman,0
7149,Kerem Yılmaz,customer07149@example.com,Muş,0
7150,Onur Çelik,customer07150@example.com,Bilecik,0
7151,Zeynep Yıldız,customer07151@example.com,Erzincan,0
7152,Can Aslan,customer07152@example.com,Konya,0
7153,Zeynep Yıldız,customer07153@example.com,Bingöl,0
7154,Berk Aslan,customer07154@example.com,Adıyaman,0
7155,Seda Kılıç,customer07155@example.com,Karaman,0
7156,Kaan Şahin,customer07156@example.com,İstanbul,0
7157,Berk Güneş,customer07157@example.com,Denizli,0
7158,Fatma Demir,customer07158@example.com,Zonguldak,0
7159,Elif Yıldız,customer07159@example.com,Balıkesir,0
7160,Hakan Çelik,customer07160@example.com,Konya,0
7161,Hakan Koç,customer07161@example.com,Tekirdağ,0
7162,Seda Tekin,customer07162@example.com,Ankara,0
7163,Onur Güneş,customer07163@example.com,Bayburt,0
7164,Seda Arslan,customer07164@example.com,Hatay,0
7165,Furkan Tekin,customer07165@example.com,Karabük,0
7166,Onur Doğan,customer07166@example.com,Karaman,0
7167,Buse Yılmaz,customer07167@example.com,Diyarbakır,0
7168,Emre Kaya,customer07168@example.com,Kütahya,0
7169,Ece Kaya,customer07169@example.com,Karabük,0
7170,Ayşe Öztürk,customer07170@example.com,Karaman,0
7171,Furkan Tekin,customer07171@example.com,Mersin,0
7172,Serkan Doğan,customer07172@example.com,Çanakkale,0
7173,Mert Tekin,customer07173@example.com,Malatya,0
7174,Buse Tekin,customer07174@example.com,Yozgat,0
7175,Onur Demir,customer07175@example.com,Bilecik,0
7176,Mert Aslan,customer07176@example.com,Sivas,0
7177,Elif Aksoy,customer07177@example.com,Van,0
7178,Kaan Kaya,customer07178@example.com,Sinop,0
7179,Mustafa Aslan,customer07179@example.com,Elazığ,0
7180,Can Aksoy,customer07180@example.com,Ordu,0
7181,Kaan Koç,customer07181@example.com,Tunceli,0
7182,Burak Aksoy,customer07182@example.com,Erzincan,0
7183,Ahmet Tekin,customer07183@example.com,Sivas,0
7184,Eren Koç,customer07184@example.com,Balıkesir,0
7185,Barış Demir,customer07185@example.com,Düzce,0
7186,Zeynep Özdemir,customer07186@example.com,Uşak,0
7187,Barış Aksoy,customer07187@example.com,Uşak,0
7188,Berk Aksoy,customer07188@example.com,Denizli,0
7189,Buse Tekin,customer07189@example.com,Bartın,0
7190,Derya Kurt,customer07190@example.com,Van,0
7191,Arda Çelik,customer07191@example.com,Çanakkale,0
7192,Ömer Erdoğan,customer07192@example.com,Bartın,0
7193,Burak Polat,customer07193@example.com,Amasya,0
7194,Ece Aksoy,customer07194@example.com,Kocaeli,0
7195,Zeynep Erdoğan,customer07195@example.com,Adana,0
7196,Berk Yıldız,customer07196@example.com,Düzce,0
7197,Ece Öztürk,customer07197@example.com,Muğla,0
7198,Mehmet Arslan,customer07198@example.com,Ağrı,0
7199,Zeynep Aslan,customer07199@example.com,Nevşehir,0
7200,Berk Tekin,customer07200@example.com,Kütahya,0
7201,Zeynep Özdemir,customer07201@example.com,Şırnak,0
7202,Mehmet Yılmaz,customer07202@example.com,Bursa,0
7203,Yusuf Arslan,customer07203@example.com,Karaman,0
7204,Yusuf Kılıç,customer07204@example.com,Muğla,0
7205,Eren Arslan,customer07205@example.com,Erzincan,0
7206,Derya Erdoğan,customer07206@example.com,Niğde,0
7207,Kaan Güneş,customer07207@example.com,Niğde,0
7208,Burak Çelik,customer07208@example.com,Kahramanmaraş,0
7209,Ceren Tekin,customer07209@example.com,Kayseri,0
7210,Yusuf Öztürk,customer07210@example.com,Çankırı,0
7211,Zeynep Aksoy,customer07211@example.com,Bartın,0
7212,Buse Arslan,customer07212@example.com,Niğde,0
7213,Ceren Öztürk,customer07213@example.com,Erzurum,0
7214,Onur Güneş,customer07214@example.com,Bolu,0
7215,Ömer Koç,customer07215@example.com,Edirne,0
7216,Eren Demir,customer07216@example.com,Konya,0
7217,Yusuf Aksoy,customer07217@example.com,Malatya,0
7218,Fatma Polat,customer07218@example.com,Elazığ,0
7219,Derya Kılıç,customer07219@example.com,Nevşehir,0
7220,Yusuf Güneş,customer07220@example.com,Edirne,0
7221,Berk Güneş,customer07221@example.com,Gümüşhane,0
7222,Buse Öztürk,customer07222@example.com,Malatya,0
7223,Serkan Tekin,customer07223@example.com,Muğla,0
7224,Ali Öztürk,customer07224@example.com,Van,0
7225,Ali Aksoy,customer07225@example.com,Niğde,0
7226,Kerem Aslan,customer07226@example.com,Ağrı,0
7227,Elif Polat,customer07227@example.com,Zonguldak,0
7228,Eren Koç,customer07228@example.com,Batman,0
7229,Ömer Yılmaz,customer07229@example.com,Kilis,0
7230,Ömer Polat,customer07230@example.com,Kastamonu,0
7231,Ceren Arslan,customer07231@example.com,Gümüşhane,0
7232,Ahmet Aydın,customer07232@example.com,Kırşehir,0
7233,Elif Tekin,customer07233@example.com,Bursa,0
7234,Melis Erdoğan,customer07234@example.com,Bartın,0
7235,Mustafa Şahin,customer07235@example.com,Tunceli,0
7236,Barış Polat,customer07236@example.com,Edirne,0
7237,Mehmet Aydın,customer07237@example.com,Zonguldak,0
7238,Ceren Kılıç,customer07238@example.com,Ardahan,0
7239,Can Arslan,customer07239@example.com,Amasya,0
7240,Mustafa Aslan,customer07240@example.com,Gaziantep,0
7241,Berk Doğan,customer07241@example.com,Bingöl,0
7242,Ömer Doğan,customer07242@example.com,Tekirdağ,0
7243,Ali Kılıç,customer07243@example.com,Konya,0
7244,Burak Şahin,customer07244@example.com,Giresun,0
7245,Fatma Yıldız,customer07245@example.com,Mardin,0
7246,Barış Aydın,customer07246@example.com,Sakarya,0
7247,Arda Erdoğan,customer07247@example.com,Bitlis,0
7248,Can Kurt,customer07248@example.com,Sivas,0
7249,Buse Kılıç,customer07249@example.com,Ankara,0
7250,Ahmet Tekin,customer07250@example.com,İzmir,0
7251,Buse Çelik,customer07251@example.com,Bolu,0
7252,Mert Demir,customer07252@example.com,Amasya,0
7253,Seda Aslan,customer07253@example.com,Elazığ,0
7254,Kaan Koç,customer07254@example.com,Kilis,0
7255,Serkan Şahin,customer07255@example.com,Iğdır,0
7256,Serkan Polat,customer07256@example.com,Batman,0
7257,Mehmet Tekin,customer07257@example.com,Çanakkale,0
7258,Seda Polat,customer07258@example.com,Adana,0
7259,Eren Aslan,customer07259@example.com,Çanakkale,0
7260,Can Erdoğan,customer07260@example.com,Aksaray,0
7261,Onur Aslan,customer07261@example.com,Ordu,0
7262,Yusuf Çelik,customer07262@example.com,Kütahya,0
7263,Onur Kurt,customer07263@example.com,Sakarya,0
7264,Mehmet Kılıç,customer07264@example.com,Ardahan,0
7265,Serkan Kurt,customer07265@example.com,Sivas,0
7266,Onur Özdemir,customer07266@example.com,Kars,0
7267,Mert Yıldız,customer07267@example.com,Çankırı,0
7268,Arda Kılıç,customer07268@example.com,Yozgat,0
7269,Ömer Arslan,customer07269@example.com,Karaman,0
7270,Elif Kılıç,customer07270@example.com,Iğdır,0
7271,Furkan Aslan,customer07271@example.com,Kocaeli,0
7272,Ece Tekin,customer07272@example.com,Kastamonu,0
7273,Yusuf Erdoğan,customer07273@example.com,Çanakkale,0
7274,Mert Tekin,customer07274@example.com,Bursa,0
7275,Mustafa Kurt,customer07275@example.com,Kütahya,0
7276,Ahmet Çelik,customer07276@example.com,Adana,0
7277,Melis Kaya,customer07277@example.com,Ankara,0
7278,Emre Doğan,customer07278@example.com,Muğla,0
7279,Elif Öztürk,customer07279@example.com,Iğdır,0
7280,Elif Öztürk,customer07280@example.com,Balıkesir,0
7281,Can Çelik,customer07281@example.com,Burdur,0
7282,Ece Kılıç,customer07282@example.com,Kocaeli,0
7283,Mustafa Aydın,customer07283@example.com,Adana,0
7284,Ömer Kılıç,customer07284@example.com,Tunceli,0
7285,Mehmet Erdoğan,customer07285@example.com,Gaziantep,0
7286,Elif Kurt,customer07286@example.com,Batman,0
7287,Fatma Yıldız,customer07287@example.com,Bitlis,0
7288,Mert Doğan,customer07288@example.com,Kastamonu,0
7289,Buse Erdoğan,customer07289@example.com,Aksaray,0
7290,Barış Koç,customer07290@example.com,Nevşehir,0
7291,Hakan Tekin,customer07291@example.com,Şanlıurfa,0
7292,Emre Polat,customer07292@example.com,Gümüşhane,0
7293,Furkan Özdemir,customer07293@example.com,Sinop,0
7294,Fatma Doğan,customer07294@example.com,Rize,0
7295,Emre Yılmaz,customer07295@example.com,Çanakkale,0
7296,Kerem Erdoğan,customer07296@example.com,Edirne,0
7297,Derya Aslan,customer07297@example.com,Kastamonu,0
7298,Burak Demir,customer07298@example.com,Aksaray,0
7299,Burak Yıldız,customer07299@example.com,Karaman,0
7300,Ece Şahin,customer07300@example.com,Çankırı,0
7301,Burak Demir,customer07301@example.com,Çanakkale,0
7302,Burak Tekin,customer07302@example.com,Çorum,0
7303,Melis Yılmaz,customer07303@example.com,Düzce,0
7304,Mert Tekin,customer07304@example.com,Bingöl,0
7305,Mehmet Koç,customer07305@example.com,Adıyaman,0
7306,Melis Demir,customer07306@example.com,Zonguldak,0
7307,Can Kurt,customer07307@example.com,İstanbul,0
7308,Arda Yıldız,customer07308@example.com,Gaziantep,0
7309,Ayşe Aksoy,customer07309@example.com,Tokat,0
7310,Kerem Yılmaz,customer07310@example.com,Bayburt,0
7311,Yusuf Polat,customer07311@example.com,Ordu,0
7312,Serkan Demir,customer07312@example.com,Tekirdağ,0
7313,Yusuf Yıldız,customer07313@example.com,Manisa,0
7314,Arda Özdemir,customer07314@example.com,Konya,0
7315,Eren Aslan,customer07315@example.com,Batman,0
7316,Elif Arslan,customer07316@example.com,Tunceli,0
7317,Emre Koç,customer07317@example.com,Denizli,0
7318,Buse Güneş,customer07318@example.com,Amasya,0
7319,Ömer Çelik,customer07319@example.com,Osmaniye,0
7320,Mustafa Erdoğan,customer07320@example.com,Tekirdağ,0
7321,Berk Aksoy,customer07321@example.com,Hatay,0
7322,Fatma Şahin,customer07322@example.com,Niğde,0
7323,Mehmet Aksoy,customer07323@example.com,Erzincan,0
7324,Ayşe Özdemir,customer07324@example.com,Bursa,0
7325,Elif Polat,customer07325@example.com,Elazığ,0
7326,Mustafa Özdemir,customer07326@example.com,Giresun,0
7327,Burak Özdemir,customer07327@example.com,Giresun,0
7328,Derya Güneş,customer07328@example.com,Ardahan,0
7329,Yusuf Yılmaz,customer07329@example.com,Konya,0
7330,Yusuf Yıldız,customer07330@example.com,Denizli,0
7331,Hakan Güneş,customer07331@example.com,Kilis,0
7332,Burak Kurt,customer07332@example.com,Edirne,0
7333,Ali Kurt,customer07333@example.com,Konya,0
7334,Zeynep Güneş,customer07334@example.com,Balıkesir,0
7335,Elif Doğan,customer07335@example.com,Hatay,0
7336,Onur Aksoy,customer07336@example.com,Çorum,0
7337,Can Yıldız,customer07337@example.com,Konya,0
7338,Elif Aslan,customer07338@example.com,Isparta,0
7339,Ece Güneş,customer07339@example.com,Karaman,0
7340,Burak Kılıç,customer07340@example.com,Batman,0
7341,Mert Arslan,customer07341@example.com,Sakarya,0
7342,Ali Polat,customer07342@example.com,Tokat,0
7343,Fatma Polat,customer07343@example.com,Gümüşhane,0
7344,Yusuf Koç,customer07344@example.com,Kayseri,0
7345,Can Yılmaz,customer07345@example.com,Bartın,0
7346,Ömer Arslan,customer07346@example.com,Mersin,0
7347,Hakan Polat,customer07347@example.com,Kilis,0
7348,Ayşe Şahin,customer07348@example.com,Erzincan,0
7349,Melis Özdemir,customer07349@example.com,Karabük,0
7350,Ceren Güneş,customer07350@example.com,Sinop,0
7351,Ahmet Yıldız,customer07351@example.com,Bartın,0
7352,Yusuf Özdemir,customer07352@example.com,Aydın,0
7353,Yusuf Kaya,customer07353@example.com,Kütahya,0
7354,Can Tekin,customer07354@example.com,Tokat,0
7355,Seda Erdoğan,customer07355@example.com,Uşak,0
7356,Fatma Şahin,customer07356@example.com,Giresun,0
7357,Arda Kılıç,customer07357@example.com,Çankırı,0
7358,Hakan Aksoy,customer07358@example.com,Zonguldak,0
7359,Can Çelik,customer07359@example.com,Denizli,0
7360,Ahmet Şahin,customer07360@example.com,Çankırı,0
7361,Ece Aslan,customer07361@example.com,Niğde,0
7362,Fatma Kaya,customer07362@example.com,Kırıkkale,0
7363,Burak Yıldız,customer07363@example.com,Amasya,0
7364,Melis Kaya,customer07364@example.com,İstanbul,0
7365,Seda Aksoy,customer07365@example.com,Şanlıurfa,0
7366,Barış Özdemir,customer07366@example.com,Zonguldak,0
7367,Serkan Erdoğan,customer07367@example.com,Şırnak,0
7368,Kaan Aslan,customer07368@example.com,Gaziantep,0
7369,Ayşe Aslan,customer07369@example.com,Yozgat,0
7370,Kerem Yıldız,customer07370@example.com,Hatay,0
7371,Elif Aksoy,customer07371@example.com,Niğde,0
7372,Derya Kaya,customer07372@example.com,Ankara,0
7373,Burak Yılmaz,customer07373@example.com,Kars,0
7374,Mert Öztürk,customer07374@example.com,Nevşehir,0
7375,Elif Demir,customer07375@example.com,Bartın,0
7376,Buse Güneş,customer07376@example.com,Konya,0
7377,Ali Özdemir,customer07377@example.com,Aydın,0
7378,Kerem Yıldız,customer07378@example.com,Gaziantep,0
7379,Buse Güneş,customer07379@example.com,Bingöl,0
7380,Ahmet Çelik,customer07380@example.com,Bartın,0
7381,Yusuf Güneş,customer07381@example.com,Manisa,0
7382,Zeynep Yılmaz,customer07382@example.com,Bingöl,0
7383,Mert Aydın,customer07383@example.com,Tunceli,0
7384,Eren Erdoğan,customer07384@example.com,Erzurum,0
7385,Mehmet Tekin,customer07385@example.com,Eskişehir,0
7386,Derya Yılmaz,customer07386@example.com,Bartın,0
7387,Furkan Polat,customer07387@example.com,Bilecik,0
7388,Burak Güneş,customer07388@example.com,Uşak,0
7389,Mustafa Tekin,customer07389@example.com,Burdur,0
7390,Emre Koç,customer07390@example.com,Antalya,0
7391,Elif Çelik,customer07391@example.com,Denizli,0
7392,Ali Aydın,customer07392@example.com,Diyarbakır,0
7393,Ali Özdemir,customer07393@example.com,Rize,0
7394,Kaan Çelik,customer07394@example.com,Antalya,0
7395,Ali Tekin,customer07395@example.com,Bingöl,0
7396,Ali Şahin,customer07396@example.com,Muş,0
7397,Berk Şahin,customer07397@example.com,Çanakkale,0
7398,Derya Yıldız,customer07398@example.com,Ankara,0
7399,Ali Tekin,customer07399@example.com,Amasya,0
7400,Kaan Çelik,customer07400@example.com,Malatya,0
7401,Zeynep Erdoğan,customer07401@example.com,Sinop,0
7402,Derya Öztürk,customer07402@example.com,Eskişehir,0
7403,Derya Tekin,customer07403@example.com,Giresun,0
7404,Mehmet Doğan,customer07404@example.com,Bartın,0
7405,Burak Kurt,customer07405@example.com,Muş,0
7406,Ömer Aydın,customer07406@example.com,Bayburt,0
7407,Ahmet Yıldız,customer07407@example.com,Tekirdağ,0
7408,Elif Doğan,customer07408@example.com,Zonguldak,0
7409,Ali Çelik,customer07409@example.com,Kastamonu,0
7410,Yusuf Şahin,customer07410@example.com,Bingöl,0
7411,Mert Yılmaz,customer07411@example.com,Batman,0
7412,Zeynep Koç,customer07412@example.com,Düzce,0
7413,Serkan Çelik,customer07413@example.com,Malatya,0
7414,Buse Yılmaz,customer07414@example.com,Bartın,0
7415,Zeynep Kılıç,customer07415@example.com,Çankırı,0
7416,Emre Tekin,customer07416@example.com,Kastamonu,0
7417,Berk Çelik,customer07417@example.com,Afyonkarahisar,0
7418,Ceren Güneş,customer07418@example.com,Erzurum,0
7419,Ayşe Aslan,customer07419@example.com,Manisa,0
7420,Fatma Koç,customer07420@example.com,Aydın,0
7421,Ece Yılmaz,customer07421@example.com,Giresun,0
7422,Ayşe Güneş,customer07422@example.com,Yalova,0
7423,Kerem Çelik,customer07423@example.com,Ardahan,0
7424,Arda Yılmaz,customer07424@example.com,Bitlis,0
7425,Can Özdemir,customer07425@example.com,Bursa,0
7426,Emre Arslan,customer07426@example.com,Erzurum,0
7427,Furkan Aslan,customer07427@example.com,Kırıkkale,0
7428,Ömer Aksoy,customer07428@example.com,Mardin,0
7429,Berk Doğan,customer07429@example.com,Çanakkale,0
7430,Burak Yılmaz,customer07430@example.com,İstanbul,0
7431,Mustafa Çelik,customer07431@example.com,Ağrı,0
7432,Emre Polat,customer07432@example.com,Antalya,0
7433,Furkan Şahin,customer07433@example.com,Mardin,0
7434,Barış Yıldız,customer07434@example.com,Tunceli,0
7435,Can Aksoy,customer07435@example.com,Uşak,0
7436,Eren Kaya,customer07436@example.com,Edirne,0
7437,Barış Tekin,customer07437@example.com,Artvin,0
7438,Kaan Demir,customer07438@example.com,Siirt,0
7439,Furkan Güneş,customer07439@example.com,Afyonkarahisar,0
7440,Furkan Öztürk,customer07440@example.com,Çanakkale,0
7441,Emre Doğan,customer07441@example.com,Aksaray,0
7442,Elif Şahin,customer07442@example.com,Malatya,0
7443,Ömer Arslan,customer07443@example.com,Diyarbakır,0
7444,Ceren Yılmaz,customer07444@example.com,Gümüşhane,0
7445,Ayşe Doğan,customer07445@example.com,Amasya,0
7446,Can Kaya,customer07446@example.com,Bursa,0
7447,Ahmet Tekin,customer07447@example.com,Mardin,0
7448,Derya Koç,customer07448@example.com,Uşak,0
7449,Hakan Özdemir,customer07449@example.com,Muğla,0
7450,Furkan Doğan,customer07450@example.com,Osmaniye,0
7451,Mustafa Aslan,customer07451@example.com,Sinop,0
7452,Hakan Aslan,customer07452@example.com,Muğla,0
7453,Mert Kurt,customer07453@example.com,Elazığ,0
7454,Can Arslan,customer07454@example.com,Tunceli,0
7455,Ceren Şahin,customer07455@example.com,Çankırı,0
7456,Ceren Arslan,customer07456@example.com,Tokat,0
7457,Furkan Yılmaz,customer07457@example.com,Burdur,0
7458,Mehmet Aksoy,customer07458@example.com,Artvin,0
7459,Seda Şahin,customer07459@example.com,Yozgat,0
7460,Ali Kaya,customer07460@example.com,Gaziantep,0
7461,Ahmet Kurt,customer07461@example.com,Kırıkkale,0
7462,Can Şahin,customer07462@example.com,Sivas,0
7463,Berk Arslan,customer07463@example.com,Bingöl,0
7464,Arda Yıldız,customer07464@example.com,Samsun,0
7465,Serkan Kaya,customer07465@example.com,Karaman,0
7466,Ahmet Erdoğan,customer07466@example.com,Bitlis,0
7467,Ece Aslan,customer07467@example.com,Sivas,0
7468,Ali Çelik,customer07468@example.com,Iğdır,0
7469,Ahmet Şahin,customer07469@example.com,Malatya,0
7470,Ayşe Kaya,customer07470@example.com,Tokat,0
7471,Mustafa Aydın,customer07471@example.com,Yozgat,0
7472,Mehmet Kurt,customer07472@example.com,Sivas,0
7473,Ali Öztürk,customer07473@example.com,Antalya,0
7474,Kaan Öztürk,customer07474@example.com,Kütahya,0
7475,Mustafa Kaya,customer07475@example.com,Kastamonu,0
7476,Kerem Erdoğan,customer07476@example.com,Kars,0
7477,Arda Doğan,customer07477@example.com,Eskişehir,0
7478,Ece Koç,customer07478@example.com,Elazığ,0
7479,Ali Aydın,customer07479@example.com,Ağrı,0
7480,Ahmet Güneş,customer07480@example.com,Siirt,0
7481,Yusuf Aslan,customer07481@example.com,Bayburt,0
7482,Buse Erdoğan,customer07482@example.com,Kahramanmaraş,0
7483,Kaan Kurt,customer07483@example.com,Samsun,0
7484,Barış Arslan,customer07484@example.com,Uşak,0
7485,Ahmet Aydın,customer07485@example.com,Bursa,0
7486,Onur Yılmaz,customer07486@example.com,Kütahya,0
7487,Burak Aydın,customer07487@example.com,Karabük,0
7488,Berk Yıldız,customer07488@example.com,Sinop,0
7489,Derya Arslan,customer07489@example.com,Siirt,0
7490,Melis Koç,customer07490@example.com,Siirt,0
7491,Ceren Çelik,customer07491@example.com,Bilecik,0
7492,Kerem Güneş,customer07492@example.com,Aydın,0
7493,Serkan Öztürk,customer07493@example.com,Çankırı,0
7494,Ayşe Polat,customer07494@example.com,Afyonkarahisar,0
7495,Mehmet Kaya,customer07495@example.com,İzmir,0
7496,Berk Kurt,customer07496@example.com,Samsun,0
7497,Ali Doğan,customer07497@example.com,Kütahya,0
7498,Elif Güneş,customer07498@example.com,Ağrı,0
7499,Seda Demir,customer07499@example.com,Burdur,0
7500,Mehmet Özdemir,customer07500@example.com,Iğdır,0
7501,Arda Özdemir,customer07501@example.com,Bursa,0
7502,Derya Arslan,customer07502@example.com,Amasya,0
7503,Ahmet Arslan,customer07503@example.com,Ardahan,0
7504,Can Aksoy,customer07504@example.com,Kırıkkale,0
7505,Mustafa Güneş,customer07505@example.com,Düzce,0
7506,Ayşe Arslan,customer07506@example.com,Bartın,0
7507,Ahmet Kılıç,customer07507@example.com,Isparta,0
7508,Zeynep Demir,customer07508@example.com,Kocaeli,0
7509,Ece Yıldız,customer07509@example.com,Ankara,0
7510,Eren Tekin,customer07510@example.com,Karabük,0
7511,Serkan Kaya,customer07511@example.com,Iğdır,0
7512,Mert Tekin,customer07512@example.com,Uşak,0
7513,Derya Koç,customer07513@example.com,Karabük,0
7514,Serkan Polat,customer07514@example.com,Gümüşhane,0
7515,Elif Demir,customer07515@example.com,Eskişehir,0
7516,Kaan Güneş,customer07516@example.com,Sinop,0
7517,Zeynep Şahin,customer07517@example.com,Sakarya,0
7518,Berk Tekin,customer07518@example.com,Batman,0
7519,Fatma Doğan,customer07519@example.com,Bolu,0
7520,Furkan Koç,customer07520@example.com,Bitlis,0
7521,Emre Aydın,customer07521@example.com,Şanlıurfa,0
7522,Mert Kaya,customer07522@example.com,Şanlıurfa,0
7523,Arda Güneş,customer07523@example.com,İzmir,0
7524,Can Öztürk,customer07524@example.com,Elazığ,0
7525,Seda Kılıç,customer07525@example.com,Siirt,0
7526,Yusuf Aydın,customer07526@example.com,Yozgat,0
7527,Zeynep Güneş,customer07527@example.com,Yalova,0
7528,Mert Güneş,customer07528@example.com,Şırnak,0
7529,Derya Şahin,customer07529@example.com,Kilis,0
7530,Kaan Yılmaz,customer07530@example.com,Aydın,0
7531,Ayşe Arslan,customer07531@example.com,Edirne,0
7532,Melis Kurt,customer07532@example.com,Çankırı,0
7533,Ahmet Aydın,customer07533@example.com,Tokat,0
7534,Mehmet Erdoğan,customer07534@example.com,Tekirdağ,0
7535,Ceren Aksoy,customer07535@example.com,Edirne,0
7536,Ali Demir,customer07536@example.com,Rize,0
7537,Mehmet Yıldız,customer07537@example.com,Ağrı,0
7538,Elif Arslan,customer07538@example.com,Bitlis,0
7539,Buse Aksoy,customer07539@example.com,Bilecik,0
7540,Can Aslan,customer07540@example.com,Kilis,0
7541,Hakan Erdoğan,customer07541@example.com,Yalova,0
7542,Serkan Güneş,customer07542@example.com,Sivas,0
7543,Melis Çelik,customer07543@example.com,Burdur,0
7544,Mustafa Özdemir,customer07544@example.com,Afyonkarahisar,0
7545,Fatma Aksoy,customer07545@example.com,Van,0
7546,Elif Güneş,customer07546@example.com,Kayseri,0
7547,Derya Erdoğan,customer07547@example.com,Ağrı,0
7548,Ceren Demir,customer07548@example.com,Karaman,0
7549,Derya Koç,customer07549@example.com,İstanbul,0
7550,Mert Aksoy,customer07550@example.com,Çankırı,0
7551,Yusuf Şahin,customer07551@example.com,Sivas,0
7552,Melis Aslan,customer07552@example.com,Zonguldak,0
7553,Serkan Öztürk,customer07553@example.com,Bartın,0
7554,Kaan Erdoğan,customer07554@example.com,Muğla,0
7555,Kaan Yılmaz,customer07555@example.com,Karaman,0
7556,Yusuf Kaya,customer07556@example.com,Ağrı,0
7557,Eren Aksoy,customer07557@example.com,Ankara,0
7558,Furkan Polat,customer07558@example.com,Kocaeli,0
7559,Arda Demir,customer07559@example.com,Erzincan,0
7560,Ceren Aydın,customer07560@example.com,Muş,0
7561,Hakan Demir,customer07561@example.com,Kırklareli,0
7562,Barış Koç,customer07562@example.com,Bingöl,0
7563,Seda Demir,customer07563@example.com,Diyarbakır,0
7564,Serkan Polat,customer07564@example.com,Iğdır,0
7565,Eren Yıldız,customer07565@example.com,Yalova,0
7566,Zeynep Kurt,customer07566@example.com,Batman,0
7567,Melis Erdoğan,customer07567@example.com,Denizli,0
7568,Kaan Koç,customer07568@example.com,Ardahan,0
7569,Zeynep Polat,customer07569@example.com,Antalya,0
7570,Eren Kaya,customer07570@example.com,Iğdır,0
7571,Kerem Öztürk,customer07571@example.com,Bursa,0
7572,Eren Demir,customer07572@example.com,Ardahan,0
7573,Furkan Şahin,customer07573@example.com,Kahramanmaraş,0
7574,Furkan Kaya,customer07574@example.com,Uşak,0
7575,Melis Aksoy,customer07575@example.com,Isparta,0
7576,Yusuf Polat,customer07576@example.com,Kastamonu,0
7577,Zeynep Aksoy,customer07577@example.com,Batman,0
7578,Can Kılıç,customer07578@example.com,Muş,0
7579,Kerem Şahin,customer07579@example.com,Tekirdağ,0
7580,Hakan Koç,customer07580@example.com,Erzincan,0
7581,Mert Kaya,customer07581@example.com,Karabük,0
7582,Derya Kurt,customer07582@example.com,Kastamonu,0
7583,Ceren Tekin,customer07583@example.com,Muş,0
7584,Berk Aksoy,customer07584@example.com,Isparta,0
7585,Fatma Arslan,customer07585@example.com,Kilis,0
7586,Furkan Yılmaz,customer07586@example.com,İzmir,0
7587,Kaan Erdoğan,customer07587@example.com,Kırşehir,0
7588,Emre Demir,customer07588@example.com,Sinop,0
7589,Ahmet Çelik,customer07589@example.com,Batman,0
7590,Ömer Şahin,customer07590@example.com,Nevşehir,0
7591,Emre Yıldız,customer07591@example.com,Kahramanmaraş,0
7592,Hakan Öztürk,customer07592@example.com,Düzce,0
7593,Furkan Arslan,customer07593@example.com,Karaman,0
7594,Onur Çelik,customer07594@example.com,Adana,0
7595,Serkan Güneş,customer07595@example.com,Gümüşhane,0
7596,Eren Aksoy,customer07596@example.com,Ordu,0
7597,Onur Erdoğan,customer07597@example.com,Hakkari,0
7598,Barış Kaya,customer07598@example.com,Siirt,0
7599,Emre Arslan,customer07599@example.com,Niğde,0
7600,Arda Çelik,customer07600@example.com,Aksaray,0
7601,Kaan Tekin,customer07601@example.com,Bartın,0
7602,Mustafa Kurt,customer07602@example.com,Afyonkarahisar,0
7603,Barış Demir,customer07603@example.com,Bingöl,0
7604,Mert Demir,customer07604@example.com,Giresun,0
7605,Ceren Şahin,customer07605@example.com,Iğdır,0
7606,Melis Öztürk,customer07606@example.com,Kahramanmaraş,0
7607,Zeynep Tekin,customer07607@example.com,Diyarbakır,0
7608,Ceren Aydın,customer07608@example.com,Rize,0
7609,Ali Öztürk,customer07609@example.com,Giresun,0
7610,Arda Kurt,customer07610@example.com,Adana,0
7611,Ömer Yıldız,customer07611@example.com,Isparta,0
7612,Mehmet Arslan,customer07612@example.com,Konya,0
7613,Onur Erdoğan,customer07613@example.com,Bitlis,0
7614,Berk Kılıç,customer07614@example.com,Afyonkarahisar,0
7615,Derya Yıldız,customer07615@example.com,Mardin,0
7616,Derya Arslan,customer07616@example.com,Kırklareli,0
7617,Arda Çelik,customer07617@example.com,İstanbul,0
7618,Ali Tekin,customer07618@example.com,Bitlis,0
7619,Furkan Kılıç,customer07619@example.com,Amasya,0
7620,Buse Aydın,customer07620@example.com,Kayseri,0
7621,Eren Yılmaz,customer07621@example.com,Şırnak,0
7622,Furkan Koç,customer07622@example.com,Aydın,0
7623,Arda Polat,customer07623@example.com,Aydın,0
7624,Seda Erdoğan,customer07624@example.com,Çanakkale,0
7625,Ayşe Arslan,customer07625@example.com,Yalova,0
7626,Onur Güneş,customer07626@example.com,Karaman,0
7627,Elif Kaya,customer07627@example.com,Karaman,0
7628,Onur Yılmaz,customer07628@example.com,Ordu,0
7629,Kaan Aksoy,customer07629@example.com,Çorum,0
7630,Ali Arslan,customer07630@example.com,Bilecik,0
7631,Kaan Arslan,customer07631@example.com,Rize,0
7632,Serkan Şahin,customer07632@example.com,Gümüşhane,0
7633,Ceren Kılıç,customer07633@example.com,Osmaniye,0
7634,Yusuf Koç,customer07634@example.com,Düzce,0
7635,Berk Arslan,customer07635@example.com,Karaman,0
7636,Furkan Tekin,customer07636@example.com,Bayburt,0
7637,Barış Öztürk,customer07637@example.com,Ardahan,0
7638,Berk Tekin,customer07638@example.com,Kırıkkale,0
7639,Kaan Doğan,customer07639@example.com,Van,0
7640,Berk Güneş,customer07640@example.com,Kırşehir,0
7641,Ayşe Demir,customer07641@example.com,Konya,0
7642,Ömer Güneş,customer07642@example.com,İstanbul,0
7643,Ömer Kaya,customer07643@example.com,Burdur,0
7644,Ali Tekin,customer07644@example.com,Çankırı,0
7645,Fatma Tekin,customer07645@example.com,Erzincan,0
7646,Mehmet Polat,customer07646@example.com,Mardin,0
7647,Can Koç,customer07647@example.com,Ankara,0
7648,Kerem Şahin,customer07648@example.com,Balıkesir,0
7649,Arda Demir,customer07649@example.com,Samsun,0
7650,Zeynep Kaya,customer07650@example.com,Hakkari,0
7651,Ceren Tekin,customer07651@example.com,Bayburt,0
7652,Seda Aksoy,customer07652@example.com,Niğde,0
7653,Burak Kurt,customer07653@example.com,Kocaeli,0
7654,Can Kurt,customer07654@example.com,Çanakkale,0
7655,Ali Erdoğan,customer07655@example.com,Ardahan,0
7656,Eren Kılıç,customer07656@example.com,Muğla,0
7657,Barış Kaya,customer07657@example.com,Muş,0
7658,Arda Yılmaz,customer07658@example.com,Antalya,0
7659,Ahmet Tekin,customer07659@example.com,Bartın,0
7660,Mert Çelik,customer07660@example.com,Kırklareli,0
7661,Serkan Güneş,customer07661@example.com,Mersin,0
7662,Yusuf Kaya,customer07662@example.com,Kayseri,0
7663,Derya Koç,customer07663@example.com,Muş,0
7664,Zeynep Arslan,customer07664@example.com,Batman,0
7665,Barış Kurt,customer07665@example.com,Siirt,0
7666,Arda Kurt,customer07666@example.com,Antalya,0
7667,Ömer Kurt,customer07667@example.com,İstanbul,0
7668,Yusuf Yılmaz,customer07668@example.com,Kırşehir,0
7669,Ömer Kurt,customer07669@example.com,Mardin,0
7670,Arda Özdemir,customer07670@example.com,Malatya,0
7671,Onur Yılmaz,customer07671@example.com,Bartın,0
7672,Kaan Doğan,customer07672@example.com,Kocaeli,0
7673,Can Aydın,customer07673@example.com,Van,0
7674,Ece Tekin,customer07674@example.com,Ağrı,0
7675,Furkan Çelik,customer07675@example.com,Isparta,0
7676,Buse Aslan,customer07676@example.com,İstanbul,0
7677,Ece Koç,customer07677@example.com,Muş,0
7678,Ece Çelik,customer07678@example.com,Erzincan,0
7679,Seda Kurt,customer07679@example.com,Malatya,0
7680,Ayşe Doğan,customer07680@example.com,Antalya,0
7681,Ali Koç,customer07681@example.com,Düzce,0
7682,Ömer Tekin,customer07682@example.com,Karabük,0
7683,Kerem Öztürk,customer07683@example.com,Antalya,0
7684,Ahmet Kurt,customer07684@example.com,Diyarbakır,0
7685,Buse Yıldız,customer07685@example.com,Bursa,0
7686,Yusuf Çelik,customer07686@example.com,Kayseri,0
7687,Yusuf Özdemir,customer07687@example.com,Samsun,0
7688,Melis Polat,customer07688@example.com,Trabzon,0
7689,Mert Koç,customer07689@example.com,Çankırı,0
7690,Seda Kılıç,customer07690@example.com,Kilis,0
7691,Mustafa Koç,customer07691@example.com,Ağrı,0
7692,Ali Demir,customer07692@example.com,Elazığ,0
7693,Eren Şahin,customer07693@example.com,Bingöl,0
7694,Kerem Erdoğan,customer07694@example.com,Mersin,0
7695,Onur Erdoğan,customer07695@example.com,Nevşehir,0
7696,Mehmet Yılmaz,customer07696@example.com,Bayburt,0
7697,Ahmet Şahin,customer07697@example.com,Trabzon,0
7698,Hakan Erdoğan,customer07698@example.com,Niğde,0
7699,Arda Polat,customer07699@example.com,Batman,0
7700,Emre Aydın,customer07700@example.com,Bilecik,0
7701,Yusuf Güneş,customer07701@example.com,Yalova,0
7702,Melis Aslan,customer07702@example.com,Sinop,0
7703,Derya Yılmaz,customer07703@example.com,İzmir,0
7704,Kaan Çelik,customer07704@example.com,Rize,0
7705,Ece Arslan,customer07705@example.com,Edirne,0
7706,Elif Kurt,customer07706@example.com,Balıkesir,0
7707,Emre Şahin,customer07707@example.com,Edirne,0
7708,Mehmet Aydın,customer07708@example.com,Aksaray,0
7709,Eren Öztürk,customer07709@example.com,Tunceli,0
7710,Ömer Öztürk,customer07710@example.com,Siirt,0
7711,Kerem Güneş,customer07711@example.com,Nevşehir,0
7712,Buse Aksoy,customer07712@example.com,Antalya,0
7713,Kaan Aksoy,customer07713@example.com,Manisa,0
7714,Ceren Yıldız,customer07714@example.com,Muğla,0
7715,Eren Erdoğan,customer07715@example.com,Elazığ,0
7716,Mert Çelik,customer07716@example.com,Bursa,0
7717,Zeynep Aksoy,customer07717@example.com,Hakkari,0
7718,Serkan Kılıç,customer07718@example.com,Mersin,0
7719,Kerem Arslan,customer07719@example.com,Antalya,0
7720,Mehmet Kurt,customer07720@example.com,Mersin,0
7721,Mert Aslan,customer07721@example.com,Kastamonu,0
7722,Elif Özdemir,customer07722@example.com,Malatya,0
7723,Fatma Çelik,customer07723@example.com,Eskişehir,0
7724,Buse Demir,customer07724@example.com,Burdur,0
7725,Emre Aydın,customer07725@example.com,Denizli,0
7726,Derya Özdemir,customer07726@example.com,Kastamonu,0
7727,Seda Aksoy,customer07727@example.com,Kilis,0
7728,Seda Polat,customer07728@example.com,Osmaniye,0
7729,Fatma Demir,customer07729@example.com,Sivas,0
7730,Kaan Koç,customer07730@example.com,Gaziantep,0
7731,Can Doğan,customer07731@example.com,Edirne,0
7732,Arda Yıldız,customer07732@example.com,Ağrı,0
7733,Burak Aksoy,customer07733@example.com,Bayburt,0
7734,Berk Yıldız,customer07734@example.com,Balıkesir,0
7735,Melis Polat,customer07735@example.com,Kahramanmaraş,0
7736,Ayşe Yılmaz,customer07736@example.com,Karaman,0
7737,Mehmet Demir,customer07737@example.com,Karabük,0
7738,Ece Koç,customer07738@example.com,Isparta,0
7739,Ceren Kaya,customer07739@example.com,Mersin,0
7740,Ömer Aydın,customer07740@example.com,Amasya,0
7741,Berk Tekin,customer07741@example.com,Hakkari,0
7742,Ömer Aksoy,customer07742@example.com,Van,0
7743,Ceren Çelik,customer07743@example.com,İzmir,0
7744,Barış Öztürk,customer07744@example.com,Kütahya,0
7745,Buse Öztürk,customer07745@example.com,Kırşehir,0
7746,Ahmet Kaya,customer07746@example.com,Bolu,0
7747,Serkan Demir,customer07747@example.com,Niğde,0
7748,Kaan Polat,customer07748@example.com,Van,0
7749,Mert Erdoğan,customer07749@example.com,Aydın,0
7750,Ceren Kurt,customer07750@example.com,Manisa,0
7751,Yusuf Arslan,customer07751@example.com,Mersin,0
7752,Eren Aslan,customer07752@example.com,İstanbul,0
7753,Eren Kurt,customer07753@example.com,Antalya,0
7754,Ceren Aksoy,customer07754@example.com,Gaziantep,0
7755,Ceren Aksoy,customer07755@example.com,Mardin,0
7756,Ayşe Demir,customer07756@example.com,Trabzon,0
7757,Barış Tekin,customer07757@example.com,Giresun,0
7758,Kaan Aksoy,customer07758@example.com,Bolu,0
7759,Ahmet Kılıç,customer07759@example.com,Hatay,0
7760,Elif Tekin,customer07760@example.com,Bursa,0
7761,Emre Aksoy,customer07761@example.com,Tekirdağ,0
7762,Serkan Erdoğan,customer07762@example.com,Mersin,0
7763,Buse Aksoy,customer07763@example.com,Nevşehir,0
7764,Ece Tekin,customer07764@example.com,Şırnak,0
7765,Hakan Kurt,customer07765@example.com,Iğdır,0
7766,Serkan Erdoğan,customer07766@example.com,Denizli,0
7767,Melis Tekin,customer07767@example.com,Artvin,0
7768,Mert Kılıç,customer07768@example.com,Tunceli,0
7769,Hakan Çelik,customer07769@example.com,Tunceli,0
7770,Ali Arslan,customer07770@example.com,Sivas,0
7771,Zeynep Çelik,customer07771@example.com,Mersin,0
7772,Berk Öztürk,customer07772@example.com,Amasya,0
7773,Ece Demir,customer07773@example.com,Yalova,0
7774,Onur Koç,customer07774@example.com,Mersin,0
7775,Yusuf Arslan,customer07775@example.com,Çanakkale,0
7776,Melis Aydın,customer07776@example.com,Batman,0
7777,Elif Öztürk,customer07777@example.com,Iğdır,0
7778,Kaan Yıldız,customer07778@example.com,Zonguldak,0
7779,Can Öztürk,customer07779@example.com,Şırnak,0
7780,Ece Şahin,customer07780@example.com,Denizli,0
7781,Ali Aksoy,customer07781@example.com,Uşak,0
7782,Ahmet Koç,customer07782@example.com,Diyarbakır,0
7783,Melis Güneş,customer07783@example.com,Gaziantep,0
7784,Yusuf Erdoğan,customer07784@example.com,Yozgat,0
7785,Derya Kaya,customer07785@example.com,Bartın,0
7786,Onur Aydın,customer07786@example.com,Edirne,0
7787,Emre Şahin,customer07787@example.com,Ankara,0
7788,Ceren Şahin,customer07788@example.com,Adıyaman,0
7789,Yusuf Öztürk,customer07789@example.com,Elazığ,0
7790,Melis Yılmaz,customer07790@example.com,Afyonkarahisar,0
7791,Mustafa Erdoğan,customer07791@example.com,Nevşehir,0
7792,Kaan Kurt,customer07792@example.com,Muş,0
7793,Ali Kaya,customer07793@example.com,Ağrı,0
7794,Serkan Tekin,customer07794@example.com,Batman,0
7795,Derya Polat,customer07795@example.com,Nevşehir,0
7796,Ali Yılmaz,customer07796@example.com,Kırıkkale,0
7797,Mustafa Doğan,customer07797@example.com,Erzurum,0
7798,Kerem Koç,customer07798@example.com,Bingöl,0
7799,Mert Kaya,customer07799@example.com,Hatay,0
7800,Melis Aksoy,customer07800@example.com,Kayseri,0
7801,Derya Kılıç,customer07801@example.com,Isparta,0
7802,Elif Demir,customer07802@example.com,Iğdır,0
7803,Serkan Kaya,customer07803@example.com,Tunceli,0
7804,Eren Kurt,customer07804@example.com,Kırıkkale,0
7805,Elif Çelik,customer07805@example.com,Erzurum,0
7806,Ömer Doğan,customer07806@example.com,Rize,0
7807,Buse Güneş,customer07807@example.com,Kocaeli,0
7808,Ceren Şahin,customer07808@example.com,Amasya,0
7809,Ahmet Aydın,customer07809@example.com,Afyonkarahisar,0
7810,Kaan Koç,customer07810@example.com,Erzincan,0
7811,Ahmet Aslan,customer07811@example.com,Kars,0
7812,Ömer Güneş,customer07812@example.com,Muş,0
7813,Kaan Demir,customer07813@example.com,Kütahya,0
7814,Ahmet Kaya,customer07814@example.com,Siirt,0
7815,Furkan Koç,customer07815@example.com,Samsun,0
7816,Eren Demir,customer07816@example.com,Balıkesir,0
7817,Ahmet Koç,customer07817@example.com,Muğla,0
7818,Mert Demir,customer07818@example.com,Bingöl,0
7819,Ayşe Öztürk,customer07819@example.com,Kastamonu,0
7820,Ahmet Özdemir,customer07820@example.com,Karaman,0
7821,Ömer Şahin,customer07821@example.com,Ordu,0
7822,Barış Güneş,customer07822@example.com,İzmir,0
7823,Seda Tekin,customer07823@example.com,Trabzon,0
7824,Mehmet Erdoğan,customer07824@example.com,Kilis,0
7825,Ahmet Aslan,customer07825@example.com,Batman,0
7826,Seda Aydın,customer07826@example.com,Siirt,0
7827,Furkan Aksoy,customer07827@example.com,Eskişehir,0
7828,Mert Aksoy,customer07828@example.com,Çorum,0
7829,Berk Aksoy,customer07829@example.com,Şırnak,0
7830,Hakan Tekin,customer07830@example.com,Ordu,0
7831,Yusuf Koç,customer07831@example.com,Karabük,0
7832,Kaan Yılmaz,customer07832@example.com,Aksaray,0
7833,Can Aksoy,customer07833@example.com,Siirt,0
7834,Onur Aksoy,customer07834@example.com,Zonguldak,0
7835,Melis Güneş,customer07835@example.com,Bursa,0
7836,Arda Erdoğan,customer07836@example.com,Şanlıurfa,0
7837,Ece Tekin,customer07837@example.com,Balıkesir,0
7838,Kerem Yılmaz,customer07838@example.com,Muğla,0
7839,Ece Güneş,customer07839@example.com,Samsun,0
7840,Yusuf Aslan,customer07840@example.com,Tekirdağ,0
7841,Buse Demir,customer07841@example.com,Şırnak,0
7842,Kaan Koç,customer07842@example.com,Afyonkarahisar,0
7843,Ayşe Tekin,customer07843@example.com,Hatay,0
7844,Emre Yılmaz,customer07844@example.com,Bingöl,0
7845,Emre Kurt,customer07845@example.com,Kahramanmaraş,0
7846,Kaan Erdoğan,customer07846@example.com,Bartın,0
7847,Onur Yıldız,customer07847@example.com,Muş,0
7848,Ahmet Doğan,customer07848@example.com,Bilecik,0
7849,Onur Yılmaz,customer07849@example.com,Bartın,0
7850,Kerem Çelik,customer07850@example.com,Balıkesir,0
7851,Ece Özdemir,customer07851@example.com,Mardin,0
7852,Ömer Erdoğan,customer07852@example.com,Kocaeli,0
7853,Ali Özdemir,customer07853@example.com,Şanlıurfa,0
7854,Kaan Doğan,customer07854@example.com,Bingöl,0
7855,Zeynep Çelik,customer07855@example.com,Şanlıurfa,0
7856,Mert Koç,customer07856@example.com,Karabük,0
7857,Yusuf Demir,customer07857@example.com,Bitlis,0
7858,Onur Aksoy,customer07858@example.com,Çorum,0
7859,Eren Demir,customer07859@example.com,Karabük,0
7860,Ayşe Güneş,customer07860@example.com,Ordu,0
7861,Emre Kurt,customer07861@example.com,İzmir,0
7862,Yusuf Yıldız,customer07862@example.com,Çorum,0
7863,Barış Polat,customer07863@example.com,Kütahya,0
7864,Serkan Güneş,customer07864@example.com,Balıkesir,0
7865,Kaan Kaya,customer07865@example.com,İstanbul,0
7866,Fatma Aslan,customer07866@example.com,İzmir,0
7867,Derya Çelik,customer07867@example.com,Bolu,0
7868,Ceren Aksoy,customer07868@example.com,Manisa,0
7869,Zeynep Doğan,customer07869@example.com,Muğla,0
7870,Arda Kaya,customer07870@example.com,Kocaeli,0
7871,Furkan Erdoğan,customer07871@example.com,Çanakkale,0
7872,Ahmet Güneş,customer07872@example.com,Çorum,0
7873,Emre Aslan,customer07873@example.com,Uşak,0
7874,Ceren Yılmaz,customer07874@example.com,Bartın,0
7875,Ahmet Kaya,customer07875@example.com,Aydın,0
7876,Elif Koç,customer07876@example.com,Gümüşhane,0
7877,Derya Kılıç,customer07877@example.com,Rize,0
7878,Eren Kaya,customer07878@example.com,Tekirdağ,0
7879,Yusuf Aydın,customer07879@example.com,Çankırı,0
7880,Eren Polat,customer07880@example.com,Elazığ,0
7881,Serkan Yıldız,customer07881@example.com,Batman,0
7882,Barış Kılıç,customer07882@example.com,Kars,0
7883,Ahmet Kaya,customer07883@example.com,Bingöl,0
7884,Arda Erdoğan,customer07884@example.com,Zonguldak,0
7885,Yusuf Yıldız,customer07885@example.com,İstanbul,0
7886,Ayşe Özdemir,customer07886@example.com,Hatay,0
7887,Mustafa Çelik,customer07887@example.com,Sakarya,0
7888,Mustafa Koç,customer07888@example.com,Karaman,0
7889,Derya Aslan,customer07889@example.com,Adana,0
7890,Arda Demir,customer07890@example.com,Artvin,0
7891,Ece Aslan,customer07891@example.com,Batman,0
7892,Elif Kaya,customer07892@example.com,Bingöl,0
7893,Ali Güneş,customer07893@example.com,Muğla,0
7894,Ahmet Tekin,customer07894@example.com,Elazığ,0
7895,Buse Özdemir,customer07895@example.com,Bolu,0
7896,Ceren Demir,customer07896@example.com,Kocaeli,0
7897,Yusuf Kurt,customer07897@example.com,Bilecik,0
7898,Fatma Kaya,customer07898@example.com,Mardin,0
7899,Can Özdemir,customer07899@example.com,Antalya,0
7900,Ceren Güneş,customer07900@example.com,Çankırı,0
7901,Burak Kaya,customer07901@example.com,Amasya,0
7902,Kaan Demir,customer07902@example.com,Siirt,0
7903,Hakan Kılıç,customer07903@example.com,Adıyaman,0
7904,Ahmet Polat,customer07904@example.com,Mersin,0
7905,Melis Demir,customer07905@example.com,Van,0
7906,Hakan Doğan,customer07906@example.com,Batman,0
7907,Ayşe Kılıç,customer07907@example.com,Kayseri,0
7908,Can Çelik,customer07908@example.com,Şırnak,0
7909,Serkan Özdemir,customer07909@example.com,Rize,0
7910,Hakan Aksoy,customer07910@example.com,Bartın,0
7911,Burak Kurt,customer07911@example.com,Manisa,0
7912,Emre Tekin,customer07912@example.com,Mersin,0
7913,Eren Polat,customer07913@example.com,Burdur,0
7914,Furkan Demir,customer07914@example.com,Osmaniye,0
7915,Ece Erdoğan,customer07915@example.com,Çorum,0
7916,Arda Aydın,customer07916@example.com,Kırşehir,0
7917,Ece Aksoy,customer07917@example.com,Bilecik,0
7918,Burak Demir,customer07918@example.com,Amasya,0
7919,Eren Kılıç,customer07919@example.com,Ankara,0
7920,Emre Aslan,customer07920@example.com,Batman,0
7921,Zeynep Tekin,customer07921@example.com,Ordu,0
7922,Can Yıldız,customer07922@example.com,Aydın,0
7923,Kaan Doğan,customer07923@example.com,Giresun,0
7924,Melis Aslan,customer07924@example.com,Sinop,0
7925,Eren Erdoğan,customer07925@example.com,Hatay,0
7926,Ömer Çelik,customer07926@example.com,Sakarya,0
7927,Serkan Kaya,customer07927@example.com,Ordu,0
7928,Buse Arslan,customer07928@example.com,Karaman,0
7929,Furkan Kaya,customer07929@example.com,Samsun,0
7930,Kaan Aydın,customer07930@example.com,Iğdır,0
7931,Onur Öztürk,customer07931@example.com,Mersin,0
7932,Melis Doğan,customer07932@example.com,Karaman,0
7933,Serkan Aydın,customer07933@example.com,Kırıkkale,0
7934,Mert Yıldız,customer07934@example.com,Kocaeli,0
7935,Ece Öztürk,customer07935@example.com,Muş,0
7936,Derya Doğan,customer07936@example.com,Ordu,0
7937,Derya Çelik,customer07937@example.com,Karaman,0
7938,Mehmet Kılıç,customer07938@example.com,Kütahya,0
7939,Mehmet Özdemir,customer07939@example.com,Sinop,0
7940,Derya Arslan,customer07940@example.com,Antalya,0
7941,Berk Aslan,customer07941@example.com,Sivas,0
7942,Barış Kılıç,customer07942@example.com,Kahramanmaraş,0
7943,Mustafa Aslan,customer07943@example.com,Niğde,0
7944,Yusuf Aydın,customer07944@example.com,Şırnak,0
7945,Yusuf Yılmaz,customer07945@example.com,Yalova,0
7946,Mehmet Aksoy,customer07946@example.com,Kütahya,0
7947,Melis Kılıç,customer07947@example.com,Bolu,0
7948,Mehmet Polat,customer07948@example.com,Düzce,0
7949,Ayşe Doğan,customer07949@example.com,Ağrı,0
7950,Zeynep Tekin,customer07950@example.com,Bolu,0
7951,Melis Öztürk,customer07951@example.com,Bitlis,0
7952,Mustafa Şahin,customer07952@example.com,Tokat,0
7953,Seda Erdoğan,customer07953@example.com,Nevşehir,0
7954,Ali Tekin,customer07954@example.com,Afyonkarahisar,0
7955,Emre Kılıç,customer07955@example.com,Kayseri,0
7956,Ayşe Özdemir,customer07956@example.com,Nevşehir,0
7957,Mehmet Yıldız,customer07957@example.com,Edirne,0
7958,Elif Yılmaz,customer07958@example.com,Ordu,0
7959,Ayşe Tekin,customer07959@example.com,Muğla,0
7960,Derya Öztürk,customer07960@example.com,Kocaeli,0
7961,Ceren Arslan,customer07961@example.com,Bilecik,0
7962,Zeynep Yıldız,customer07962@example.com,Adana,0
7963,Melis Demir,customer07963@example.com,Çankırı,0
7964,Yusuf Özdemir,customer07964@example.com,Kocaeli,0
7965,Ece Güneş,customer07965@example.com,Kahramanmaraş,0
7966,Buse Kaya,customer07966@example.com,Adıyaman,0
7967,Yusuf Kurt,customer07967@example.com,Antalya,0
7968,Mustafa Kılıç,customer07968@example.com,Burdur,0
7969,Ömer Aydın,customer07969@example.com,Erzincan,0
7970,Derya Aslan,customer07970@example.com,Iğdır,0
7971,Eren Özdemir,customer07971@example.com,Osmaniye,0
7972,Ömer Kaya,customer07972@example.com,Sinop,0
7973,Mert Kaya,customer07973@example.com,Uşak,0
7974,Ali Özdemir,customer07974@example.com,Erzurum,0
7975,Buse Çelik,customer07975@example.com,Tokat,0
7976,Barış Aksoy,customer07976@example.com,Antalya,0
7977,Derya Aslan,customer07977@example.com,Iğdır,0
7978,Zeynep Aslan,customer07978@example.com,Ağrı,0
7979,Derya Öztürk,customer07979@example.com,Aydın,0
7980,Mehmet Yılmaz,customer07980@example.com,Niğde,0
7981,Mert Tekin,customer07981@example.com,Giresun,0
7982,Mert Yılmaz,customer07982@example.com,Gaziantep,0
7983,Ayşe Güneş,customer07983@example.com,Bursa,0
7984,Ahmet Arslan,customer07984@example.com,Manisa,0
7985,Emre Kaya,customer07985@example.com,Giresun,0
7986,Furkan Kaya,customer07986@example.com,Van,0
7987,Barış Doğan,customer07987@example.com,Aydın,0
7988,Mustafa Aksoy,customer07988@example.com,Kırklareli,0
7989,Elif Tekin,customer07989@example.com,Bitlis,0
7990,Can Kılıç,customer07990@example.com,Kilis,0
7991,Barış Yıldız,customer07991@example.com,Karaman,0
7992,Kerem Aslan,customer07992@example.com,Isparta,0
7993,Derya Aslan,customer07993@example.com,Şırnak,0
7994,Ömer Çelik,customer07994@example.com,Ankara,0
7995,Kerem Koç,customer07995@example.com,Balıkesir,0
7996,Mehmet Kaya,customer07996@example.com,Rize,0
7997,Arda Güneş,customer07997@example.com,Bartın,0
7998,Ahmet Yılmaz,customer07998@example.com,Niğde,0
7999,Hakan Kurt,customer07999@example.com,Kırıkkale,0
8000,Mehmet Demir,customer08000@example.com,Karaman,0
8001,Berk Özdemir,customer08001@example.com,Tunceli,0
8002,Eren Kaya,customer08002@example.com,Hatay,0
8003,Arda Erdoğan,customer08003@example.com,İzmir,0
8004,Ayşe Çelik,customer08004@example.com,Giresun,0
8005,Zeynep Aydın,customer08005@example.com,Şırnak,0
8006,Buse Doğan,customer08006@example.com,Kırşehir,0
8007,Hakan Aslan,customer08007@example.com,Gümüşhane,0
8008,Ahmet Yılmaz,customer08008@example.com,Niğde,0
8009,Arda Özdemir,customer08009@example.com,Muş,0
8010,Seda Yıldız,customer08010@example.com,Kütahya,0
8011,Ömer Yılmaz,customer08011@example.com,Giresun,0
8012,Yusuf Aslan,customer08012@example.com,Adıyaman,0
8013,Mustafa Polat,customer08013@example.com,Giresun,0
8014,Berk Kılıç,customer08014@example.com,Mersin,0
8015,Emre Koç,customer08015@example.com,Erzincan,0
8016,Mert Şahin,customer08016@example.com,Tekirdağ,0
8017,Onur Arslan,customer08017@example.com,Erzincan,0
8018,Hakan Kaya,customer08018@example.com,Düzce,0
8019,Yusuf Güneş,customer08019@example.com,Denizli,0
8020,Can Öztürk,customer08020@example.com,Kırşehir,0
8021,Ömer Şahin,customer08021@example.com,Aydın,0
8022,Ahmet Kaya,customer08022@example.com,Bartın,0
8023,Mehmet Kurt,customer08023@example.com,Ankara,0
8024,Kerem Öztürk,customer08024@example.com,Adana,0
8025,Elif Aksoy,customer08025@example.com,Batman,0
8026,Derya Kurt,customer08026@example.com,Yozgat,0
8027,Eren Öztürk,customer08027@example.com,Adıyaman,0
8028,Emre Şahin,customer08028@example.com,Bingöl,0
8029,Berk Koç,customer08029@example.com,Sinop,0
8030,Can Çelik,customer08030@example.com,Kilis,0
8031,Derya Yılmaz,customer08031@example.com,Kastamonu,0
8032,Melis Kılıç,customer08032@example.com,Tekirdağ,0
8033,Ömer Güneş,customer08033@example.com,Batman,0
8034,Ece Aksoy,customer08034@example.com,Sivas,0
8035,Ömer Güneş,customer08035@example.com,Erzincan,0
8036,Mustafa Yıldız,customer08036@example.com,Iğdır,0
8037,Fatma Güneş,customer08037@example.com,Samsun,0
8038,Mert Yıldız,customer08038@example.com,Niğde,0
8039,Mehmet Öztürk,customer08039@example.com,Hatay,0
8040,Furkan Yıldız,customer08040@example.com,Adıyaman,0
8041,Melis Çelik,customer08041@example.com,Tekirdağ,0
8042,Kerem Aslan,customer08042@example.com,Zonguldak,0
8043,Yusuf Demir,customer08043@example.com,Mersin,0
8044,Kaan Özdemir,customer08044@example.com,Ağrı,0
8045,Ayşe Tekin,customer08045@example.com,Çanakkale,0
8046,Ahmet Özdemir,customer08046@example.com,Burdur,0
8047,Mustafa Aslan,customer08047@example.com,Diyarbakır,0
8048,Can Aksoy,customer08048@example.com,Adana,0
8049,Yusuf Aydın,customer08049@example.com,Siirt,0
8050,Ayşe Yıldız,customer08050@example.com,Bitlis,0
8051,Elif Tekin,customer08051@example.com,Edirne,0
8052,Mustafa Aslan,customer08052@example.com,Aksaray,0
8053,Ece Şahin,customer08053@example.com,Zonguldak,0
8054,Hakan Polat,customer08054@example.com,Adana,0
8055,Zeynep Aslan,customer08055@example.com,Şırnak,0
8056,Ali Kurt,customer08056@example.com,Bolu,0
8057,Seda Şahin,customer08057@example.com,Van,0
8058,Furkan Aydın,customer08058@example.com,Bayburt,0
8059,Kerem Kılıç,customer08059@example.com,Kırıkkale,0
8060,Onur Demir,customer08060@example.com,Iğdır,0
8061,Melis Kılıç,customer08061@example.com,Şırnak,0
8062,Fatma Özdemir,customer08062@example.com,Trabzon,0
8063,Yusuf Şahin,customer08063@example.com,Muş,0
8064,Onur Erdoğan,customer08064@example.com,Ankara,0
8065,Ayşe Kaya,customer08065@example.com,Malatya,0
8066,Derya Öztürk,customer08066@example.com,Tunceli,0
8067,Onur Tekin,customer08067@example.com,Giresun,0
8068,Mustafa Aksoy,customer08068@example.com,Muş,0
8069,Barış Çelik,customer08069@example.com,Yozgat,0
8070,Derya Güneş,customer08070@example.com,Tunceli,0
8071,Melis Yıldız,customer08071@example.com,Yozgat,0
8072,Eren Kılıç,customer08072@example.com,Kırşehir,0
8073,Buse Kaya,customer08073@example.com,Bitlis,0
8074,Serkan Çelik,customer08074@example.com,Edirne,0
8075,Fatma Polat,customer08075@example.com,Diyarbakır,0
8076,Ahmet Kaya,customer08076@example.com,Elazığ,0
8077,Onur Aydın,customer08077@example.com,Kilis,0
8078,Mert Aksoy,customer08078@example.com,Çanakkale,0
8079,Elif Öztürk,customer08079@example.com,Çankırı,0
8080,Zeynep Çelik,customer08080@example.com,Artvin,0
8081,Eren Demir,customer08081@example.com,Kars,0
8082,Eren Polat,customer08082@example.com,Kars,0
8083,Elif Aydın,customer08083@example.com,Çanakkale,0
8084,Derya Erdoğan,customer08084@example.com,Burdur,0
8085,Mustafa Kurt,customer08085@example.com,Mardin,0
8086,Hakan Tekin,customer08086@example.com,Eskişehir,0
8087,Ayşe Yılmaz,customer08087@example.com,Çanakkale,0
8088,Fatma Yılmaz,customer08088@example.com,Çanakkale,0
8089,Mehmet Aydın,customer08089@example.com,Antalya,0
8090,Eren Çelik,customer08090@example.com,Gümüşhane,0
8091,Buse Çelik,customer08091@example.com,Çanakkale,0
8092,Ayşe Özdemir,customer08092@example.com,Uşak,0
8093,Kerem Çelik,customer08093@example.com,Bolu,0
8094,Can Aslan,customer08094@example.com,Erzurum,0
8095,Mehmet Çelik,customer08095@example.com,Van,0
8096,Mustafa Kurt,customer08096@example.com,Kütahya,0
8097,Melis Kaya,customer08097@example.com,Rize,0
8098,Eren Koç,customer08098@example.com,Eskişehir,0
8099,Ahmet Kaya,customer08099@example.com,Manisa,0
8100,Ayşe Tekin,customer08100@example.com,Hakkari,0
8101,Derya Özdemir,customer08101@example.com,Tekirdağ,0
8102,Kaan Aslan,customer08102@example.com,Niğde,0
8103,Melis Güneş,customer08103@example.com,Bitlis,0
8104,Barış Aksoy,customer08104@example.com,Gümüşhane,0
8105,Emre Demir,customer08105@example.com,Afyonkarahisar,0
8106,Elif Yıldız,customer08106@example.com,Yalova,0
8107,Mustafa Kurt,customer08107@example.com,Balıkesir,0
8108,Arda Doğan,customer08108@example.com,Muş,0
8109,Buse Tekin,customer08109@example.com,Ankara,0
8110,Buse Yıldız,customer08110@example.com,Ardahan,0
8111,Fatma Erdoğan,customer08111@example.com,Giresun,0
8112,Ali Yılmaz,customer08112@example.com,İstanbul,0
8113,Can Aksoy,customer08113@example.com,Kars,0
8114,Mustafa Tekin,customer08114@example.com,Nevşehir,0
8115,Berk Yıldız,customer08115@example.com,Denizli,0
8116,Hakan Demir,customer08116@example.com,Eskişehir,0
8117,Ali Kurt,customer08117@example.com,Şanlıurfa,0
8118,Ahmet Erdoğan,customer08118@example.com,Artvin,0
8119,Kerem Koç,customer08119@example.com,Batman,0
8120,Melis Aslan,customer08120@example.com,Sakarya,0
8121,Ceren Koç,customer08121@example.com,Tekirdağ,0
8122,Seda Kaya,customer08122@example.com,Nevşehir,0
8123,Can Koç,customer08123@example.com,Denizli,0
8124,Mustafa Güneş,customer08124@example.com,Yozgat,0
8125,Ece Koç,customer08125@example.com,Mardin,0
8126,Kerem Kaya,customer08126@example.com,Kırklareli,0
8127,Hakan Doğan,customer08127@example.com,Mersin,0
8128,Mert Kaya,customer08128@example.com,Sinop,0
8129,Furkan Koç,customer08129@example.com,Eskişehir,0
8130,Zeynep Doğan,customer08130@example.com,Karabük,0
8131,Seda Aydın,customer08131@example.com,Gümüşhane,0
8132,Hakan Kurt,customer08132@example.com,Manisa,0
8133,Ahmet Doğan,customer08133@example.com,Karabük,0
8134,Berk Yıldız,customer08134@example.com,Tekirdağ,0
8135,Burak Çelik,customer08135@example.com,Edirne,0
8136,Berk Çelik,customer08136@example.com,Siirt,0
8137,Melis Şahin,customer08137@example.com,Bingöl,0
8138,Mert Çelik,customer08138@example.com,Mersin,0
8139,Burak Kurt,customer08139@example.com,Çankırı,0
8140,Derya Kılıç,customer08140@example.com,Batman,0
8141,Ayşe Kılıç,customer08141@example.com,İzmir,0
8142,Zeynep Çelik,customer08142@example.com,Bitlis,0
8143,Zeynep Erdoğan,customer08143@example.com,Yozgat,0
8144,Elif Kaya,customer08144@example.com,Bayburt,0
8145,Fatma Polat,customer08145@example.com,Yalova,0
8146,Zeynep Tekin,customer08146@example.com,Bitlis,0
8147,Fatma Tekin,customer08147@example.com,Rize,0
8148,Emre Öztürk,customer08148@example.com,Kırşehir,0
8149,Derya Demir,customer08149@example.com,Yalova,0
8150,Hakan Koç,customer08150@example.com,İstanbul,0
8151,Can Aydın,customer08151@example.com,Batman,0
8152,Ömer Öztürk,customer08152@example.com,Çankırı,0
8153,Fatma Doğan,customer08153@example.com,Tekirdağ,0
8154,Yusuf Aslan,customer08154@example.com,Artvin,0
8155,Kerem Aksoy,customer08155@example.com,Hatay,0
8156,Can Öztürk,customer08156@example.com,İstanbul,0
8157,Burak Kaya,customer08157@example.com,Hatay,0
8158,Mustafa Demir,customer08158@example.com,Mardin,0
8159,Buse Erdoğan,customer08159@example.com,Uşak,0
8160,Berk Yılmaz,customer08160@example.com,Muğla,0
8161,Fatma Arslan,customer08161@example.com,Muğla,0
8162,Buse Özdemir,customer08162@example.com,Nevşehir,0
8163,Derya Güneş,customer08163@example.com,İzmir,0
8164,Arda Kılıç,customer08164@example.com,Tekirdağ,0
8165,Berk Güneş,customer08165@example.com,İzmir,0
8166,Fatma Kılıç,customer08166@example.com,Eskişehir,0
8167,Kerem Öztürk,customer08167@example.com,Siirt,0
8168,Kerem Güneş,customer08168@example.com,Trabzon,0
8169,Buse Arslan,customer08169@example.com,Niğde,0
8170,Berk Tekin,customer08170@example.com,Van,0
8171,Berk Demir,customer08171@example.com,Siirt,0
8172,Burak Arslan,customer08172@example.com,Çanakkale,0
8173,Mustafa Yıldız,customer08173@example.com,Malatya,0
8174,Mert Aslan,customer08174@example.com,Afyonkarahisar,0
8175,Onur Yılmaz,customer08175@example.com,Bartın,0
8176,Ömer Tekin,customer08176@example.com,Kırşehir,0
8177,Serkan Demir,customer08177@example.com,Malatya,0
8178,Yusuf Koç,customer08178@example.com,Yalova,0
8179,Emre Kılıç,customer08179@example.com,Muğla,0
8180,Hakan Koç,customer08180@example.com,Niğde,0
8181,Mert Özdemir,customer08181@example.com,Erzincan,0
8182,Ali Öztürk,customer08182@example.com,Adıyaman,0
8183,Kaan Arslan,customer08183@example.com,Çankırı,0
8184,Can Aslan,customer08184@example.com,Iğdır,0
8185,Ali Arslan,customer08185@example.com,Erzincan,0
8186,Berk Şahin,customer08186@example.com,Kastamonu,0
8187,Mehmet Arslan,customer08187@example.com,Karaman,0
8188,Hakan Aydın,customer08188@example.com,Isparta,0
8189,Ece Yıldız,customer08189@example.com,Sakarya,0
8190,Ceren Şahin,customer08190@example.com,Kırklareli,0
8191,Seda Kılıç,customer08191@example.com,Kırşehir,0
8192,Burak Kaya,customer08192@example.com,Sivas,0
8193,Hakan Kurt,customer08193@example.com,Gümüşhane,0
8194,Zeynep Özdemir,customer08194@example.com,Gümüşhane,0
8195,Ali Yılmaz,customer08195@example.com,Ağrı,0
8196,Onur Şahin,customer08196@example.com,Uşak,0
8197,Serkan Aslan,customer08197@example.com,Edirne,0
8198,Emre Şahin,customer08198@example.com,Bilecik,0
8199,Kerem Aksoy,customer08199@example.com,Sivas,0
8200,Mustafa Aksoy,customer08200@example.com,Kars,0
8201,Ömer Yıldız,customer08201@example.com,Gaziantep,0
8202,Kerem Arslan,customer08202@example.com,Elazığ,0
8203,Furkan Erdoğan,customer08203@example.com,Tekirdağ,0
8204,Eren Arslan,customer08204@example.com,Uşak,0
8205,Mehmet Şahin,customer08205@example.com,Uşak,0
8206,Burak Yıldız,customer08206@example.com,Ağrı,0
8207,Ayşe Erdoğan,customer08207@example.com,Rize,0
8208,Ece Kılıç,customer08208@example.com,Çorum,0
8209,Can Özdemir,customer08209@example.com,Tokat,0
8210,Kaan Çelik,customer08210@example.com,Bartın,0
8211,Furkan Koç,customer08211@example.com,Konya,0
8212,Furkan Aydın,customer08212@example.com,Erzurum,0
8213,Kaan Yılmaz,customer08213@example.com,Burdur,0
8214,Eren Kaya,customer08214@example.com,Ankara,0
8215,Derya Aslan,customer08215@example.com,Denizli,0
8216,Ceren Özdemir,customer08216@example.com,Bayburt,0
8217,Mustafa Yılmaz,customer08217@example.com,Muğla,0
8218,Ömer Erdoğan,customer08218@example.com,Ankara,0
8219,Mehmet Yılmaz,customer08219@example.com,Denizli,0
8220,Arda Yıldız,customer08220@example.com,Çanakkale,0
8221,Mustafa Doğan,customer08221@example.com,Erzincan,0
8222,Ömer Özdemir,customer08222@example.com,Erzurum,0
8223,Ali Kurt,customer08223@example.com,Ağrı,0
8224,Barış Doğan,customer08224@example.com,Hakkari,0
8225,Hakan Şahin,customer08225@example.com,Giresun,0
8226,Seda Koç,customer08226@example.com,Aksaray,0
8227,Ece Demir,customer08227@example.com,Uşak,0
8228,Yusuf Kaya,customer08228@example.com,Eskişehir,0
8229,Ali Aydın,customer08229@example.com,Muş,0
8230,Barış Aslan,customer08230@example.com,Manisa,0
8231,Ayşe Çelik,customer08231@example.com,Zonguldak,0
8232,Seda Koç,customer08232@example.com,Elazığ,0
8233,Derya Yılmaz,customer08233@example.com,Yalova,0
8234,Elif Yıldız,customer08234@example.com,Bartın,0
8235,Fatma Polat,customer08235@example.com,Isparta,0
8236,Kerem Çelik,customer08236@example.com,Muğla,0
8237,Barış Aslan,customer08237@example.com,Giresun,0
8238,Derya Öztürk,customer08238@example.com,Çorum,0
8239,Yusuf Çelik,customer08239@example.com,Sinop,0
8240,Can Tekin,customer08240@example.com,Erzurum,0
8241,Melis Erdoğan,customer08241@example.com,Karabük,0
8242,Barış Yıldız,customer08242@example.com,Adana,0
8243,Mert Aslan,customer08243@example.com,Trabzon,0
8244,Ayşe Öztürk,customer08244@example.com,Kahramanmaraş,0
8245,Can Çelik,customer08245@example.com,Hakkari,0
8246,Furkan Kurt,customer08246@example.com,Bingöl,0
8247,Serkan Aslan,customer08247@example.com,Amasya,0
8248,Arda Koç,customer08248@example.com,Bingöl,0
8249,Derya Kaya,customer08249@example.com,Kırıkkale,0
8250,Kaan Kaya,customer08250@example.com,Yozgat,0
8251,Yusuf Koç,customer08251@example.com,Karabük,0
8252,Arda Şahin,customer08252@example.com,Van,0
8253,Ece Yıldız,customer08253@example.com,Eskişehir,0
8254,Berk Kaya,customer08254@example.com,Bitlis,0
8255,Ahmet Polat,customer08255@example.com,Bursa,0
8256,Emre Koç,customer08256@example.com,Bitlis,0
8257,Kerem Aksoy,customer08257@example.com,Gümüşhane,0
8258,Melis Aksoy,customer08258@example.com,Batman,0
8259,Elif Yıldız,customer08259@example.com,Bingöl,0
8260,Buse Polat,customer08260@example.com,Düzce,0
8261,Furkan Arslan,customer08261@example.com,Bayburt,0
8262,Buse Arslan,customer08262@example.com,Ordu,0
8263,Arda Aydın,customer08263@example.com,Konya,0
8264,Kaan Arslan,customer08264@example.com,Çanakkale,0
8265,Emre Aydın,customer08265@example.com,Giresun,0
8266,Ayşe Çelik,customer08266@example.com,Çorum,0
8267,Yusuf Erdoğan,customer08267@example.com,Afyonkarahisar,0
8268,Elif Şahin,customer08268@example.com,Karabük,0
8269,Mert Arslan,customer08269@example.com,Denizli,0
8270,Kerem Aksoy,customer08270@example.com,Şırnak,0
8271,Emre Yıldız,customer08271@example.com,Elazığ,0
8272,Fatma Aslan,customer08272@example.com,Ordu,0
8273,Mehmet Koç,customer08273@example.com,Erzincan,0
8274,Ceren Tekin,customer08274@example.com,Malatya,0
8275,Burak Aslan,customer08275@example.com,Antalya,0
8276,Melis Koç,customer08276@example.com,Isparta,0
8277,Ceren Polat,customer08277@example.com,Isparta,0
8278,Mustafa Şahin,customer08278@example.com,Bayburt,0
8279,Mehmet Arslan,customer08279@example.com,Niğde,0
8280,Zeynep Polat,customer08280@example.com,Kars,0
8281,Ali Öztürk,customer08281@example.com,Adana,0
8282,Arda Kılıç,customer08282@example.com,Hakkari,0
8283,Buse Aksoy,customer08283@example.com,Kırşehir,0
8284,Seda Şahin,customer08284@example.com,Batman,0
8285,Ömer Çelik,customer08285@example.com,Adıyaman,0
8286,Melis Demir,customer08286@example.com,Gümüşhane,0
8287,Seda Koç,customer08287@example.com,Elazığ,0
8288,Berk Kaya,customer08288@example.com,Yozgat,0
8289,Ece Doğan,customer08289@example.com,Ordu,0
8290,Can Güneş,customer08290@example.com,Trabzon,0
8291,Zeynep Aslan,customer08291@example.com,Nevşehir,0
8292,Mustafa Kılıç,customer08292@example.com,Kars,0
8293,Ece Polat,customer08293@example.com,Ankara,0
8294,Kerem Kılıç,customer08294@example.com,Mersin,0
8295,Hakan Demir,customer08295@example.com,Elazığ,0
8296,Derya Demir,customer08296@example.com,Muğla,0
8297,Mustafa Kurt,customer08297@example.com,İzmir,0
8298,Mustafa Demir,customer08298@example.com,Şırnak,0
8299,Seda Kılıç,customer08299@example.com,Kütahya,0
8300,Furkan Arslan,customer08300@example.com,Afyonkarahisar,0
8301,Hakan Demir,customer08301@example.com,Bartın,0
8302,Fatma Koç,customer08302@example.com,Iğdır,0
8303,Burak Güneş,customer08303@example.com,Konya,0
8304,Kaan Aksoy,customer08304@example.com,Uşak,0
8305,Kerem Yıldız,customer08305@example.com,Artvin,0
8306,Arda Yılmaz,customer08306@example.com,Çankırı,0
8307,Ahmet Arslan,customer08307@example.com,Edirne,0
8308,Furkan Yıldız,customer08308@example.com,Adıyaman,0
8309,Mustafa Tekin,customer08309@example.com,Uşak,0
8310,Ali Çelik,customer08310@example.com,Bingöl,0
8311,Emre Doğan,customer08311@example.com,Balıkesir,0
8312,Burak Güneş,customer08312@example.com,Isparta,0
8313,Seda Kurt,customer08313@example.com,Osmaniye,0
8314,Berk Özdemir,customer08314@example.com,Bayburt,0
8315,Hakan Özdemir,customer08315@example.com,Ordu,0
8316,Mehmet Güneş,customer08316@example.com,Zonguldak,0
8317,Arda Aydın,customer08317@example.com,Balıkesir,0
8318,Yusuf Kurt,customer08318@example.com,Şanlıurfa,0
8319,Melis Polat,customer08319@example.com,Hakkari,0
8320,Mustafa Tekin,customer08320@example.com,Erzincan,0
8321,Emre Özdemir,customer08321@example.com,Nevşehir,0
8322,Zeynep Yılmaz,customer08322@example.com,Tekirdağ,0
8323,Ömer Güneş,customer08323@example.com,Aksaray,0
8324,Onur Tekin,customer08324@example.com,Trabzon,0
8325,Elif Aksoy,customer08325@example.com,Sakarya,0
8326,Kerem Öztürk,customer08326@example.com,Gaziantep,0
8327,Elif Güneş,customer08327@example.com,Kırşehir,0
8328,Burak Şahin,customer08328@example.com,Karabük,0
8329,Mustafa Koç,customer08329@example.com,Kütahya,0
8330,Mert Aydın,customer08330@example.com,Ağrı,0
8331,Serkan Güneş,customer08331@example.com,Kütahya,0
8332,Yusuf Öztürk,customer08332@example.com,Bursa,0
8333,Emre Kaya,customer08333@example.com,Diyarbakır,0
8334,Ali Güneş,customer08334@example.com,Aydın,0
8335,Kerem Yılmaz,customer08335@example.com,Manisa,0
8336,Arda Koç,customer08336@example.com,İzmir,0
8337,Mert Güneş,customer08337@example.com,Tekirdağ,0
8338,Ece Doğan,customer08338@example.com,Tunceli,0
8339,Ahmet Kaya,customer08339@example.com,Adana,0
8340,Emre Kurt,customer08340@example.com,Batman,0
8341,Kaan Koç,customer08341@example.com,Kırşehir,0
8342,Mert Aksoy,customer08342@example.com,Siirt,0
8343,Arda Koç,customer08343@example.com,Kırklareli,0
8344,Hakan Özdemir,customer08344@example.com,Iğdır,0
8345,Kaan Doğan,customer08345@example.com,Bingöl,0
8346,Furkan Aydın,customer08346@example.com,Nevşehir,0
8347,Melis Aslan,customer08347@example.com,Samsun,0
8348,Ayşe Kaya,customer08348@example.com,Mersin,0
8349,Buse Kılıç,customer08349@example.com,Amasya,0
8350,Ahmet Kurt,customer08350@example.com,Isparta,0
8351,Kerem Kılıç,customer08351@example.com,Gümüşhane,0
8352,Arda Aydın,customer08352@example.com,Amasya,0
8353,Hakan Koç,customer08353@example.com,İzmir,0
8354,Hakan Kurt,customer08354@example.com,Kilis,0
8355,Yusuf Özdemir,customer08355@example.com,Sinop,0
8356,Mustafa Şahin,customer08356@example.com,Şırnak,0
8357,Elif Aslan,customer08357@example.com,Çankırı,0
8358,Hakan Koç,customer08358@example.com,Gümüşhane,0
8359,Ömer Aydın,customer08359@example.com,Antalya,0
8360,Ayşe Aslan,customer08360@example.com,Iğdır,0
8361,Kaan Yılmaz,customer08361@example.com,Elazığ,0
8362,Kerem Aslan,customer08362@example.com,Burdur,0
8363,Yusuf Erdoğan,customer08363@example.com,Diyarbakır,0
8364,Kaan Kurt,customer08364@example.com,Gaziantep,0
8365,Furkan Doğan,customer08365@example.com,Hatay,0
8366,Mustafa Kılıç,customer08366@example.com,Kilis,0
8367,Mert Erdoğan,customer08367@example.com,Osmaniye,0
8368,Buse Aksoy,customer08368@example.com,Şırnak,0
8369,Seda Kılıç,customer08369@example.com,Kilis,0
8370,Berk Aslan,customer08370@example.com,Kastamonu,0
8371,Furkan Kurt,customer08371@example.com,Isparta,0
8372,Mert Kılıç,customer08372@example.com,İstanbul,0
8373,Buse Doğan,customer08373@example.com,Gümüşhane,0
8374,Mert Arslan,customer08374@example.com,Balıkesir,0
8375,Ece Doğan,customer08375@example.com,Kilis,0
8376,Ali Koç,customer08376@example.com,Şırnak,0
8377,Derya Tekin,customer08377@example.com,Iğdır,0
8378,Can Tekin,customer08378@example.com,Isparta,0
8379,Ceren Arslan,customer08379@example.com,Kars,0
8380,Hakan Özdemir,customer08380@example.com,Kastamonu,0
8381,Can Güneş,customer08381@example.com,İzmir,0
8382,Melis Kurt,customer08382@example.com,İstanbul,0
8383,Ahmet Erdoğan,customer08383@example.com,Batman,0
8384,Yusuf Çelik,customer08384@example.com,Gümüşhane,0
8385,Mehmet Güneş,customer08385@example.com,Kütahya,0
8386,Serkan Kurt,customer08386@example.com,Çanakkale,0
8387,Barış Polat,customer08387@example.com,Giresun,0
8388,Hakan Aksoy,customer08388@example.com,Zonguldak,0
8389,Hakan Arslan,customer08389@example.com,Bitlis,0
8390,Can Yıldız,customer08390@example.com,Bolu,0
8391,Ahmet Güneş,customer08391@example.com,Sivas,0
8392,Emre Kaya,customer08392@example.com,Elazığ,0
8393,Ali Polat,customer08393@example.com,Ankara,0
8394,Arda Kılıç,customer08394@example.com,Kırklareli,0
8395,Melis Erdoğan,customer08395@example.com,Manisa,0
8396,Burak Doğan,customer08396@example.com,Düzce,0
8397,Ayşe Kurt,customer08397@example.com,Muğla,0
8398,Ömer Polat,customer08398@example.com,Ardahan,0
8399,Emre Çelik,customer08399@example.com,Amasya,0
8400,Can Yılmaz,customer08400@example.com,Ankara,0
8401,Mert Arslan,customer08401@example.com,Şırnak,0
8402,Furkan Doğan,customer08402@example.com,Muş,0
8403,Derya Demir,customer08403@example.com,Çorum,0
8404,Fatma Tekin,customer08404@example.com,Gümüşhane,0
8405,Hakan Kaya,customer08405@example.com,Ağrı,0
8406,Emre Aslan,customer08406@example.com,Bolu,0
8407,Emre Şahin,customer08407@example.com,Gaziantep,0
8408,Fatma Özdemir,customer08408@example.com,Kütahya,0
8409,Buse Koç,customer08409@example.com,Kahramanmaraş,0
8410,Serkan Tekin,customer08410@example.com,Niğde,0
8411,Burak Kılıç,customer08411@example.com,Ardahan,0
8412,Ömer Polat,customer08412@example.com,Adana,0
8413,Onur Kurt,customer08413@example.com,Bilecik,0
8414,Derya Güneş,customer08414@example.com,Kilis,0
8415,Burak Demir,customer08415@example.com,İstanbul,0
8416,Ayşe Aslan,customer08416@example.com,Kırıkkale,0
8417,Mert Aydın,customer08417@example.com,İstanbul,0
8418,Ayşe Kılıç,customer08418@example.com,Niğde,0
8419,Berk Öztürk,customer08419@example.com,Bilecik,0
8420,Mustafa Öztürk,customer08420@example.com,Karaman,0
8421,Onur Aslan,customer08421@example.com,Antalya,0
8422,Melis Aydın,customer08422@example.com,Kayseri,0
8423,Melis Yıldız,customer08423@example.com,Erzurum,0
8424,Ceren Kurt,customer08424@example.com,Diyarbakır,0
8425,Derya Çelik,customer08425@example.com,Amasya,0
8426,Buse Öztürk,customer08426@example.com,Erzurum,0
8427,Mert Özdemir,customer08427@example.com,Kayseri,0
8428,Yusuf Arslan,customer08428@example.com,Rize,0
8429,Burak Şahin,customer08429@example.com,Afyonkarahisar,0
8430,Mert Öztürk,customer08430@example.com,Sivas,0
8431,Ayşe Güneş,customer08431@example.com,Sakarya,0
8432,Serkan Koç,customer08432@example.com,Karaman,0
8433,Ceren Yılmaz,customer08433@example.com,Amasya,0
8434,Onur Kılıç,customer08434@example.com,Çorum,0
8435,Hakan Arslan,customer08435@example.com,Muş,0
8436,Seda Güneş,customer08436@example.com,Antalya,0
8437,Emre Demir,customer08437@example.com,Şanlıurfa,0
8438,Kaan Doğan,customer08438@example.com,Aydın,0
8439,Kaan Arslan,customer08439@example.com,Erzurum,0
8440,Mehmet Doğan,customer08440@example.com,Gaziantep,0
8441,Ceren Kılıç,customer08441@example.com,Artvin,0
8442,Emre Öztürk,customer08442@example.com,Bayburt,0
8443,Ece Aslan,customer08443@example.com,Antalya,0
8444,Yusuf Yıldız,customer08444@example.com,Batman,0
8445,Barış Arslan,customer08445@example.com,Samsun,0
8446,Berk Kılıç,customer08446@example.com,Erzincan,0
8447,Kaan Kılıç,customer08447@example.com,Diyarbakır,0
8448,Burak Aydın,customer08448@example.com,Çankırı,0
8449,Serkan Çelik,customer08449@example.com,Osmaniye,0
8450,Ece Öztürk,customer08450@example.com,Adıyaman,0
8451,Emre Yılmaz,customer08451@example.com,Çankırı,0
8452,Ömer Koç,customer08452@example.com,Bartın,0
8453,Ali Aydın,customer08453@example.com,Gaziantep,0
8454,Melis Yılmaz,customer08454@example.com,Hakkari,0
8455,Ahmet Öztürk,customer08455@example.com,Eskişehir,0
8456,Eren Kurt,customer08456@example.com,Tokat,0
8457,Kaan Demir,customer08457@example.com,Bursa,0
8458,Zeynep Kurt,customer08458@example.com,Tekirdağ,0
8459,Kerem Yılmaz,customer08459@example.com,Sinop,0
8460,Buse Kurt,customer08460@example.com,Çorum,0
8461,Seda Polat,customer08461@example.com,Kilis,0
8462,Barış Aslan,customer08462@example.com,Kocaeli,0
8463,Can Kaya,customer08463@example.com,Elazığ,0
8464,Eren Aslan,customer08464@example.com,Gaziantep,0
8465,Mehmet Demir,customer08465@example.com,Elazığ,0
8466,Derya Öztürk,customer08466@example.com,Ardahan,0
8467,Onur Arslan,customer08467@example.com,Şanlıurfa,0
8468,Yusuf Öztürk,customer08468@example.com,Ağrı,0
8469,Burak Arslan,customer08469@example.com,Çanakkale,0
8470,Mehmet Çelik,customer08470@example.com,Karaman,0
8471,Mert Özdemir,customer08471@example.com,Aydın,0
8472,Ece Güneş,customer08472@example.com,Afyonkarahisar,0
8473,Mustafa Özdemir,customer08473@example.com,Diyarbakır,0
8474,Yusuf Çelik,customer08474@example.com,Kayseri,0
8475,Mehmet Aslan,customer08475@example.com,Artvin,0
8476,Kaan Kurt,customer08476@example.com,İstanbul,0
8477,Zeynep Aksoy,customer08477@example.com,Tokat,0
8478,Fatma Şahin,customer08478@example.com,Trabzon,0
8479,Elif Polat,customer08479@example.com,Konya,0
8480,Ceren Arslan,customer08480@example.com,Rize,0
8481,Ali Tekin,customer08481@example.com,Yalova,0
8482,Derya Yıldız,customer08482@example.com,İstanbul,0
8483,Mehmet Koç,customer08483@example.com,Mardin,0
8484,Elif Aksoy,customer08484@example.com,Hakkari,0
8485,Onur Özdemir,customer08485@example.com,Denizli,0
8486,Ece Polat,customer08486@example.com,Düzce,0
8487,Emre Kılıç,customer08487@example.com,Van,0
8488,Buse Demir,customer08488@example.com,Erzincan,0
8489,Emre Kılıç,customer08489@example.com,Yalova,0
8490,Mehmet Güneş,customer08490@example.com,Malatya,0
8491,Berk Koç,customer08491@example.com,Bayburt,0
8492,Mert Arslan,customer08492@example.com,Van,0
8493,Fatma Çelik,customer08493@example.com,Isparta,0
8494,Arda Öztürk,customer08494@example.com,Düzce,0
8495,Burak Özdemir,customer08495@example.com,Bartın,0
8496,Seda Demir,customer08496@example.com,Erzincan,0
8497,Ali Çelik,customer08497@example.com,Bilecik,0
8498,Mustafa Kaya,customer08498@example.com,Bursa,0
8499,Serkan Özdemir,customer08499@example.com,Yozgat,0
8500,Mehmet Öztürk,customer08500@example.com,Manisa,0
8501,Ayşe Aksoy,customer08501@example.com,Sakarya,0
8502,Ece Tekin,customer08502@example.com,Antalya,0
8503,Zeynep Demir,customer08503@example.com,Tekirdağ,0
8504,Buse Kaya,customer08504@example.com,Şanlıurfa,0
8505,Mert Kaya,customer08505@example.com,Düzce,0
8506,Derya Öztürk,customer08506@example.com,Yalova,0
8507,Emre Aslan,customer08507@example.com,Bolu,0
8508,Hakan Tekin,customer08508@example.com,Osmaniye,0
8509,Eren Aslan,customer08509@example.com,Elazığ,0
8510,Barış Kılıç,customer08510@example.com,Burdur,0
8511,Arda Şahin,customer08511@example.com,Elazığ,0
8512,Yusuf Çelik,customer08512@example.com,Uşak,0
8513,Berk Arslan,customer08513@example.com,Isparta,0
8514,Can Aksoy,customer08514@example.com,Tekirdağ,0
8515,Yusuf Yıldız,customer08515@example.com,Afyonkarahisar,0
8516,Kerem Doğan,customer08516@example.com,Denizli,0
8517,Emre Şahin,customer08517@example.com,Muş,0
8518,Yusuf Koç,customer08518@example.com,Konya,0
8519,Zeynep Arslan,customer08519@example.com,Iğdır,0
8520,Melis Koç,customer08520@example.com,Erzurum,0
8521,Derya Aydın,customer08521@example.com,Adana,0
8522,Ayşe Aksoy,customer08522@example.com,Eskişehir,0
8523,Burak Doğan,customer08523@example.com,Kayseri,0
8524,Mert Özdemir,customer08524@example.com,Afyonkarahisar,0
8525,Mert Erdoğan,customer08525@example.com,Zonguldak,0
8526,Arda Erdoğan,customer08526@example.com,Yalova,0
8527,Hakan Kılıç,customer08527@example.com,Adıyaman,0
8528,Eren Özdemir,customer08528@example.com,Afyonkarahisar,0
8529,Ece Yıldız,customer08529@example.com,Adıyaman,0
8530,Buse Aslan,customer08530@example.com,Kilis,0
8531,Zeynep Koç,customer08531@example.com,Van,0
8532,Zeynep Aslan,customer08532@example.com,Balıkesir,0
8533,Barış Kılıç,customer08533@example.com,Erzurum,0
8534,Ece Özdemir,customer08534@example.com,Uşak,0
8535,Eren Tekin,customer08535@example.com,Erzincan,0
8536,Berk Kurt,customer08536@example.com,Gaziantep,0
8537,Yusuf Tekin,customer08537@example.com,Kocaeli,0
8538,Furkan Öztürk,customer08538@example.com,İzmir,0
8539,Yusuf Özdemir,customer08539@example.com,Uşak,0
8540,Arda Kılıç,customer08540@example.com,Edirne,0
8541,Yusuf Aslan,customer08541@example.com,Şırnak,0
8542,Emre Yılmaz,customer08542@example.com,Sakarya,0
8543,Mustafa Koç,customer08543@example.com,Manisa,0
8544,Onur Demir,customer08544@example.com,Çorum,0
8545,Ece Tekin,customer08545@example.com,Çankırı,0
8546,Ahmet Aslan,customer08546@example.com,Bartın,0
8547,Fatma Yıldız,customer08547@example.com,Denizli,0
8548,Hakan Doğan,customer08548@example.com,Burdur,0
8549,Mustafa Kılıç,customer08549@example.com,Rize,0
8550,Burak Kaya,customer08550@example.com,Denizli,0
8551,Hakan Kılıç,customer08551@example.com,Kocaeli,0
8552,Seda Güneş,customer08552@example.com,Ordu,0
8553,Can Kurt,customer08553@example.com,Isparta,0
8554,Kaan Çelik,customer08554@example.com,Rize,0
8555,Yusuf Tekin,customer08555@example.com,Kayseri,0
8556,Zeynep Yıldız,customer08556@example.com,Ankara,0
8557,Furkan Koç,customer08557@example.com,Balıkesir,0
8558,Ömer Arslan,customer08558@example.com,Osmaniye,0
8559,Serkan Yılmaz,customer08559@example.com,Kırıkkale,0
8560,Ömer Şahin,customer08560@example.com,Erzurum,0
8561,Burak Şahin,customer08561@example.com,Gümüşhane,0
8562,Elif Aksoy,customer08562@example.com,Ankara,0
8563,Mehmet Arslan,customer08563@example.com,Bartın,0
8564,Onur Öztürk,customer08564@example.com,Diyarbakır,0
8565,Mustafa Demir,customer08565@example.com,Elazığ,0
8566,Buse Çelik,customer08566@example.com,Bitlis,0
8567,Ceren Yıldız,customer08567@example.com,Balıkesir,0
8568,Kerem Doğan,customer08568@example.com,Yozgat,0
8569,Zeynep Şahin,customer08569@example.com,Muğla,0
8570,Onur Çelik,customer08570@example.com,Siirt,0
8571,Onur Kurt,customer08571@example.com,Bayburt,0
8572,Arda Koç,customer08572@example.com,Kırklareli,0
8573,Melis Yılmaz,customer08573@example.com,Bolu,0
8574,Seda Güneş,customer08574@example.com,Burdur,0
8575,Serkan Kılıç,customer08575@example.com,İstanbul,0
8576,Onur Aksoy,customer08576@example.com,Artvin,0
8577,Berk Doğan,customer08577@example.com,Kırşehir,0
8578,Seda Çelik,customer08578@example.com,Adana,0
8579,Mehmet Koç,customer08579@example.com,Elazığ,0
8580,Hakan Erdoğan,customer08580@example.com,Uşak,0
8581,Kaan Erdoğan,customer08581@example.com,Tunceli,0
8582,Can Kılıç,customer08582@example.com,Zonguldak,0
8583,Ömer Koç,customer08583@example.com,Ordu,0
8584,Mert Koç,customer08584@example.com,Kırşehir,0
8585,Seda Şahin,customer08585@example.com,Yalova,0
8586,Furkan Çelik,customer08586@example.com,Giresun,0
8587,Mert Yıldız,customer08587@example.com,Burdur,0
8588,Barış Çelik,customer08588@example.com,Siirt,0
8589,Ece Çelik,customer08589@example.com,Elazığ,0
8590,Mustafa Aydın,customer08590@example.com,Erzincan,0
8591,Ahmet Doğan,customer08591@example.com,Aydın,0
8592,Mehmet Doğan,customer08592@example.com,Diyarbakır,0
8593,Barış Arslan,customer08593@example.com,Bayburt,0
8594,Burak Şahin,customer08594@example.com,Kastamonu,0
8595,Fatma Polat,customer08595@example.com,Yozgat,0
8596,Derya Güneş,customer08596@example.com,Burdur,0
8597,Mustafa Polat,customer08597@example.com,Kilis,0
8598,Kaan Çelik,customer08598@example.com,Rize,0
8599,Hakan Tekin,customer08599@example.com,Yalova,0
8600,Barış Arslan,customer08600@example.com,Bartın,0
8601,Ayşe Erdoğan,customer08601@example.com,Bitlis,0
8602,Elif Yıldız,customer08602@example.com,Yozgat,0
8603,Ayşe Aydın,customer08603@example.com,Burdur,0
8604,Fatma Aksoy,customer08604@example.com,Afyonkarahisar,0
8605,Mehmet Öztürk,customer08605@example.com,Siirt,0
8606,Furkan Kurt,customer08606@example.com,Afyonkarahisar,0
8607,Fatma Yıldız,customer08607@example.com,Adana,0
8608,Mehmet Yılmaz,customer08608@example.com,Manisa,0
8609,Derya Aydın,customer08609@example.com,Diyarbakır,0
8610,Onur Kılıç,customer08610@example.com,Erzurum,0
8611,Onur Koç,customer08611@example.com,Erzurum,0
8612,Buse Şahin,customer08612@example.com,Adana,0
8613,Ömer Kaya,customer08613@example.com,Konya,0
8614,Ece Yıldız,customer08614@example.com,İzmir,0
8615,Can Erdoğan,customer08615@example.com,Hatay,0
8616,Onur Yılmaz,customer08616@example.com,Kahramanmaraş,0
8617,Onur Yıldız,customer08617@example.com,Sakarya,0
8618,Ceren Tekin,customer08618@example.com,Edirne,0
8619,Zeynep Güneş,customer08619@example.com,Kilis,0
8620,Mehmet Kaya,customer08620@example.com,Sivas,0
8621,Berk Aksoy,customer08621@example.com,Siirt,0
8622,Yusuf Özdemir,customer08622@example.com,Siirt,0
8623,Derya Öztürk,customer08623@example.com,Hakkari,0
8624,Yusuf Aksoy,customer08624@example.com,Gaziantep,0
8625,Melis Erdoğan,customer08625@example.com,Kilis,0
8626,Melis Koç,customer08626@example.com,Gaziantep,0
8627,Burak Polat,customer08627@example.com,Rize,0
8628,Melis Demir,customer08628@example.com,Van,0
8629,Ömer Şahin,customer08629@example.com,Düzce,0
8630,Onur Koç,customer08630@example.com,Elazığ,0
8631,Berk Özdemir,customer08631@example.com,Bolu,0
8632,Can Kurt,customer08632@example.com,Kırıkkale,0
8633,Mert Şahin,customer08633@example.com,Adana,0
8634,Mustafa Aydın,customer08634@example.com,Denizli,0
8635,Zeynep Erdoğan,customer08635@example.com,Diyarbakır,0
8636,Burak Öztürk,customer08636@example.com,Karabük,0
8637,Emre Şahin,customer08637@example.com,Karaman,0
8638,Buse Erdoğan,customer08638@example.com,Gümüşhane,0
8639,Kerem Yıldız,customer08639@example.com,Tokat,0
8640,Fatma Tekin,customer08640@example.com,Aydın,0
8641,Serkan Polat,customer08641@example.com,Konya,0
8642,Ayşe Yılmaz,customer08642@example.com,Ordu,0
8643,Melis Polat,customer08643@example.com,Uşak,0
8644,Berk Şahin,customer08644@example.com,Ankara,0
8645,Furkan Aslan,customer08645@example.com,Ardahan,0
8646,Yusuf Yılmaz,customer08646@example.com,Bayburt,0
8647,Serkan Şahin,customer08647@example.com,İzmir,0
8648,Can Demir,customer08648@example.com,Osmaniye,0
8649,Emre Özdemir,customer08649@example.com,Karabük,0
8650,Kaan Kurt,customer08650@example.com,Burdur,0
8651,Kaan Erdoğan,customer08651@example.com,Burdur,0
8652,Kerem Güneş,customer08652@example.com,Sakarya,0
8653,Hakan Aksoy,customer08653@example.com,Isparta,0
8654,Onur Doğan,customer08654@example.com,Manisa,0
8655,Zeynep Polat,customer08655@example.com,Elazığ,0
8656,Fatma Yılmaz,customer08656@example.com,Denizli,0
8657,Ayşe Koç,customer08657@example.com,Muş,0
8658,Kerem Koç,customer08658@example.com,Bayburt,0
8659,Berk Yıldız,customer08659@example.com,Kilis,0
8660,Buse Aslan,customer08660@example.com,Bartın,0
8661,Ceren Şahin,customer08661@example.com,Çankırı,0
8662,Ömer Özdemir,customer08662@example.com,Gaziantep,0
8663,Mert Tekin,customer08663@example.com,Van,0
8664,Hakan Güneş,customer08664@example.com,Diyarbakır,0
8665,Ömer Kılıç,customer08665@example.com,Gümüşhane,0
8666,Barış Arslan,customer08666@example.com,Siirt,0
8667,Elif Yılmaz,customer08667@example.com,Sinop,0
8668,Fatma Doğan,customer08668@example.com,Çankırı,0
8669,Hakan Tekin,customer08669@example.com,Afyonkarahisar,0
8670,Kaan Arslan,customer08670@example.com,Düzce,0
8671,Arda Çelik,customer08671@example.com,Osmaniye,0
8672,Furkan Kurt,customer08672@example.com,Iğdır,0
8673,Mert Demir,customer08673@example.com,Sinop,0
8674,Hakan Tekin,customer08674@example.com,Niğde,0
8675,Arda Yılmaz,customer08675@example.com,Batman,0
8676,Ahmet Aksoy,customer08676@example.com,Yalova,0
8677,Kaan Doğan,customer08677@example.com,Uşak,0
8678,Eren Aksoy,customer08678@example.com,Kahramanmaraş,0
8679,Zeynep Tekin,customer08679@example.com,Bartın,0
8680,Mert Koç,customer08680@example.com,Kars,0
8681,Mustafa Erdoğan,customer08681@example.com,Erzurum,0
8682,Ece Tekin,customer08682@example.com,Van,0
8683,Buse Doğan,customer08683@example.com,Burdur,0
8684,Furkan Özdemir,customer08684@example.com,Isparta,0
8685,Mert Özdemir,customer08685@example.com,Zonguldak,0
8686,Elif Kılıç,customer08686@example.com,Gaziantep,0
8687,Berk Güneş,customer08687@example.com,Bayburt,0
8688,Ece Aksoy,customer08688@example.com,Bolu,0
8689,Berk Doğan,customer08689@example.com,Ardahan,0
8690,Onur Yılmaz,customer08690@example.com,İstanbul,0
8691,Mert Kılıç,customer08691@example.com,Adıyaman,0
8692,Ece Tekin,customer08692@example.com,Edirne,0
8693,Zeynep Erdoğan,customer08693@example.com,Niğde,0
8694,Melis Yılmaz,customer08694@example.com,Konya,0
8695,Yusuf Şahin,customer08695@example.com,Amasya,0
8696,Yusuf Koç,customer08696@example.com,Çankırı,0
8697,Kaan Kaya,customer08697@example.com,Niğde,0
8698,Berk Doğan,customer08698@example.com,Kırıkkale,0
8699,Barış Kaya,customer08699@example.com,Afyonkarahisar,0
8700,Ceren Aksoy,customer08700@example.com,Elazığ,0
8701,Eren Aksoy,customer08701@example.com,Mersin,0
8702,Kerem Erdoğan,customer08702@example.com,Bolu,0
8703,Seda Öztürk,customer08703@example.com,Adana,0
8704,Onur Aksoy,customer08704@example.com,Bartın,0
8705,Onur Aydın,customer08705@example.com,Ankara,0
8706,Ömer Polat,customer08706@example.com,Kırşehir,0
8707,Zeynep Aksoy,customer08707@example.com,Kırıkkale,0
8708,Can Tekin,customer08708@example.com,Yalova,0
8709,Fatma Polat,customer08709@example.com,İstanbul,0
8710,Ceren Şahin,customer08710@example.com,Kırıkkale,0
8711,Kerem Kurt,customer08711@example.com,Hatay,0
8712,Ahmet Çelik,customer08712@example.com,Sivas,0
8713,Ece Aslan,customer08713@example.com,Adıyaman,0
8714,Mehmet Yılmaz,customer08714@example.com,Giresun,0
8715,Mehmet Aslan,customer08715@example.com,Nevşehir,0
8716,Seda Koç,customer08716@example.com,Bolu,0
8717,Hakan Tekin,customer08717@example.com,Kahramanmaraş,0
8718,Elif Aydın,customer08718@example.com,Afyonkarahisar,0
8719,Derya Aslan,customer08719@example.com,Nevşehir,0
8720,Mert Şahin,customer08720@example.com,Batman,0
8721,Eren Güneş,customer08721@example.com,Erzurum,0
8722,Ceren Özdemir,customer08722@example.com,Karaman,0
8723,Zeynep Doğan,customer08723@example.com,Siirt,0
8724,Kaan Güneş,customer08724@example.com,Antalya,0
8725,Serkan Polat,customer08725@example.com,Afyonkarahisar,0
8726,Elif Şahin,customer08726@example.com,Aksaray,0
8727,Arda Yıldız,customer08727@example.com,Sakarya,0
8728,Melis Kaya,customer08728@example.com,Ağrı,0
8729,Ali Aydın,customer08729@example.com,Samsun,0
8730,Kerem Şahin,customer08730@example.com,Antalya,0
8731,Can Arslan,customer08731@example.com,Kayseri,0
8732,Mert Arslan,customer08732@example.com,Çanakkale,0
8733,Barış Tekin,customer08733@example.com,Ankara,0
8734,Berk Polat,customer08734@example.com,Kars,0
8735,Zeynep Kılıç,customer08735@example.com,Samsun,0
8736,Onur Koç,customer08736@example.com,Muğla,0
8737,Yusuf Doğan,customer08737@example.com,Amasya,0
8738,Berk Çelik,customer08738@example.com,Çanakkale,0
8739,Ali Kılıç,customer08739@example.com,Manisa,0
8740,Barış Tekin,customer08740@example.com,Siirt,0
8741,Buse Polat,customer08741@example.com,Çankırı,0
8742,Ömer Kurt,customer08742@example.com,Elazığ,0
8743,Yusuf Yıldız,customer08743@example.com,Bursa,0
8744,Barış Yılmaz,customer08744@example.com,Kütahya,0
8745,Can Aydın,customer08745@example.com,Kayseri,0
8746,Kaan Yılmaz,customer08746@example.com,İstanbul,0
8747,Arda Doğan,customer08747@example.com,Tunceli,0
8748,Melis Koç,customer08748@example.com,Kırklareli,0
8749,Onur Doğan,customer08749@example.com,Konya,0
8750,Kerem Tekin,customer08750@example.com,Gümüşhane,0
8751,Barış Kurt,customer08751@example.com,Konya,0
8752,Yusuf Şahin,customer08752@example.com,Hakkari,0
8753,Onur Öztürk,customer08753@example.com,Kocaeli,0
8754,Ahmet Polat,customer08754@example.com,Bilecik,0
8755,Emre Doğan,customer08755@example.com,Kütahya,0
8756,Fatma Aslan,customer08756@example.com,Giresun,0
8757,Ali Yıldız,customer08757@example.com,Yalova,0
8758,Mehmet Yılmaz,customer08758@example.com,Isparta,0
8759,Berk Çelik,customer08759@example.com,Erzincan,0
8760,Mustafa Demir,customer08760@example.com,Trabzon,0
8761,Can Çelik,customer08761@example.com,Tokat,0
8762,Arda Yıldız,customer08762@example.com,Samsun,0
8763,Seda Arslan,customer08763@example.com,Bayburt,0
8764,Elif Aksoy,customer08764@example.com,Isparta,0
8765,Barış Aslan,customer08765@example.com,Batman,0
8766,Ömer Kılıç,customer08766@example.com,Kırıkkale,0
8767,Ömer Yıldız,customer08767@example.com,Erzincan,0
8768,Hakan Doğan,customer08768@example.com,Edirne,0
8769,Zeynep Aslan,customer08769@example.com,Çankırı,0
8770,Ayşe Kılıç,customer08770@example.com,Bitlis,0
8771,Berk Şahin,customer08771@example.com,Van,0
8772,Ömer Polat,customer08772@example.com,Muğla,0
8773,Barış Demir,customer08773@example.com,Sivas,0
8774,Mustafa Kaya,customer08774@example.com,Malatya,0
8775,Derya Kaya,customer08775@example.com,Aksaray,0
8776,Buse Kaya,customer08776@example.com,Mardin,0
8777,Mert Tekin,customer08777@example.com,Bingöl,0
8778,Eren Özdemir,customer08778@example.com,Tekirdağ,0
8779,Mert Arslan,customer08779@example.com,Trabzon,0
8780,Can Aslan,customer08780@example.com,Giresun,0
8781,Kerem Çelik,customer08781@example.com,Kırklareli,0
8782,Kaan Erdoğan,customer08782@example.com,Kayseri,0
8783,Ali Özdemir,customer08783@example.com,Bursa,0
8784,Kerem Güneş,customer08784@example.com,Kırklareli,0
8785,Ayşe Güneş,customer08785@example.com,Tekirdağ,0
8786,Burak Arslan,customer08786@example.com,Kayseri,0
8787,Buse Tekin,customer08787@example.com,Gaziantep,0
8788,Mehmet Kılıç,customer08788@example.com,Hakkari,0
8789,Arda Erdoğan,customer08789@example.com,Bayburt,0
8790,Ahmet Öztürk,customer08790@example.com,Erzurum,0
8791,Ali Erdoğan,customer08791@example.com,Giresun,0
8792,Furkan Demir,customer08792@example.com,Aydın,0
8793,Ayşe Aydın,customer08793@example.com,Hatay,0
8794,Ceren Erdoğan,customer08794@example.com,Yalova,0
8795,Yusuf Kurt,customer08795@example.com,Amasya,0
8796,Serkan Polat,customer08796@example.com,Van,0
8797,Onur Yıldız,customer08797@example.com,Batman,0
8798,Mustafa Aslan,customer08798@example.com,Elazığ,0
8799,Arda Aksoy,customer08799@example.com,Trabzon,0
8800,Burak Yılmaz,customer08800@example.com,Kastamonu,0
8801,Ceren Aksoy,customer08801@example.com,Siirt,0
8802,Yusuf Kılıç,customer08802@example.com,Aydın,0
8803,Ömer Yıldız,customer08803@example.com,Bursa,0
8804,Kaan Doğan,customer08804@example.com,Rize,0
8805,Ömer Aydın,customer08805@example.com,Konya,0
8806,Fatma Öztürk,customer08806@example.com,Tunceli,0
8807,Ece Erdoğan,customer08807@example.com,Antalya,0
8808,Ali Erdoğan,customer08808@example.com,Şırnak,0
8809,Buse Şahin,customer08809@example.com,Kahramanmaraş,0
8810,Furkan Polat,customer08810@example.com,Erzurum,0
8811,Mert Arslan,customer08811@example.com,Muş,0
8812,Arda Demir,customer08812@example.com,Tunceli,0
8813,Kaan Koç,customer08813@example.com,Diyarbakır,0
8814,Hakan Koç,customer08814@example.com,Iğdır,0
8815,Derya Demir,customer08815@example.com,Kırşehir,0
8816,Can Aydın,customer08816@example.com,Niğde,0
8817,Emre Güneş,customer08817@example.com,Karabük,0
8818,Hakan Arslan,customer08818@example.com,Muş,0
8819,Elif Kurt,customer08819@example.com,İstanbul,0
8820,Melis Kılıç,customer08820@example.com,Antalya,0
8821,Barış Güneş,customer08821@example.com,Bartın,0
8822,Hakan Yılmaz,customer08822@example.com,Amasya,0
8823,Ali Kaya,customer08823@example.com,Bayburt,0
8824,Barış Aksoy,customer08824@example.com,Malatya,0
8825,Arda Öztürk,customer08825@example.com,Bartın,0
8826,Ahmet Aksoy,customer08826@example.com,Hakkari,0
8827,Ceren Kılıç,customer08827@example.com,Diyarbakır,0
8828,Ali Demir,customer08828@example.com,Karaman,0
8829,Barış Kurt,customer08829@example.com,Zonguldak,0
8830,Mert Doğan,customer08830@example.com,Edirne,0
8831,Elif Doğan,customer08831@example.com,Nevşehir,0
8832,Eren Erdoğan,customer08832@example.com,Zonguldak,0
8833,Mert Tekin,customer08833@example.com,Kilis,0
8834,Fatma Özdemir,customer08834@example.com,Ardahan,0
8835,Kerem Özdemir,customer08835@example.com,Edirne,0
8836,Onur Aslan,customer08836@example.com,Şanlıurfa,0
8837,Ömer Güneş,customer08837@example.com,Manisa,0
8838,Seda Erdoğan,customer08838@example.com,Çanakkale,0
8839,Serkan Şahin,customer08839@example.com,Iğdır,0
8840,Mehmet Yıldız,customer08840@example.com,Çorum,0
8841,Mustafa Özdemir,customer08841@example.com,Ardahan,0
8842,Kaan Aksoy,customer08842@example.com,Karabük,0
8843,Zeynep Demir,customer08843@example.com,Çankırı,0
8844,Mert Erdoğan,customer08844@example.com,Karaman,0
8845,Burak Tekin,customer08845@example.com,Sivas,0
8846,Melis Demir,customer08846@example.com,Tokat,0
8847,Ahmet Kılıç,customer08847@example.com,Ardahan,0
8848,Serkan Doğan,customer08848@example.com,İstanbul,0
8849,Derya Kılıç,customer08849@example.com,Bitlis,0
8850,Ece Arslan,customer08850@example.com,Gaziantep,0
8851,Furkan Polat,customer08851@example.com,Diyarbakır,0
8852,Serkan Koç,customer08852@example.com,Zonguldak,0
8853,Ali Demir,customer08853@example.com,Erzincan,0
8854,Fatma Aydın,customer08854@example.com,Ağrı,0
8855,Burak Erdoğan,customer08855@example.com,Van,0
8856,Ömer Kurt,customer08856@example.com,Bayburt,0
8857,Ali Demir,customer08857@example.com,Bartın,0
8858,Can Tekin,customer08858@example.com,Şanlıurfa,0
8859,Ceren Aksoy,customer08859@example.com,Bilecik,0
8860,Eren Kılıç,customer08860@example.com,Bartın,0
8861,Ahmet Yılmaz,customer08861@example.com,Osmaniye,0
8862,Zeynep Güneş,customer08862@example.com,Düzce,0
8863,Buse Yıldız,customer08863@example.com,Bolu,0
8864,Kaan Özdemir,customer08864@example.com,Bartın,0
8865,Mehmet Aslan,customer08865@example.com,Kocaeli,0
8866,Emre Aksoy,customer08866@example.com,Samsun,0
8867,Derya Kurt,customer08867@example.com,Ardahan,0
8868,Burak Öztürk,customer08868@example.com,Muğla,0
8869,Mustafa Kılıç,customer08869@example.com,Van,0
8870,Onur Yılmaz,customer08870@example.com,Tokat,0
8871,Fatma Yılmaz,customer08871@example.com,Kocaeli,0
8872,Burak Çelik,customer08872@example.com,Niğde,0
8873,Ahmet Şahin,customer08873@example.com,Bursa,0
8874,Hakan Öztürk,customer08874@example.com,Ardahan,0
8875,Mustafa Yılmaz,customer08875@example.com,Isparta,0
8876,Buse Aksoy,customer08876@example.com,Çanakkale,0
8877,Buse Güneş,customer08877@example.com,Trabzon,0
8878,Mert Çelik,customer08878@example.com,Kocaeli,0
8879,Kerem Şahin,customer08879@example.com,Isparta,0
8880,Fatma Kurt,customer08880@example.com,Ankara,0
8881,Hakan Kaya,customer08881@example.com,Aksaray,0
8882,Ömer Aksoy,customer08882@example.com,Bitlis,0
8883,Buse Erdoğan,customer08883@example.com,Bursa,0
8884,Mehmet Doğan,customer08884@example.com,Konya,0
8885,Mehmet Çelik,customer08885@example.com,Kırklareli,0
8886,Burak Özdemir,customer08886@example.com,Gaziantep,0
8887,Berk Demir,customer08887@example.com,Malatya,0
8888,Derya Erdoğan,customer08888@example.com,Uşak,0
8889,Burak Koç,customer08889@example.com,Ordu,0
8890,Emre Özdemir,customer08890@example.com,Bilecik,0
8891,Burak Aslan,customer08891@example.com,Yozgat,0
8892,Fatma Tekin,customer08892@example.com,Ordu,0
8893,Hakan Öztürk,customer08893@example.com,Gaziantep,0
8894,Kerem Öztürk,customer08894@example.com,Osmaniye,0
8895,Mehmet Yılmaz,customer08895@example.com,Düzce,0
8896,Ömer Aksoy,customer08896@example.com,Konya,0
8897,Buse Kurt,customer08897@example.com,Bingöl,0
8898,Kerem Doğan,customer08898@example.com,Sivas,0
8899,Zeynep Öztürk,customer08899@example.com,Bingöl,0
8900,Elif Kılıç,customer08900@example.com,Nevşehir,0
8901,Ceren Koç,customer08901@example.com,Hatay,0
8902,Hakan Polat,customer08902@example.com,Şırnak,0
8903,Yusuf Aslan,customer08903@example.com,Manisa,0
8904,Ece Şahin,customer08904@example.com,Bitlis,0
8905,Berk Doğan,customer08905@example.com,Isparta,0
8906,Berk Tekin,customer08906@example.com,Ankara,0
8907,Zeynep Çelik,customer08907@example.com,Yozgat,0
8908,Derya Öztürk,customer08908@example.com,Trabzon,0
8909,Arda Yıldız,customer08909@example.com,Tekirdağ,0
8910,Ahmet Yıldız,customer08910@example.com,Karaman,0
8911,Barış Kurt,customer08911@example.com,Muş,0
8912,Furkan Yılmaz,customer08912@example.com,Malatya,0
8913,Derya Öztürk,customer08913@example.com,Kayseri,0
8914,Yusuf Erdoğan,customer08914@example.com,Bilecik,0
8915,Berk Arslan,customer08915@example.com,Mersin,0
8916,Mustafa Kurt,customer08916@example.com,Balıkesir,0
8917,Mehmet Şahin,customer08917@example.com,Osmaniye,0
8918,Ayşe Özdemir,customer08918@example.com,Konya,0
8919,Elif Aydın,customer08919@example.com,Kütahya,0
8920,Onur Doğan,customer08920@example.com,Rize,0
8921,Ceren Arslan,customer08921@example.com,Ankara,0
8922,Kerem Şahin,customer08922@example.com,Amasya,0
8923,Burak Aksoy,customer08923@example.com,Karaman,0
8924,Ahmet Çelik,customer08924@example.com,Şanlıurfa,0
8925,Burak Yılmaz,customer08925@example.com,İstanbul,0
8926,Emre Polat,customer08926@example.com,Sakarya,0
8927,Burak Kurt,customer08927@example.com,Çankırı,0
8928,Derya Erdoğan,customer08928@example.com,Bolu,0
8929,Eren Arslan,customer08929@example.com,İzmir,0
8930,Kaan Şahin,customer08930@example.com,Aksaray,0
8931,Seda Güneş,customer08931@example.com,Hakkari,0
8932,Hakan Kılıç,customer08932@example.com,Giresun,0
8933,Derya Yılmaz,customer08933@example.com,Bartın,0
8934,Furkan Güneş,customer08934@example.com,Ankara,0
8935,Furkan Polat,customer08935@example.com,Ordu,0
8936,Eren Tekin,customer08936@example.com,Düzce,0
8937,Ayşe Yılmaz,customer08937@example.com,Şırnak,0
8938,Yusuf Yıldız,customer08938@example.com,Van,0
8939,Onur Arslan,customer08939@example.com,Kilis,0
8940,Serkan Özdemir,customer08940@example.com,İzmir,0
8941,Buse Kılıç,customer08941@example.com,Manisa,0
8942,Ali Öztürk,customer08942@example.com,Kütahya,0
8943,Onur Özdemir,customer08943@example.com,Çankırı,0
8944,Buse Polat,customer08944@example.com,Bursa,0
8945,Kaan Arslan,customer08945@example.com,Eskişehir,0
8946,Ahmet Kurt,customer08946@example.com,Kırıkkale,0
8947,Onur Şahin,customer08947@example.com,Bolu,0
8948,Seda Koç,customer08948@example.com,İzmir,0
8949,Seda Kaya,customer08949@example.com,Eskişehir,0
8950,Mert Aydın,customer08950@example.com,Iğdır,0
8951,Serkan Erdoğan,customer08951@example.com,Aydın,0
8952,Serkan Polat,customer08952@example.com,Gaziantep,0
8953,Onur Polat,customer08953@example.com,Sinop,0
8954,Elif Aslan,customer08954@example.com,Yozgat,0
8955,Can Öztürk,customer08955@example.com,Giresun,0
8956,Berk Doğan,customer08956@example.com,Trabzon,0
8957,Kaan Yılmaz,customer08957@example.com,Mersin,0
8958,Ali Öztürk,customer08958@example.com,Adıyaman,0
8959,Barış Yılmaz,customer08959@example.com,Osmaniye,0
8960,Derya Şahin,customer08960@example.com,Manisa,0
8961,Burak Erdoğan,customer08961@example.com,Sakarya,0
8962,Ahmet Yıldız,customer08962@example.com,Karaman,0
8963,Emre Koç,customer08963@example.com,Çankırı,0
8964,Kerem Arslan,customer08964@example.com,Edirne,0
8965,Mehmet Arslan,customer08965@example.com,Aydın,0
8966,Elif Yıldız,customer08966@example.com,Hakkari,0
8967,Melis Demir,customer08967@example.com,Kilis,0
8968,Mehmet Aslan,customer08968@example.com,Sivas,0
8969,Kaan Çelik,customer08969@example.com,Adana,0
8970,Eren Arslan,customer08970@example.com,Aydın,0
8971,Ahmet Kaya,customer08971@example.com,Uşak,0
8972,Ayşe Güneş,customer08972@example.com,İzmir,0
8973,Ali Güneş,customer08973@example.com,Giresun,0
8974,Yusuf Arslan,customer08974@example.com,Muğla,0
8975,Seda Öztürk,customer08975@example.com,Kırıkkale,0
8976,Elif Demir,customer08976@example.com,Artvin,0
8977,Barış Polat,customer08977@example.com,Kilis,0
8978,Mert Şahin,customer08978@example.com,Çorum,0
8979,Emre Arslan,customer08979@example.com,Karaman,0
8980,Kaan Yılmaz,customer08980@example.com,Iğdır,0
8981,Fatma Aksoy,customer08981@example.com,Trabzon,0
8982,Emre Koç,customer08982@example.com,Mersin,0
8983,Buse Güneş,customer08983@example.com,Rize,0
8984,Burak Yıldız,customer08984@example.com,Elazığ,0
8985,Kerem Demir,customer08985@example.com,Uşak,0
8986,Ceren Doğan,customer08986@example.com,Çorum,0
8987,Yusuf Doğan,customer08987@example.com,Adıyaman,0
8988,Eren Aydın,customer08988@example.com,Elazığ,0
8989,Furkan Şahin,customer08989@example.com,Bolu,0
8990,Onur Tekin,customer08990@example.com,Antalya,0
8991,Mehmet Aydın,customer08991@example.com,Kırşehir,0
8992,Berk Erdoğan,customer08992@example.com,Siirt,0
8993,Ali Koç,customer08993@example.com,Giresun,0
8994,Mehmet Polat,customer08994@example.com,Adıyaman,0
8995,Emre Aksoy,customer08995@example.com,Ordu,0
8996,Kaan Yıldız,customer08996@example.com,Artvin,0
8997,Derya Çelik,customer08997@example.com,Amasya,0
8998,Mehmet Tekin,customer08998@example.com,Kütahya,0
8999,Seda Öztürk,customer08999@example.com,Niğde,0
9000,Melis Kurt,customer09000@example.com,Çankırı,0
9001,Mustafa Güneş,customer09001@example.com,Mardin,0
9002,Burak Kurt,customer09002@example.com,Karaman,0
9003,Hakan Yılmaz,customer09003@example.com,Adıyaman,0
9004,Ömer Özdemir,customer09004@example.com,Trabzon,0
9005,Barış Kılıç,customer09005@example.com,Ağrı,0
9006,Mehmet Şahin,customer09006@example.com,Uşak,0
9007,Can Çelik,customer09007@example.com,Kütahya,0
9008,Ece Güneş,customer09008@example.com,Adıyaman,0
9009,Ahmet Özdemir,customer09009@example.com,Giresun,0
9010,Barış Özdemir,customer09010@example.com,Bingöl,0
9011,Burak Kaya,customer09011@example.com,Sivas,0
9012,Yusuf Yıldız,customer09012@example.com,Bingöl,0
9013,Ali Aydın,customer09013@example.com,Karaman,0
9014,Ceren Koç,customer09014@example.com,Şırnak,0
9015,Mehmet Erdoğan,customer09015@example.com,Trabzon,0
9016,Melis Demir,customer09016@example.com,Nevşehir,0
9017,Arda Çelik,customer09017@example.com,Erzincan,0
9018,Ali Yılmaz,customer09018@example.com,Mersin,0
9019,Ömer Arslan,customer09019@example.com,Rize,0
9020,Ece Şahin,customer09020@example.com,Uşak,0
9021,Ali Güneş,customer09021@example.com,Edirne,0
9022,Onur Demir,customer09022@example.com,Trabzon,0
9023,Ceren Yılmaz,customer09023@example.com,Tekirdağ,0
9024,Eren Doğan,customer09024@example.com,Isparta,0
9025,Furkan Kaya,customer09025@example.com,Çorum,0
9026,Ceren Öztürk,customer09026@example.com,Kırklareli,0
9027,Mert Çelik,customer09027@example.com,Erzincan,0
9028,Kerem Çelik,customer09028@example.com,Bingöl,0
9029,Elif Koç,customer09029@example.com,Adıyaman,0
9030,Emre Kılıç,customer09030@example.com,Erzincan,0
9031,Burak Güneş,customer09031@example.com,İzmir,0
9032,Seda Demir,customer09032@example.com,Çorum,0
9033,Fatma Yılmaz,customer09033@example.com,Ardahan,0
9034,Eren Doğan,customer09034@example.com,Sivas,0
9035,Ece Polat,customer09035@example.com,Erzincan,0
9036,Berk Tekin,customer09036@example.com,Afyonkarahisar,0
9037,Burak Yıldız,customer09037@example.com,Sakarya,0
9038,Elif Aslan,customer09038@example.com,Kocaeli,0
9039,Ali Öztürk,customer09039@example.com,Çanakkale,0
9040,Arda Kurt,customer09040@example.com,Bilecik,0
9041,Elif Özdemir,customer09041@example.com,Karabük,0
9042,Ceren Doğan,customer09042@example.com,Batman,0
9043,Ahmet Çelik,customer09043@example.com,İzmir,0
9044,Kerem Aslan,customer09044@example.com,Ardahan,0
9045,Onur Aslan,customer09045@example.com,Burdur,0
9046,Berk Kaya,customer09046@example.com,Çanakkale,0
9047,Ali Şahin,customer09047@example.com,Bartın,0
9048,Zeynep Şahin,customer09048@example.com,Kocaeli,0
9049,Derya Aksoy,customer09049@example.com,Ardahan,0
9050,Derya Demir,customer09050@example.com,Edirne,0
9051,Ece Kurt,customer09051@example.com,Karaman,0
9052,Melis Koç,customer09052@example.com,Kastamonu,0
9053,Fatma Tekin,customer09053@example.com,Bayburt,0
9054,Melis Kurt,customer09054@example.com,Mersin,0
9055,Arda Aksoy,customer09055@example.com,Samsun,0
9056,Ece Erdoğan,customer09056@example.com,Sakarya,0
9057,Emre Aydın,customer09057@example.com,Tokat,0
9058,Berk Kaya,customer09058@example.com,Adıyaman,0
9059,Serkan Erdoğan,customer09059@example.com,İzmir,0
9060,Mert Özdemir,customer09060@example.com,İstanbul,0
9061,Ahmet Erdoğan,customer09061@example.com,Hakkari,0
9062,Kaan Aksoy,customer09062@example.com,Bingöl,0
9063,Hakan Şahin,customer09063@example.com,Bartın,0
9064,Mehmet Polat,customer09064@example.com,Kayseri,0
9065,Barış Güneş,customer09065@example.com,Çanakkale,0
9066,Mustafa Kurt,customer09066@example.com,Kırklareli,0
9067,Mehmet Kaya,customer09067@example.com,Ordu,0
9068,Hakan Erdoğan,customer09068@example.com,Eskişehir,0
9069,Berk Tekin,customer09069@example.com,Düzce,0
9070,Emre Aydın,customer09070@example.com,Konya,0
9071,Can Arslan,customer09071@example.com,Karaman,0
9072,Eren Erdoğan,customer09072@example.com,Siirt,0
9073,Eren Özdemir,customer09073@example.com,Ankara,0
9074,Serkan Yıldız,customer09074@example.com,Bursa,0
9075,Can Güneş,customer09075@example.com,Aksaray,0
9076,Furkan Kılıç,customer09076@example.com,Kars,0
9077,Furkan Yıldız,customer09077@example.com,Çorum,0
9078,Ayşe Yılmaz,customer09078@example.com,Edirne,0
9079,Mustafa Yıldız,customer09079@example.com,Eskişehir,0
9080,Fatma Polat,customer09080@example.com,Çorum,0
9081,Buse Yılmaz,customer09081@example.com,Kahramanmaraş,0
9082,Melis Kılıç,customer09082@example.com,Adana,0
9083,Melis Aydın,customer09083@example.com,Giresun,0
9084,Ahmet Kaya,customer09084@example.com,Afyonkarahisar,0
9085,Ahmet Aksoy,customer09085@example.com,Zonguldak,0
9086,Berk Öztürk,customer09086@example.com,Kayseri,0
9087,Fatma Koç,customer09087@example.com,Tekirdağ,0
9088,Can Güneş,customer09088@example.com,Burdur,0
9089,Barış Yılmaz,customer09089@example.com,Adana,0
9090,Serkan Erdoğan,customer09090@example.com,Bartın,0
9091,Seda Güneş,customer09091@example.com,Bingöl,0
9092,Ali Arslan,customer09092@example.com,Bursa,0
9093,Berk Yılmaz,customer09093@example.com,Afyonkarahisar,0
9094,Hakan Demir,customer09094@example.com,Nevşehir,0
9095,Hakan Çelik,customer09095@example.com,Hatay,0
9096,Emre Polat,customer09096@example.com,Eskişehir,0
9097,Derya Özdemir,customer09097@example.com,Ardahan,0
9098,Zeynep Aksoy,customer09098@example.com,Bartın,0
9099,Fatma Özdemir,customer09099@example.com,Osmaniye,0
9100,Mehmet Koç,customer09100@example.com,Adıyaman,0
9101,Onur Kılıç,customer09101@example.com,Kırklareli,0
9102,Onur Demir,customer09102@example.com,Kırıkkale,0
9103,Furkan Polat,customer09103@example.com,İstanbul,0
9104,Berk Öztürk,customer09104@example.com,Ankara,0
9105,Mehmet Yılmaz,customer09105@example.com,Yalova,0
9106,Ceren Güneş,customer09106@example.com,Yozgat,0
9107,Eren Öztürk,customer09107@example.com,Isparta,0
9108,Furkan Şahin,customer09108@example.com,Bitlis,0
9109,Fatma Öztürk,customer09109@example.com,Sivas,0
9110,Mustafa Şahin,customer09110@example.com,Zonguldak,0
9111,Melis Demir,customer09111@example.com,Kocaeli,0
9112,Mustafa Tekin,customer09112@example.com,Batman,0
9113,Elif Aslan,customer09113@example.com,İstanbul,0
9114,Ömer Erdoğan,customer09114@example.com,Çorum,0
9115,Seda Güneş,customer09115@example.com,Kırşehir,0
9116,Emre Yılmaz,customer09116@example.com,Erzurum,0
9117,Elif Arslan,customer09117@example.com,Adıyaman,0
9118,Mustafa Aslan,customer09118@example.com,Gaziantep,0
9119,Ömer Öztürk,customer09119@example.com,Kars,0
9120,Furkan Kurt,customer09120@example.com,Ağrı,0
9121,Kaan Kılıç,customer09121@example.com,Muş,0
9122,Hakan Tekin,customer09122@example.com,Yalova,0
9123,Eren Doğan,customer09123@example.com,Ardahan,0
9124,Melis Arslan,customer09124@example.com,Ordu,0
9125,Furkan Özdemir,customer09125@example.com,Çorum,0
9126,Ayşe Kaya,customer09126@example.com,Bitlis,0
9127,Mehmet Aksoy,customer09127@example.com,Çankırı,0
9128,Eren Yılmaz,customer09128@example.com,Çankırı,0
9129,Ayşe Aksoy,customer09129@example.com,Bingöl,0
9130,Ayşe Erdoğan,customer09130@example.com,Denizli,0
9131,Derya Çelik,customer09131@example.com,Gümüşhane,0
9132,Serkan Özdemir,customer09132@example.com,Yalova,0
9133,Derya Doğan,customer09133@example.com,Adana,0
9134,Emre Koç,customer09134@example.com,Çorum,0
9135,Mehmet Erdoğan,customer09135@example.com,Manisa,0
9136,Serkan Demir,customer09136@example.com,Uşak,0
9137,Eren Kılıç,customer09137@example.com,Çankırı,0
9138,Kaan Öztürk,customer09138@example.com,Kahramanmaraş,0
9139,Elif Aydın,customer09139@example.com,Rize,0
9140,Mert Yıldız,customer09140@example.com,Gümüşhane,0
9141,Kerem Özdemir,customer09141@example.com,Afyonkarahisar,0
9142,Ahmet Doğan,customer09142@example.com,Bingöl,0
9143,Yusuf Tekin,customer09143@example.com,Bitlis,0
9144,Seda Aksoy,customer09144@example.com,Çankırı,0
9145,Onur Kılıç,customer09145@example.com,Bolu,0
9146,Onur Şahin,customer09146@example.com,Sakarya,0
9147,Mustafa Yıldız,customer09147@example.com,Düzce,0
9148,Ömer Aslan,customer09148@example.com,Şırnak,0
9149,Ahmet Doğan,customer09149@example.com,Niğde,0
9150,Ali Kaya,customer09150@example.com,Artvin,0
9151,Kaan Tekin,customer09151@example.com,Elazığ,0
9152,Can Kaya,customer09152@example.com,İstanbul,0
9153,Furkan Kurt,customer09153@example.com,Ağrı,0
9154,Mehmet Demir,customer09154@example.com,Çanakkale,0
9155,Onur Öztürk,customer09155@example.com,Zonguldak,0
9156,Emre Özdemir,customer09156@example.com,Bingöl,0
9157,Ahmet Demir,customer09157@example.com,Elazığ,0
9158,Burak Çelik,customer09158@example.com,Şırnak,0
9159,Fatma Kurt,customer09159@example.com,Aydın,0
9160,Kerem Demir,customer09160@example.com,Çanakkale,0
9161,Ahmet Arslan,customer09161@example.com,Bayburt,0
9162,Ayşe Aslan,customer09162@example.com,Adıyaman,0
9163,Arda Kurt,customer09163@example.com,Siirt,0
9164,Seda Kılıç,customer09164@example.com,Gümüşhane,0
9165,Ceren Arslan,customer09165@example.com,Kırşehir,0
9166,Berk Kaya,customer09166@example.com,Kırşehir,0
9167,Elif Yıldız,customer09167@example.com,Çorum,0
9168,Kaan Kurt,customer09168@example.com,Gümüşhane,0
9169,Buse Doğan,customer09169@example.com,Nevşehir,0
9170,Ceren Yılmaz,customer09170@example.com,Bolu,0
9171,Barış Demir,customer09171@example.com,Kütahya,0
9172,Can Yılmaz,customer09172@example.com,Mardin,0
9173,Arda Aydın,customer09173@example.com,Kırşehir,0
9174,Arda Çelik,customer09174@example.com,İstanbul,0
9175,Can Aslan,customer09175@example.com,Batman,0
9176,Furkan Demir,customer09176@example.com,Şanlıurfa,0
9177,Furkan Aksoy,customer09177@example.com,Edirne,0
9178,Yusuf Kılıç,customer09178@example.com,Bitlis,0
9179,Fatma Çelik,customer09179@example.com,Tekirdağ,0
9180,Zeynep Yıldız,customer09180@example.com,Niğde,0
9181,Kaan Yılmaz,customer09181@example.com,Yozgat,0
9182,Berk Kurt,customer09182@example.com,Nevşehir,0
9183,Derya Aslan,customer09183@example.com,Ordu,0
9184,Emre Çelik,customer09184@example.com,Kars,0
9185,Mustafa Tekin,customer09185@example.com,Sinop,0
9186,Melis Kurt,customer09186@example.com,Karaman,0
9187,Kaan Erdoğan,customer09187@example.com,İzmir,0
9188,Ece Tekin,customer09188@example.com,Kayseri,0
9189,Arda Özdemir,customer09189@example.com,Bilecik,0
9190,Zeynep Yıldız,customer09190@example.com,Ardahan,0
9191,Mehmet Aydın,customer09191@example.com,Mardin,0
9192,Ahmet Kaya,customer09192@example.com,Rize,0
9193,Derya Şahin,customer09193@example.com,Yozgat,0
9194,Mert Erdoğan,customer09194@example.com,Şırnak,0
9195,Arda Doğan,customer09195@example.com,Çorum,0
9196,Emre Öztürk,customer09196@example.com,Kocaeli,0
9197,Buse Arslan,customer09197@example.com,Gaziantep,0
9198,Mert Kaya,customer09198@example.com,Kırşehir,0
9199,Fatma Kurt,customer09199@example.com,Muş,0
9200,Onur Çelik,customer09200@example.com,Burdur,0
9201,Emre Demir,customer09201@example.com,Malatya,0
9202,Ece Kurt,customer09202@example.com,Mersin,0
9203,Barış Aslan,customer09203@example.com,Diyarbakır,0
9204,Kerem Arslan,customer09204@example.com,Bartın,0
9205,Ece Yıldız,customer09205@example.com,Afyonkarahisar,0
9206,Berk Arslan,customer09206@example.com,Kastamonu,0
9207,Elif Demir,customer09207@example.com,Bursa,0
9208,Ali Tekin,customer09208@example.com,Uşak,0
9209,Seda Aydın,customer09209@example.com,Karaman,0
9210,Onur Demir,customer09210@example.com,Aksaray,0
9211,Emre Özdemir,customer09211@example.com,Isparta,0
9212,Ahmet Kurt,customer09212@example.com,Hakkari,0
9213,Mert Öztürk,customer09213@example.com,Malatya,0
9214,Zeynep Güneş,customer09214@example.com,Kastamonu,0
9215,Serkan Erdoğan,customer09215@example.com,Elazığ,0
9216,Fatma Demir,customer09216@example.com,Aksaray,0
9217,Serkan Arslan,customer09217@example.com,Iğdır,0
9218,Ece Kurt,customer09218@example.com,Bayburt,0
9219,Ahmet Koç,customer09219@example.com,Ordu,0
9220,Eren Yılmaz,customer09220@example.com,Manisa,0
9221,Buse Şahin,customer09221@example.com,Bitlis,0
9222,Mehmet Yıldız,customer09222@example.com,Bingöl,0
9223,Yusuf Aslan,customer09223@example.com,Kırşehir,0
9224,Burak Arslan,customer09224@example.com,Bilecik,0
9225,Ece Yıldız,customer09225@example.com,Isparta,0
9226,Buse Yılmaz,customer09226@example.com,Bursa,0
9227,Ayşe Koç,customer09227@example.com,Antalya,0
9228,Mert Tekin,customer09228@example.com,Aksaray,0
9229,Furkan Yılmaz,customer09229@example.com,Hatay,0
9230,Arda Çelik,customer09230@example.com,Bitlis,0
9231,Ayşe Erdoğan,customer09231@example.com,Nevşehir,0
9232,Mehmet Kaya,customer09232@example.com,Eskişehir,0
9233,Yusuf Kaya,customer09233@example.com,Eskişehir,0
9234,Ali Tekin,customer09234@example.com,Sivas,0
9235,Onur Güneş,customer09235@example.com,Osmaniye,0
9236,Barış Kaya,customer09236@example.com,Bilecik,0
9237,Mustafa Arslan,customer09237@example.com,Amasya,0
9238,Ahmet Aydın,customer09238@example.com,Kırklareli,0
9239,Derya Polat,customer09239@example.com,Burdur,0
9240,Can Şahin,customer09240@example.com,Uşak,0
9241,Fatma Şahin,customer09241@example.com,Iğdır,0
9242,Ceren Özdemir,customer09242@example.com,Batman,0
9243,Furkan Kaya,customer09243@example.com,Bolu,0
9244,Melis Koç,customer09244@example.com,Denizli,0
9245,Seda Aslan,customer09245@example.com,Kilis,0
9246,Seda Kaya,customer09246@example.com,Van,0
9247,Eren Şahin,customer09247@example.com,Ardahan,0
9248,Elif Doğan,customer09248@example.com,Tokat,0
9249,Ceren Erdoğan,customer09249@example.com,Kütahya,0
9250,Buse Aslan,customer09250@example.com,Adıyaman,0
9251,Elif Şahin,customer09251@example.com,Balıkesir,0
9252,Burak Özdemir,customer09252@example.com,Malatya,0
9253,Can Kılıç,customer09253@example.com,Aksaray,0
9254,Yusuf Şahin,customer09254@example.com,Afyonkarahisar,0
9255,Arda Yıldız,customer09255@example.com,Batman,0
9256,Serkan Özdemir,customer09256@example.com,Zonguldak,0
9257,Fatma Yılmaz,customer09257@example.com,Trabzon,0
9258,Emre Özdemir,customer09258@example.com,Yalova,0
9259,Seda Kaya,customer09259@example.com,Hakkari,0
9260,Kaan Şahin,customer09260@example.com,Sakarya,0
9261,Ali Kurt,customer09261@example.com,Ağrı,0
9262,Onur Erdoğan,customer09262@example.com,Burdur,0
9263,Seda Tekin,customer09263@example.com,Trabzon,0
9264,Ceren Çelik,customer09264@example.com,Çanakkale,0
9265,Melis Aydın,customer09265@example.com,Yalova,0
9266,Melis Güneş,customer09266@example.com,Nevşehir,0
9267,Eren Polat,customer09267@example.com,Şanlıurfa,0
9268,Seda Şahin,customer09268@example.com,Bayburt,0
9269,Burak Polat,customer09269@example.com,Malatya,0
9270,Ceren Öztürk,customer09270@example.com,Ankara,0
9271,Kaan Kurt,customer09271@example.com,Batman,0
9272,Buse Şahin,customer09272@example.com,Adana,0
9273,Yusuf Doğan,customer09273@example.com,Kırıkkale,0
9274,Ahmet Aksoy,customer09274@example.com,Mardin,0
9275,Ece Aslan,customer09275@example.com,Tokat,0
9276,Buse Erdoğan,customer09276@example.com,Amasya,0
9277,Ahmet Yıldız,customer09277@example.com,Mersin,0
9278,Zeynep Doğan,customer09278@example.com,Erzurum,0
9279,Ece Çelik,customer09279@example.com,Giresun,0
9280,Melis Koç,customer09280@example.com,Erzincan,0
9281,Yusuf Şahin,customer09281@example.com,Niğde,0
9282,Hakan Kaya,customer09282@example.com,Nevşehir,0
9283,Barış Koç,customer09283@example.com,Kırıkkale,0
9284,Kerem Özdemir,customer09284@example.com,İstanbul,0
9285,Berk Polat,customer09285@example.com,Afyonkarahisar,0
9286,Berk Özdemir,customer09286@example.com,Kahramanmaraş,0
9287,Mustafa Kurt,customer09287@example.com,Osmaniye,0
9288,Ayşe Şahin,customer09288@example.com,Isparta,0
9289,Hakan Aslan,customer09289@example.com,Çorum,0
9290,Mustafa Kılıç,customer09290@example.com,Artvin,0
9291,Fatma Şahin,customer09291@example.com,Rize,0
9292,Melis Doğan,customer09292@example.com,Çorum,0
9293,Berk Demir,customer09293@example.com,Adana,0
9294,Arda Yılmaz,customer09294@example.com,Giresun,0
9295,Burak Aslan,customer09295@example.com,Ankara,0
9296,Ceren Erdoğan,customer09296@example.com,İstanbul,0
9297,Melis Yıldız,customer09297@example.com,Kastamonu,0
9298,Buse Aydın,customer09298@example.com,Burdur,0
9299,Barış Aksoy,customer09299@example.com,Gümüşhane,0
9300,Hakan Çelik,customer09300@example.com,Kastamonu,0
9301,Onur Doğan,customer09301@example.com,Van,0
9302,Mustafa Öztürk,customer09302@example.com,Ağrı,0
9303,Ahmet Doğan,customer09303@example.com,Bolu,0
9304,Fatma Kurt,customer09304@example.com,Yalova,0
9305,Ece Demir,customer09305@example.com,Adıyaman,0
9306,Ömer Öztürk,customer09306@example.com,Ankara,0
9307,Emre Şahin,customer09307@example.com,Muğla,0
9308,Derya Demir,customer09308@example.com,Muş,0
9309,Arda Aslan,customer09309@example.com,Kırıkkale,0
9310,Berk Doğan,customer09310@example.com,Ordu,0
9311,Ayşe Öztürk,customer09311@example.com,Hakkari,0
9312,Zeynep Tekin,customer09312@example.com,Kütahya,0
9313,Can Doğan,customer09313@example.com,Kırıkkale,0
9314,Mustafa Demir,customer09314@example.com,Adana,0
9315,Ömer Yılmaz,customer09315@example.com,Bursa,0
9316,Melis Arslan,customer09316@example.com,Uşak,0
9317,Furkan Arslan,customer09317@example.com,Denizli,0
9318,Arda Erdoğan,customer09318@example.com,Ardahan,0
9319,Ece Kurt,customer09319@example.com,Bursa,0
9320,Ömer Polat,customer09320@example.com,Isparta,0
9321,Onur Kılıç,customer09321@example.com,Konya,0
9322,Fatma Şahin,customer09322@example.com,Çankırı,0
9323,Onur Demir,customer09323@example.com,Sivas,0
9324,Derya Polat,customer09324@example.com,Kütahya,0
9325,Ece Şahin,customer09325@example.com,Çankırı,0
9326,Can Güneş,customer09326@example.com,Muğla,0
9327,Seda Güneş,customer09327@example.com,Uşak,0
9328,Serkan Şahin,customer09328@example.com,Malatya,0
9329,Kerem Arslan,customer09329@example.com,Denizli,0
9330,Berk Kaya,customer09330@example.com,Yalova,0
9331,Kaan Yıldız,customer09331@example.com,Hakkari,0
9332,Fatma Koç,customer09332@example.com,Afyonkarahisar,0
9333,Emre Doğan,customer09333@example.com,Kayseri,0
9334,Furkan Aslan,customer09334@example.com,Kars,0
9335,Furkan Özdemir,customer09335@example.com,Tokat,0
9336,Emre Kaya,customer09336@example.com,Kahramanmaraş,0
9337,Mustafa Özdemir,customer09337@example.com,Bolu,0
9338,Ahmet Özdemir,customer09338@example.com,Gaziantep,0
9339,Mehmet Erdoğan,customer09339@example.com,Tokat,0
9340,Ali Aslan,customer09340@example.com,Nevşehir,0
9341,Ece Arslan,customer09341@example.com,Tunceli,0
9342,Onur Öztürk,customer09342@example.com,Tunceli,0
9343,Zeynep Kaya,customer09343@example.com,Giresun,0
9344,Ali Polat,customer09344@example.com,Kocaeli,0
9345,Mert Öztürk,customer09345@example.com,Aksaray,0
9346,Ahmet Yıldız,customer09346@example.com,Sinop,0
9347,Mert Demir,customer09347@example.com,Kırklareli,0
9348,Serkan Kılıç,customer09348@example.com,Tekirdağ,0
9349,Zeynep Yıldız,customer09349@example.com,Nevşehir,0
9350,Mehmet Yıldız,customer09350@example.com,Şırnak,0
9351,Yusuf Kılıç,customer09351@example.com,İstanbul,0
9352,Seda Koç,customer09352@example.com,Aksaray,0
9353,Berk Çelik,customer09353@example.com,Sivas,0
9354,Yusuf Aksoy,customer09354@example.com,Zonguldak,0
9355,Ceren Doğan,customer09355@example.com,Ankara,0
9356,Kaan Kurt,customer09356@example.com,Samsun,0
9357,Eren Çelik,customer09357@example.com,Adıyaman,0
9358,Kaan Koç,customer09358@example.com,Gaziantep,0
9359,Emre Polat,customer09359@example.com,Aydın,0
9360,Buse Aydın,customer09360@example.com,Malatya,0
9361,Burak Aksoy,customer09361@example.com,Ordu,0
9362,Arda Kurt,customer09362@example.com,Çankırı,0
9363,Kerem Tekin,customer09363@example.com,Çanakkale,0
9364,Burak Erdoğan,customer09364@example.com,Siirt,0
9365,Fatma Erdoğan,customer09365@example.com,Trabzon,0
9366,Barış Kaya,customer09366@example.com,Rize,0
9367,Melis Yılmaz,customer09367@example.com,İstanbul,0
9368,Serkan Erdoğan,customer09368@example.com,Niğde,0
9369,Hakan Öztürk,customer09369@example.com,Elazığ,0
9370,Mehmet Kılıç,customer09370@example.com,Muğla,0
9371,Seda Öztürk,customer09371@example.com,İstanbul,0
9372,Ahmet Aslan,customer09372@example.com,Ağrı,0
9373,Zeynep Erdoğan,customer09373@example.com,Karabük,0
9374,Seda Çelik,customer09374@example.com,Trabzon,0
9375,Burak Güneş,customer09375@example.com,Sakarya,0
9376,Fatma Demir,customer09376@example.com,Konya,0
9377,Barış Özdemir,customer09377@example.com,Samsun,0
9378,Eren Yılmaz,customer09378@example.com,Kocaeli,0
9379,Burak Kılıç,customer09379@example.com,Rize,0
9380,Kaan Kaya,customer09380@example.com,Trabzon,0
9381,Serkan Tekin,customer09381@example.com,Tokat,0
9382,Arda Kılıç,customer09382@example.com,Manisa,0
9383,Eren Yıldız,customer09383@example.com,Siirt,0
9384,Buse Demir,customer09384@example.com,Iğdır,0
9385,Ayşe Yılmaz,customer09385@example.com,Hatay,0
9386,Ceren Erdoğan,customer09386@example.com,İstanbul,0
9387,Emre Yıldız,customer09387@example.com,Tunceli,0
9388,Burak Koç,customer09388@example.com,Çanakkale,0
9389,Kaan Aydın,customer09389@example.com,Erzincan,0
9390,Mehmet Yıldız,customer09390@example.com,Elazığ,0
9391,Elif Çelik,customer09391@example.com,Tunceli,0
9392,Ali Şahin,customer09392@example.com,Balıkesir,0
9393,Ceren Özdemir,customer09393@example.com,Muğla,0
9394,Elif Polat,customer09394@example.com,Samsun,0
9395,Barış Şahin,customer09395@example.com,Şanlıurfa,0
9396,Ali Kurt,customer09396@example.com,Edirne,0
9397,Mehmet Doğan,customer09397@example.com,Diyarbakır,0
9398,Barış Aksoy,customer09398@example.com,Muğla,0
9399,Ali Doğan,customer09399@example.com,İzmir,0
9400,Ceren Aksoy,customer09400@example.com,Ordu,0
9401,Hakan Aksoy,customer09401@example.com,Hakkari,0
9402,Mehmet Aslan,customer09402@example.com,Elazığ,0
9403,Ali Kurt,customer09403@example.com,Ardahan,0
9404,Ahmet Aydın,customer09404@example.com,Ardahan,0
9405,Buse Yıldız,customer09405@example.com,Erzincan,0
9406,Ahmet Yıldız,customer09406@example.com,Rize,0
9407,Hakan Aksoy,customer09407@example.com,Adıyaman,0
9408,Ali Arslan,customer09408@example.com,Erzincan,0
9409,Zeynep Koç,customer09409@example.com,İzmir,0
9410,Arda Demir,customer09410@example.com,Artvin,0
9411,Furkan Aksoy,customer09411@example.com,Ağrı,0
9412,Buse Demir,customer09412@example.com,Sivas,0
9413,Kaan Yılmaz,customer09413@example.com,Giresun,0
9414,Ece Demir,customer09414@example.com,Ordu,0
9415,Derya Aydın,customer09415@example.com,Sivas,0
9416,Melis Kaya,customer09416@example.com,Malatya,0
9417,Zeynep Yılmaz,customer09417@example.com,Amasya,0
9418,Mert Güneş,customer09418@example.com,Eskişehir,0
9419,Burak Yıldız,customer09419@example.com,Rize,0
9420,Ceren Özdemir,customer09420@example.com,Erzincan,0
9421,Eren Arslan,customer09421@example.com,Muş,0
9422,Hakan Öztürk,customer09422@example.com,Burdur,0
9423,Buse Özdemir,customer09423@example.com,Diyarbakır,0
9424,Hakan Arslan,customer09424@example.com,Sinop,0
9425,Furkan Öztürk,customer09425@example.com,Batman,0
9426,Ahmet Aksoy,customer09426@example.com,Gümüşhane,0
9427,Hakan Kaya,customer09427@example.com,Niğde,0
9428,Seda Kılıç,customer09428@example.com,İstanbul,0
9429,Mehmet Yıldız,customer09429@example.com,Manisa,0
9430,Barış Tekin,customer09430@example.com,Kırıkkale,0
9431,Ömer Şahin,customer09431@example.com,Karabük,0
9432,Can Tekin,customer09432@example.com,Gümüşhane,0
9433,Emre Özdemir,customer09433@example.com,Diyarbakır,0
9434,Seda Polat,customer09434@example.com,Erzincan,0
9435,Onur Demir,customer09435@example.com,Diyarbakır,0
9436,Melis Güneş,customer09436@example.com,Bursa,0
9437,Ceren Koç,customer09437@example.com,Gümüşhane,0
9438,Kerem Kaya,customer09438@example.com,Kırklareli,0
9439,Seda Güneş,customer09439@example.com,Samsun,0
9440,Mehmet Çelik,customer09440@example.com,Siirt,0
9441,Ayşe Kurt,customer09441@example.com,Sivas,0
9442,Berk Kılıç,customer09442@example.com,Edirne,0
9443,Kaan Yıldız,customer09443@example.com,Kırıkkale,0
9444,Elif Doğan,customer09444@example.com,Kahramanmaraş,0
9445,Burak Güneş,customer09445@example.com,Şanlıurfa,0
9446,Eren Tekin,customer09446@example.com,Düzce,0
9447,Hakan Aslan,customer09447@example.com,Afyonkarahisar,0
9448,Kaan Yılmaz,customer09448@example.com,Van,0
9449,Buse Aksoy,customer09449@example.com,Siirt,0
9450,Mert Yılmaz,customer09450@example.com,Sakarya,0
9451,Fatma Polat,customer09451@example.com,Mardin,0
9452,Seda Kurt,customer09452@example.com,Afyonkarahisar,0
9453,Yusuf Kaya,customer09453@example.com,Karaman,0
9454,Ahmet Şahin,customer09454@example.com,Şırnak,0
9455,Ceren Yıldız,customer09455@example.com,Yalova,0
9456,Mehmet Yıldız,customer09456@example.com,Erzincan,0
9457,Seda Demir,customer09457@example.com,Muğla,0
9458,Seda Doğan,customer09458@example.com,Hatay,0
9459,Barış Kaya,customer09459@example.com,Kars,0
9460,Eren Aksoy,customer09460@example.com,Bartın,0
9461,Derya Kaya,customer09461@example.com,Ardahan,0
9462,Can Yıldız,customer09462@example.com,Diyarbakır,0
9463,Kerem Aydın,customer09463@example.com,Isparta,0
9464,Burak Yıldız,customer09464@example.com,Adana,0
9465,Yusuf Öztürk,customer09465@example.com,Kahramanmaraş,0
9466,Mustafa Kaya,customer09466@example.com,Denizli,0
9467,Ece Aslan,customer09467@example.com,Kütahya,0
9468,Kerem Kaya,customer09468@example.com,Burdur,0
9469,Barış Öztürk,customer09469@example.com,Malatya,0
9470,Mert Kılıç,customer09470@example.com,Amasya,0
9471,Can Koç,customer09471@example.com,Ardahan,0
9472,Serkan Aksoy,customer09472@example.com,Batman,0
9473,Mert Aydın,customer09473@example.com,Osmaniye,0
9474,Burak Öztürk,customer09474@example.com,Erzurum,0
9475,Melis Yıldız,customer09475@example.com,Kayseri,0
9476,Buse Öztürk,customer09476@example.com,Niğde,0
9477,Derya Yıldız,customer09477@example.com,Iğdır,0
9478,Furkan Çelik,customer09478@example.com,Adana,0
9479,Ece Aksoy,customer09479@example.com,Ağrı,0
9480,Kerem Güneş,customer09480@example.com,Bayburt,0
9481,Elif Öztürk,customer09481@example.com,Bursa,0
9482,Emre Arslan,customer09482@example.com,İzmir,0
9483,Mustafa Yıldız,customer09483@example.com,Ardahan,0
9484,Mehmet Özdemir,customer09484@example.com,Kütahya,0
9485,Seda Tekin,customer09485@example.com,Niğde,0
9486,Ömer Tekin,customer09486@example.com,Yalova,0
9487,Barış Çelik,customer09487@example.com,Artvin,0
9488,Ali Çelik,customer09488@example.com,Isparta,0
9489,Arda Koç,customer09489@example.com,Eskişehir,0
9490,Mustafa Polat,customer09490@example.com,Tekirdağ,0
9491,Mert Güneş,customer09491@example.com,Muğla,0
9492,Eren Yıldız,customer09492@example.com,Aydın,0
9493,Derya Yılmaz,customer09493@example.com,Nevşehir,0
9494,Yusuf Tekin,customer09494@example.com,İzmir,0
9495,Elif Demir,customer09495@example.com,Şırnak,0
9496,Burak Özdemir,customer09496@example.com,Malatya,0
9497,Barış Şahin,customer09497@example.com,Iğdır,0
9498,Emre Yıldız,customer09498@example.com,Niğde,0
9499,Kaan Demir,customer09499@example.com,Hakkari,0
9500,Ali Polat,customer09500@example.com,Muğla,0
9501,Can Koç,customer09501@example.com,Çanakkale,0
9502,Furkan Arslan,customer09502@example.com,Trabzon,0
9503,Ömer Çelik,customer09503@example.com,Yozgat,0
9504,Elif Koç,customer09504@example.com,Mersin,0
9505,Berk Şahin,customer09505@example.com,Çorum,0
9506,Ayşe Yılmaz,customer09506@example.com,Osmaniye,0
9507,Furkan Şahin,customer09507@example.com,Sivas,0
9508,Ece Öztürk,customer09508@example.com,Ağrı,0
9509,Ahmet Güneş,customer09509@example.com,Iğdır,0
9510,Yusuf Aksoy,customer09510@example.com,İzmir,0
9511,Ömer Çelik,customer09511@example.com,İzmir,0
9512,Mehmet Aydın,customer09512@example.com,Edirne,0
9513,Ayşe Şahin,customer09513@example.com,Aydın,0
9514,Kerem Öztürk,customer09514@example.com,Kütahya,0
9515,Kerem Yılmaz,customer09515@example.com,Kocaeli,0
9516,Ali Arslan,customer09516@example.com,Gaziantep,0
9517,Fatma Çelik,customer09517@example.com,Bitlis,0
9518,Hakan Şahin,customer09518@example.com,Kırklareli,0
9519,Can Kaya,customer09519@example.com,Zonguldak,0
9520,Buse Özdemir,customer09520@example.com,Şanlıurfa,0
9521,Derya Güneş,customer09521@example.com,Tokat,0
9522,Elif Çelik,customer09522@example.com,İstanbul,0
9523,Kaan Tekin,customer09523@example.com,Çanakkale,0
9524,Kerem Arslan,customer09524@example.com,Çanakkale,0
9525,Emre Demir,customer09525@example.com,Van,0
9526,Onur Öztürk,customer09526@example.com,Mersin,0
9527,Elif Kılıç,customer09527@example.com,Karaman,0
9528,Ece Şahin,customer09528@example.com,Iğdır,0
9529,Yusuf Yılmaz,customer09529@example.com,Kırklareli,0
9530,Seda Aksoy,customer09530@example.com,Tunceli,0
9531,Arda Kaya,customer09531@example.com,Siirt,0
9532,Arda Koç,customer09532@example.com,Bartın,0
9533,Burak Aydın,customer09533@example.com,Hatay,0
9534,Seda Yıldız,customer09534@example.com,Iğdır,0
9535,Hakan Aksoy,customer09535@example.com,Siirt,0
9536,Kerem Şahin,customer09536@example.com,Kahramanmaraş,0
9537,Buse Tekin,customer09537@example.com,Artvin,0
9538,Yusuf Kılıç,customer09538@example.com,Tokat,0
9539,Ayşe Aksoy,customer09539@example.com,Kayseri,0
9540,Furkan Arslan,customer09540@example.com,Artvin,0
9541,Melis Erdoğan,customer09541@example.com,Kütahya,0
9542,Elif Erdoğan,customer09542@example.com,Kahramanmaraş,0
9543,Fatma Erdoğan,customer09543@example.com,Aksaray,0
9544,Burak Aksoy,customer09544@example.com,Edirne,0
9545,Seda Kılıç,customer09545@example.com,Siirt,0
9546,Ayşe Polat,customer09546@example.com,Çankırı,0
9547,Berk Yıldız,customer09547@example.com,Afyonkarahisar,0
9548,Fatma Erdoğan,customer09548@example.com,İzmir,0
9549,Berk Polat,customer09549@example.com,Çanakkale,0
9550,Zeynep Güneş,customer09550@example.com,Edirne,0
9551,Kerem Doğan,customer09551@example.com,Giresun,0
9552,Buse Kılıç,customer09552@example.com,Muğla,0
9553,Mustafa Güneş,customer09553@example.com,Niğde,0
9554,Yusuf Aksoy,customer09554@example.com,Diyarbakır,0
9555,Yusuf Yıldız,customer09555@example.com,Manisa,0
9556,Ahmet Şahin,customer09556@example.com,Bayburt,0
9557,Yusuf Aslan,customer09557@example.com,Ordu,0
9558,Yusuf Doğan,customer09558@example.com,Sivas,0
9559,Yusuf Aksoy,customer09559@example.com,Rize,0
9560,Burak Güneş,customer09560@example.com,Mersin,0
9561,Melis Yıldız,customer09561@example.com,Adıyaman,0
9562,Mustafa Yıldız,customer09562@example.com,Diyarbakır,0
9563,Can Arslan,customer09563@example.com,Bingöl,0
9564,Mert Güneş,customer09564@example.com,Bartın,0
9565,Yusuf Tekin,customer09565@example.com,Adıyaman,0
9566,Ece Yılmaz,customer09566@example.com,Karabük,0
9567,Ayşe Kurt,customer09567@example.com,Niğde,0
9568,Yusuf Özdemir,customer09568@example.com,Ankara,0
9569,Emre Kurt,customer09569@example.com,Ordu,0
9570,Ahmet Arslan,customer09570@example.com,Malatya,0
9571,Ceren Kaya,customer09571@example.com,Ardahan,0
9572,Kerem Kurt,customer09572@example.com,Erzurum,0
9573,Yusuf Demir,customer09573@example.com,Tunceli,0
9574,Ceren Doğan,customer09574@example.com,Ankara,0
9575,Ahmet Öztürk,customer09575@example.com,Kilis,0
9576,Mustafa Kaya,customer09576@example.com,Bilecik,0
9577,Hakan Öztürk,customer09577@example.com,Isparta,0
9578,Kerem Aydın,customer09578@example.com,Bayburt,0
9579,Barış Yıldız,customer09579@example.com,Çankırı,0
9580,Yusuf Doğan,customer09580@example.com,Tokat,0
9581,Mustafa Demir,customer09581@example.com,Iğdır,0
9582,Can Koç,customer09582@example.com,Adana,0
9583,Ayşe Kaya,customer09583@example.com,Sakarya,0
9584,Ahmet Erdoğan,customer09584@example.com,Çorum,0
9585,Kaan Polat,customer09585@example.com,Amasya,0
9586,Ömer Koç,customer09586@example.com,Kars,0
9587,Berk Şahin,customer09587@example.com,Sakarya,0
9588,Ceren Kaya,customer09588@example.com,Trabzon,0
9589,Furkan Çelik,customer09589@example.com,Niğde,0
9590,Mert Aydın,customer09590@example.com,Aksaray,0
9591,Ayşe Aslan,customer09591@example.com,Adıyaman,0
9592,Ahmet Güneş,customer09592@example.com,Konya,0
9593,Can Özdemir,customer09593@example.com,Elazığ,0
9594,Burak Arslan,customer09594@example.com,Samsun,0
9595,Mustafa Özdemir,customer09595@example.com,Samsun,0
9596,Zeynep Çelik,customer09596@example.com,Gümüşhane,0
9597,Zeynep Şahin,customer09597@example.com,Gaziantep,0
9598,Buse Aydın,customer09598@example.com,Rize,0
9599,Ali Yılmaz,customer09599@example.com,Osmaniye,0
9600,Eren Doğan,customer09600@example.com,Bingöl,0
9601,Furkan Doğan,customer09601@example.com,Çankırı,0
9602,Burak Şahin,customer09602@example.com,Nevşehir,0
9603,Kerem Arslan,customer09603@example.com,Kastamonu,0
9604,Ali Aydın,customer09604@example.com,Tekirdağ,0
9605,Yusuf Özdemir,customer09605@example.com,Trabzon,0
9606,Zeynep Koç,customer09606@example.com,Zonguldak,0
9607,Kerem Polat,customer09607@example.com,Sakarya,0
9608,Melis Kaya,customer09608@example.com,Samsun,0
9609,Buse Aydın,customer09609@example.com,Mersin,0
9610,Barış Doğan,customer09610@example.com,Erzincan,0
9611,Barış Kaya,customer09611@example.com,Kars,0
9612,Melis Kurt,customer09612@example.com,Aydın,0
9613,Arda Kılıç,customer09613@example.com,Malatya,0
9614,Ali Erdoğan,customer09614@example.com,Kırıkkale,0
9615,Kaan Yılmaz,customer09615@example.com,Bingöl,0
9616,Ceren Polat,customer09616@example.com,Osmaniye,0
9617,Barış Güneş,customer09617@example.com,Erzurum,0
9618,Yusuf Doğan,customer09618@example.com,Erzincan,0
9619,Mehmet Yıldız,customer09619@example.com,Kastamonu,0
9620,Onur Öztürk,customer09620@example.com,Sinop,0
9621,Mert Arslan,customer09621@example.com,İzmir,0
9622,Mustafa Polat,customer09622@example.com,Edirne,0
9623,Can Arslan,customer09623@example.com,Manisa,0
9624,Furkan Kılıç,customer09624@example.com,Eskişehir,0
9625,Serkan Koç,customer09625@example.com,Bartın,0
9626,Eren Özdemir,customer09626@example.com,Şırnak,0
9627,Seda Yılmaz,customer09627@example.com,Edirne,0
9628,Kerem Doğan,customer09628@example.com,Bayburt,0
9629,Kerem Öztürk,customer09629@example.com,Muş,0
9630,Ceren Çelik,customer09630@example.com,Sakarya,0
9631,Onur Güneş,customer09631@example.com,Ankara,0
9632,Eren Özdemir,customer09632@example.com,Elazığ,0
9633,Burak Erdoğan,customer09633@example.com,Siirt,0
9634,Fatma Arslan,customer09634@example.com,Aydın,0
9635,Elif Yılmaz,customer09635@example.com,Adana,0
9636,Barış Kılıç,customer09636@example.com,Hakkari,0
9637,Serkan Kılıç,customer09637@example.com,Düzce,0
9638,Melis Kılıç,customer09638@example.com,Tunceli,0
9639,Fatma Arslan,customer09639@example.com,Elazığ,0
9640,Mustafa Koç,customer09640@example.com,Kars,0
9641,Can Kılıç,customer09641@example.com,Iğdır,0
9642,Barış Yılmaz,customer09642@example.com,Amasya,0
9643,Hakan Öztürk,customer09643@example.com,Tunceli,0
9644,Onur Demir,customer09644@example.com,İstanbul,0
9645,Zeynep Kurt,customer09645@example.com,Antalya,0
9646,Mert Polat,customer09646@example.com,Rize,0
9647,Fatma Şahin,customer09647@example.com,Kayseri,0
9648,Can Özdemir,customer09648@example.com,Van,0
9649,Derya Erdoğan,customer09649@example.com,İstanbul,0
9650,Eren Aydın,customer09650@example.com,Tekirdağ,0
9651,Mehmet Koç,customer09651@example.com,Muş,0
9652,Mustafa Aksoy,customer09652@example.com,Sivas,0
9653,Ceren Aslan,customer09653@example.com,Sakarya,0
9654,Eren Kurt,customer09654@example.com,Tokat,0
9655,Emre Koç,customer09655@example.com,Hakkari,0
9656,Berk Aksoy,customer09656@example.com,Aydın,0
9657,Kerem Doğan,customer09657@example.com,Bingöl,0
9658,Serkan Aslan,customer09658@example.com,Zonguldak,0
9659,Fatma Tekin,customer09659@example.com,Bartın,0
9660,Mehmet Kaya,customer09660@example.com,Denizli,0
9661,Kaan Polat,customer09661@example.com,Edirne,0
9662,Hakan Şahin,customer09662@example.com,Adıyaman,0
9663,Seda Erdoğan,customer09663@example.com,Kırşehir,0
9664,Ömer Kaya,customer09664@example.com,Tekirdağ,0
9665,Elif Aksoy,customer09665@example.com,Nevşehir,0
9666,Ahmet Doğan,customer09666@example.com,Hatay,0
9667,Kerem Kurt,customer09667@example.com,Samsun,0
9668,Mehmet Kılıç,customer09668@example.com,Amasya,0
9669,Can Öztürk,customer09669@example.com,Sinop,0
9670,Eren Kurt,customer09670@example.com,Iğdır,0
9671,Serkan Öztürk,customer09671@example.com,Giresun,0
9672,Ahmet Koç,customer09672@example.com,Tunceli,0
9673,Elif Özdemir,customer09673@example.com,Giresun,0
9674,Ahmet Koç,customer09674@example.com,Trabzon,0
9675,Ayşe Şahin,customer09675@example.com,Kırıkkale,0
9676,Derya Çelik,customer09676@example.com,Erzincan,0
9677,Fatma Yıldız,customer09677@example.com,Sakarya,0
9678,Furkan Polat,customer09678@example.com,Bartın,0
9679,Elif Arslan,customer09679@example.com,Bilecik,0
9680,Barış Yılmaz,customer09680@example.com,Yozgat,0
9681,Kaan Erdoğan,customer09681@example.com,Van,0
9682,Furkan Kılıç,customer09682@example.com,Giresun,0
9683,Serkan Kılıç,customer09683@example.com,Yalova,0
9684,Ece Kaya,customer09684@example.com,Nevşehir,0
9685,Arda Aydın,customer09685@example.com,Bartın,0
9686,Furkan Aydın,customer09686@example.com,Kırklareli,0
9687,Zeynep Yıldız,customer09687@example.com,Yozgat,0
9688,Ayşe Tekin,customer09688@example.com,Van,0
9689,Seda Polat,customer09689@example.com,Ordu,0
9690,Ahmet Kılıç,customer09690@example.com,Konya,0
9691,Buse Yılmaz,customer09691@example.com,Kırklareli,0
9692,Hakan Çelik,customer09692@example.com,Çankırı,0
9693,Ceren Şahin,customer09693@example.com,Tekirdağ,0
9694,Mehmet Arslan,customer09694@example.com,Batman,0
9695,Furkan Demir,customer09695@example.com,Karaman,0
9696,Buse Koç,customer09696@example.com,Sinop,0
9697,Ahmet Kurt,customer09697@example.com,Niğde,0
9698,Burak Yıldız,customer09698@example.com,Artvin,0
9699,Seda Demir,customer09699@example.com,Ordu,0
9700,Seda Yıldız,customer09700@example.com,Bartın,0
9701,Derya Yılmaz,customer09701@example.com,Trabzon,0
9702,Burak Güneş,customer09702@example.com,Ardahan,0
9703,Yusuf Erdoğan,customer09703@example.com,Kilis,0
9704,Mustafa Güneş,customer09704@example.com,Bayburt,0
9705,Derya Yıldız,customer09705@example.com,Şanlıurfa,0
9706,Ali Aksoy,customer09706@example.com,Denizli,0
9707,Furkan Kılıç,customer09707@example.com,Gaziantep,0
9708,Seda Öztürk,customer09708@example.com,Tokat,0
9709,Mustafa Özdemir,customer09709@example.com,Adana,0
9710,Onur Kurt,customer09710@example.com,Kırşehir,0
9711,Barış Arslan,customer09711@example.com,Edirne,0
9712,Berk Güneş,customer09712@example.com,Kayseri,0
9713,Yusuf Yılmaz,customer09713@example.com,Gaziantep,0
9714,Ayşe Güneş,customer09714@example.com,Bayburt,0
9715,Zeynep Öztürk,customer09715@example.com,Bingöl,0
9716,Zeynep Öztürk,customer09716@example.com,Konya,0
9717,Mert Tekin,customer09717@example.com,Afyonkarahisar,0
9718,Ali Doğan,customer09718@example.com,Kahramanmaraş,0
9719,Seda Güneş,customer09719@example.com,Kilis,0
9720,Furkan Özdemir,customer09720@example.com,Ağrı,0
9721,Berk Tekin,customer09721@example.com,Elazığ,0
9722,Mustafa Tekin,customer09722@example.com,Malatya,0
9723,Ceren Aksoy,customer09723@example.com,Sinop,0
9724,Burak Yılmaz,customer09724@example.com,Muğla,0
9725,Eren Tekin,customer09725@example.com,Aksaray,0
9726,Yusuf Arslan,customer09726@example.com,Hakkari,0
9727,Onur Erdoğan,customer09727@example.com,Kars,0
9728,Zeynep Öztürk,customer09728@example.com,Antalya,0
9729,Ayşe Çelik,customer09729@example.com,Balıkesir,0
9730,Kaan Aksoy,customer09730@example.com,Burdur,0
9731,Furkan Polat,customer09731@example.com,Van,0
9732,Buse Yılmaz,customer09732@example.com,Nevşehir,0
9733,Elif Koç,customer09733@example.com,İzmir,0
9734,Zeynep Öztürk,customer09734@example.com,Burdur,0
9735,Ömer Erdoğan,customer09735@example.com,Ardahan,0
9736,Buse Kaya,customer09736@example.com,Bolu,0
9737,Berk Arslan,customer09737@example.com,Ardahan,0
9738,Derya Çelik,customer09738@example.com,Yozgat,0
9739,Mustafa Kılıç,customer09739@example.com,Adana,0
9740,Burak Özdemir,customer09740@example.com,Ankara,0
9741,Ali Polat,customer09741@example.com,Antalya,0
9742,Derya Tekin,customer09742@example.com,Denizli,0
9743,Furkan Doğan,customer09743@example.com,Ankara,0
9744,Kaan Kaya,customer09744@example.com,Gaziantep,0
9745,Ahmet Erdoğan,customer09745@example.com,Düzce,0
9746,Onur Kaya,customer09746@example.com,Zonguldak,0
9747,Elif Demir,customer09747@example.com,Tekirdağ,0
9748,Yusuf Koç,customer09748@example.com,Denizli,0
9749,Serkan Yıldız,customer09749@example.com,Yalova,0
9750,Furkan Aksoy,customer09750@example.com,Elazığ,0
9751,Elif Doğan,customer09751@example.com,Kırklareli,0
9752,Ceren Erdoğan,customer09752@example.com,Konya,0
9753,Seda Yılmaz,customer09753@example.com,Afyonkarahisar,0
9754,Kaan Çelik,customer09754@example.com,Zonguldak,0
9755,Serkan Güneş,customer09755@example.com,Malatya,0
9756,Hakan Yıldız,customer09756@example.com,Tokat,0
9757,Elif Arslan,customer09757@example.com,Bingöl,0
9758,Mustafa Kurt,customer09758@example.com,Karaman,0
9759,Ahmet Kurt,customer09759@example.com,Iğdır,0
9760,Zeynep Şahin,customer09760@example.com,Yalova,0
9761,Melis Koç,customer09761@example.com,Burdur,0
9762,Yusuf Polat,customer09762@example.com,Ordu,0
9763,Berk Çelik,customer09763@example.com,Adıyaman,0
9764,Onur Kaya,customer09764@example.com,Aksaray,0
9765,Emre Yılmaz,customer09765@example.com,Hatay,0
9766,Barış Şahin,customer09766@example.com,Tekirdağ,0
9767,Mehmet Yıldız,customer09767@example.com,Sakarya,0
9768,Burak Arslan,customer09768@example.com,Kars,0
9769,Eren Aydın,customer09769@example.com,Konya,0
9770,Ece Tekin,customer09770@example.com,Muş,0
9771,Elif Yıldız,customer09771@example.com,Mersin,0
9772,Ömer Erdoğan,customer09772@example.com,Şanlıurfa,0
9773,Melis Yılmaz,customer09773@example.com,Bilecik,0
9774,Yusuf Yılmaz,customer09774@example.com,Kayseri,0
9775,Ece Çelik,customer09775@example.com,Kırklareli,0
9776,Yusuf Aslan,customer09776@example.com,Giresun,0
9777,Furkan Tekin,customer09777@example.com,Afyonkarahisar,0
9778,Hakan Demir,customer09778@example.com,Denizli,0
9779,Can Özdemir,customer09779@example.com,Mardin,0
9780,Can Yılmaz,customer09780@example.com,Erzincan,0
9781,Onur Arslan,customer09781@example.com,Şırnak,0
9782,Kaan Koç,customer09782@example.com,Artvin,0
9783,Can Tekin,customer09783@example.com,Muş,0
9784,Elif Özdemir,customer09784@example.com,Adana,0
9785,Emre Doğan,customer09785@example.com,Isparta,0
9786,Berk Kılıç,customer09786@example.com,Çankırı,0
9787,Buse Doğan,customer09787@example.com,Ankara,0
9788,Kerem Aslan,customer09788@example.com,Gümüşhane,0
9789,Ayşe Kurt,customer09789@example.com,Mersin,0
9790,Serkan Demir,customer09790@example.com,Bayburt,0
9791,Ceren Özdemir,customer09791@example.com,Muğla,0
9792,Seda Arslan,customer09792@example.com,Afyonkarahisar,0
9793,Can Koç,customer09793@example.com,İzmir,0
9794,Ceren Erdoğan,customer09794@example.com,Karaman,0
9795,Emre Şahin,customer09795@example.com,Kahramanmaraş,0
9796,Buse Güneş,customer09796@example.com,Sivas,0
9797,Arda Öztürk,customer09797@example.com,Zonguldak,0
9798,Kerem Arslan,customer09798@example.com,Ordu,0
9799,Furkan Çelik,customer09799@example.com,Eskişehir,0
9800,Emre Öztürk,customer09800@example.com,Samsun,0
9801,Mehmet Koç,customer09801@example.com,Ordu,0
9802,Ece Özdemir,customer09802@example.com,Karabük,0
9803,Seda Tekin,customer09803@example.com,Aksaray,0
9804,Furkan Doğan,customer09804@example.com,Ardahan,0
9805,Mustafa Çelik,customer09805@example.com,Muğla,0
9806,Hakan Doğan,customer09806@example.com,Şırnak,0
9807,Ceren Polat,customer09807@example.com,Elazığ,0
9808,Emre Kaya,customer09808@example.com,Mersin,0
9809,Yusuf Tekin,customer09809@example.com,Aksaray,0
9810,Berk Yıldız,customer09810@example.com,Edirne,0
9811,Furkan Güneş,customer09811@example.com,Osmaniye,0
9812,Emre Yılmaz,customer09812@example.com,Nevşehir,0
9813,Furkan Koç,customer09813@example.com,Balıkesir,0
9814,Kaan Güneş,customer09814@example.com,Ardahan,0
9815,Furkan Yıldız,customer09815@example.com,Erzurum,0
9816,Melis Aslan,customer09816@example.com,Muş,0
9817,Barış Güneş,customer09817@example.com,Yalova,0
9818,Zeynep Çelik,customer09818@example.com,Iğdır,0
9819,Derya Tekin,customer09819@example.com,Kırıkkale,0
9820,Can Aydın,customer09820@example.com,Konya,0
9821,Seda Aksoy,customer09821@example.com,Tunceli,0
9822,Buse Koç,customer09822@example.com,Batman,0
9823,Serkan Özdemir,customer09823@example.com,Uşak,0
9824,Kaan Tekin,customer09824@example.com,Erzincan,0
9825,Kerem Kurt,customer09825@example.com,Adıyaman,0
9826,Mert Şahin,customer09826@example.com,Isparta,0
9827,Eren Erdoğan,customer09827@example.com,Elazığ,0
9828,Mehmet Erdoğan,customer09828@example.com,Mersin,0
9829,Melis Tekin,customer09829@example.com,Isparta,0
9830,Ali Kılıç,customer09830@example.com,Eskişehir,0
9831,Barış Erdoğan,customer09831@example.com,Erzurum,0
9832,Seda Tekin,customer09832@example.com,Bilecik,0
9833,Emre Çelik,customer09833@example.com,Ordu,0
9834,Ahmet Yılmaz,customer09834@example.com,Adana,0
9835,Melis Demir,customer09835@example.com,Kayseri,0
9836,Mert Kaya,customer09836@example.com,Tokat,0
9837,Derya Koç,customer09837@example.com,Çorum,0
9838,Ceren Tekin,customer09838@example.com,Aydın,0
9839,Ece Doğan,customer09839@example.com,Hakkari,0
9840,Buse Kaya,customer09840@example.com,Kastamonu,0
9841,Fatma Güneş,customer09841@example.com,Balıkesir,0
9842,Burak Doğan,customer09842@example.com,Bursa,0
9843,Ahmet Aydın,customer09843@example.com,Zonguldak,0
9844,Ece Güneş,customer09844@example.com,Uşak,0
9845,Ömer Çelik,customer09845@example.com,Karaman,0
9846,Arda Çelik,customer09846@example.com,Amasya,0
9847,Hakan Tekin,customer09847@example.com,Karaman,0
9848,Furkan Kılıç,customer09848@example.com,Nevşehir,0
9849,Mert Yıldız,customer09849@example.com,Çankırı,0
9850,Mert Yılmaz,customer09850@example.com,Kütahya,0
9851,Barış Çelik,customer09851@example.com,Artvin,0
9852,Serkan Yıldız,customer09852@example.com,Hakkari,0
9853,Ömer Öztürk,customer09853@example.com,Ağrı,0
9854,Hakan Polat,customer09854@example.com,Samsun,0
9855,Furkan Tekin,customer09855@example.com,Bolu,0
9856,Barış Arslan,customer09856@example.com,Batman,0
9857,Melis Tekin,customer09857@example.com,Ordu,0
9858,Emre Güneş,customer09858@example.com,Karaman,0
9859,Derya Kaya,customer09859@example.com,Muğla,0
9860,Berk Aksoy,customer09860@example.com,Çanakkale,0
9861,Melis Yılmaz,customer09861@example.com,Bilecik,0
9862,Arda Aslan,customer09862@example.com,Isparta,0
9863,Elif Yılmaz,customer09863@example.com,Sivas,0
9864,Barış Kurt,customer09864@example.com,Rize,0
9865,Ali Erdoğan,customer09865@example.com,Siirt,0
9866,Hakan Kılıç,customer09866@example.com,Tunceli,0
9867,Emre Doğan,customer09867@example.com,Adana,0
9868,Mert Öztürk,customer09868@example.com,Kırşehir,0
9869,Arda Arslan,customer09869@example.com,Bursa,0
9870,Ayşe Yıldız,customer09870@example.com,Kocaeli,0
9871,Can Demir,customer09871@example.com,Erzurum,0
9872,Arda Tekin,customer09872@example.com,Kocaeli,0
9873,Buse Koç,customer09873@example.com,Bitlis,0
9874,Ahmet Kaya,customer09874@example.com,Uşak,0
9875,Arda Polat,customer09875@example.com,Eskişehir,0
9876,Elif Yıldız,customer09876@example.com,Balıkesir,0
9877,Arda Aslan,customer09877@example.com,Artvin,0
9878,Can Kurt,customer09878@example.com,Bingöl,0
9879,Seda Güneş,customer09879@example.com,Elazığ,0
9880,Mehmet Çelik,customer09880@example.com,Kütahya,0
9881,Ceren Tekin,customer09881@example.com,Ardahan,0
9882,Barış Demir,customer09882@example.com,Iğdır,0
9883,Burak Erdoğan,customer09883@example.com,Tunceli,0
9884,Burak Aydın,customer09884@example.com,Tekirdağ,0
9885,Mehmet Aydın,customer09885@example.com,Kırklareli,0
9886,Fatma Yıldız,customer09886@example.com,Kayseri,0
9887,Buse Doğan,customer09887@example.com,Kars,0
9888,Buse Özdemir,customer09888@example.com,Kastamonu,0
9889,Onur Tekin,customer09889@example.com,Adana,0
9890,Seda Arslan,customer09890@example.com,Uşak,0
9891,Furkan Yılmaz,customer09891@example.com,Sinop,0
9892,Fatma Aksoy,customer09892@example.com,Sakarya,0
9893,Buse Çelik,customer09893@example.com,Gümüşhane,0
9894,Ömer Demir,customer09894@example.com,Adana,0
9895,Ayşe Polat,customer09895@example.com,Rize,0
9896,Ömer Demir,customer09896@example.com,Karabük,0
9897,Mustafa Polat,customer09897@example.com,Düzce,0
9898,Mehmet Aksoy,customer09898@example.com,Kahramanmaraş,0
9899,Mustafa Polat,customer09899@example.com,Hatay,0
9900,Zeynep Yıldız,customer09900@example.com,Bayburt,0
9901,Hakan Aslan,customer09901@example.com,Bilecik,0
9902,Eren Aslan,customer09902@example.com,Nevşehir,0
9903,Burak Arslan,customer09903@example.com,Amasya,0
9904,Barış Demir,customer09904@example.com,Batman,0
9905,Ece Aslan,customer09905@example.com,Yozgat,0
9906,Ahmet Aslan,customer09906@example.com,Manisa,0
9907,Onur Demir,customer09907@example.com,Bitlis,0
9908,Ömer Özdemir,customer09908@example.com,İstanbul,0
9909,Eren Tekin,customer09909@example.com,Niğde,0
9910,Zeynep Aslan,customer09910@example.com,Isparta,0
9911,Barış Şahin,customer09911@example.com,Niğde,0
9912,Mehmet Polat,customer09912@example.com,Trabzon,0
9913,Ahmet Kaya,customer09913@example.com,Kastamonu,0
9914,Ahmet Güneş,customer09914@example.com,Isparta,0
9915,Melis Yılmaz,customer09915@example.com,Kırşehir,0
9916,Ömer Doğan,customer09916@example.com,Bursa,0
9917,Onur Arslan,customer09917@example.com,Afyonkarahisar,0
9918,Seda Öztürk,customer09918@example.com,Karabük,0
9919,Derya Aksoy,customer09919@example.com,Denizli,0
9920,Yusuf Demir,customer09920@example.com,Karaman,0
9921,Ahmet Aydın,customer09921@example.com,Iğdır,0
9922,Berk Koç,customer09922@example.com,Diyarbakır,0
9923,Seda Kaya,customer09923@example.com,Hatay,0
9924,Serkan Aslan,customer09924@example.com,Karaman,0
9925,Onur Koç,customer09925@example.com,Kars,0
9926,Elif Yılmaz,customer09926@example.com,Sinop,0
9927,Onur Aksoy,customer09927@example.com,Adıyaman,0
9928,Emre Koç,customer09928@example.com,Konya,0
9929,Yusuf Tekin,customer09929@example.com,Malatya,0
9930,Mustafa Koç,customer09930@example.com,Kastamonu,0
9931,Ayşe Kurt,customer09931@example.com,Yalova,0
9932,Burak Aydın,customer09932@example.com,Hatay,0
9933,Ömer Kurt,customer09933@example.com,Çanakkale,0
9934,Burak Kaya,customer09934@example.com,Erzurum,0
9935,Barış Özdemir,customer09935@example.com,Kırklareli,0
9936,Eren Yılmaz,customer09936@example.com,Van,0
9937,Derya Erdoğan,customer09937@example.com,Antalya,0
9938,Seda Kurt,customer09938@example.com,Şanlıurfa,0
9939,Mehmet Erdoğan,customer09939@example.com,Karabük,0
9940,Onur Polat,customer09940@example.com,Ankara,0
9941,Barış Yıldız,customer09941@example.com,Ankara,0
9942,Zeynep Şahin,customer09942@example.com,Yalova,0
9943,Ayşe Tekin,customer09943@example.com,Bingöl,0
9944,Onur Doğan,customer09944@example.com,Gümüşhane,0
9945,Mustafa Demir,customer09945@example.com,Eskişehir,0
9946,Zeynep Çelik,customer09946@example.com,Nevşehir,0
9947,Berk Şahin,customer09947@example.com,Bitlis,0
9948,Ömer Aksoy,customer09948@example.com,Kars,0
9949,Onur Kılıç,customer09949@example.com,Batman,0
9950,Mehmet Kılıç,customer09950@example.com,Diyarbakır,0
9951,Ece Koç,customer09951@example.com,Hatay,0
9952,Yusuf Şahin,customer09952@example.com,Burdur,0
9953,Barış Koç,customer09953@example.com,Amasya,0
9954,Mert Özdemir,customer09954@example.com,Diyarbakır,0
9955,Emre Yılmaz,customer09955@example.com,Kocaeli,0
9956,Can Tekin,customer09956@example.com,Trabzon,0
9957,Zeynep Yılmaz,customer09957@example.com,Trabzon,0
9958,Arda Arslan,customer09958@example.com,Mardin,0
9959,Ayşe Arslan,customer09959@example.com,Kayseri,0
9960,Arda Kaya,customer09960@example.com,Bayburt,0
9961,Zeynep Çelik,customer09961@example.com,Eskişehir,0
9962,Mustafa Özdemir,customer09962@example.com,Aydın,0
9963,Mert Koç,customer09963@example.com,Balıkesir,0
9964,Ceren Tekin,customer09964@example.com,Bartın,0
9965,Ömer Öztürk,customer09965@example.com,Bartın,0
9966,Eren Kurt,customer09966@example.com,Şanlıurfa,0
9967,Ece Koç,customer09967@example.com,Rize,0
9968,Emre Kurt,customer09968@example.com,Erzincan,0
9969,Can Kılıç,customer09969@example.com,Bartın,0
9970,Berk Yılmaz,customer09970@example.com,Mardin,0
9971,Can Yılmaz,customer09971@example.com,Çankırı,0
9972,Fatma Koç,customer09972@example.com,Balıkesir,0
9973,Fatma Aksoy,customer09973@example.com,Kırklareli,0
9974,Ahmet Çelik,customer09974@example.com,Muğla,0
9975,Arda Aksoy,customer09975@example.com,Sivas,0
9976,Ahmet Aydın,customer09976@example.com,Nevşehir,0
9977,Serkan Koç,customer09977@example.com,Antalya,0
9978,Ömer Kaya,customer09978@example.com,Niğde,0
9979,Can Kaya,customer09979@example.com,Niğde,0
9980,Berk Öztürk,customer09980@example.com,Siirt,0
9981,Ceren Yılmaz,customer09981@example.com,Muğla,0
9982,Mehmet Çelik,customer09982@example.com,Aksaray,0
9983,Melis Demir,customer09983@example.com,Samsun,0
9984,Eren Yılmaz,customer09984@example.com,Osmaniye,0
9985,Onur Güneş,customer09985@example.com,Bursa,0
9986,Ahmet Aydın,customer09986@example.com,Iğdır,0
9987,Mehmet Güneş,customer09987@example.com,Bursa,0
9988,Yusuf Kaya,customer09988@example.com,Hatay,0
9989,Elif Yılmaz,customer09989@example.com,Çorum,0
9990,Kerem Çelik,customer09990@example.com,Afyonkarahisar,0
9991,Barış Arslan,customer09991@example.com,Malatya,0
9992,Yusuf Aydın,customer09992@example.com,Tekirdağ,0
9993,Seda Aslan,customer09993@example.com,Şırnak,0
9994,Kaan Tekin,customer09994@example.com,Mardin,0
9995,Can Şahin,customer09995@example.com,Bartın,0
9996,Elif Yıldız,customer09996@example.com,Niğde,0
9997,Mehmet Kaya,customer09997@example.com,Osmaniye,0
9998,Ayşe Aksoy,customer09998@example.com,Siirt,0
9999,Mehmet Çelik,customer09999@example.com,Tokat,0
10000,Kerem Polat,customer10000@example.com,Kayseri,0
